participant,activity,trial_id,acc_corr_xy,acc_corr_xz,acc_corr_yz,acc_mag_energy,acc_mag_fft_energy,acc_mag_iqr,acc_mag_max,acc_mag_mean,acc_mag_min,acc_mag_std,acc_x_energy,acc_x_fft_energy,acc_x_iqr,acc_x_max,acc_x_mean,acc_x_median,acc_x_min,acc_x_rms,acc_x_std,acc_y_energy,acc_y_fft_energy,acc_y_iqr,acc_y_max,acc_y_mean,acc_y_median,acc_y_min,acc_y_rms,acc_y_std,acc_z_energy,acc_z_fft_energy,acc_z_iqr,acc_z_max,acc_z_mean,acc_z_median,acc_z_min,acc_z_rms,acc_z_std,duration_s,grav_corr_xy,grav_corr_xz,grav_corr_yz,grav_mag_energy,grav_mag_fft_energy,grav_mag_iqr,grav_mag_max,grav_mag_mean,grav_mag_min,grav_mag_std,grav_x_energy,grav_x_fft_energy,grav_x_iqr,grav_x_max,grav_x_mean,grav_x_median,grav_x_min,grav_x_rms,grav_x_std,grav_y_energy,grav_y_fft_energy,grav_y_iqr,grav_y_max,grav_y_mean,grav_y_median,grav_y_min,grav_y_rms,grav_y_std,grav_z_energy,grav_z_fft_energy,grav_z_iqr,grav_z_max,grav_z_mean,grav_z_median,grav_z_min,grav_z_rms,grav_z_std,gyro_corr_xy,gyro_corr_xz,gyro_corr_yz,gyro_mag_energy,gyro_mag_fft_energy,gyro_mag_iqr,gyro_mag_max,gyro_mag_mean,gyro_mag_min,gyro_mag_std,gyro_x_energy,gyro_x_fft_energy,gyro_x_iqr,gyro_x_max,gyro_x_mean,gyro_x_median,gyro_x_min,gyro_x_rms,gyro_x_std,gyro_y_energy,gyro_y_fft_energy,gyro_y_iqr,gyro_y_max,gyro_y_mean,gyro_y_median,gyro_y_min,gyro_y_rms,gyro_y_std,gyro_z_energy,gyro_z_fft_energy,gyro_z_iqr,gyro_z_max,gyro_z_mean,gyro_z_median,gyro_z_min,gyro_z_rms,gyro_z_std,n_samples
participant_01,run,participant_01_run_001,0.33763918836309587,0.3520146236063196,-0.32643508803571375,119.20741781412696,111101.93001271035,12.5507645996932,73.97000222051066,15.794653015744558,0.8826690707920258,10.918214955482739,121.36222433584608,113110.11210986871,9.572489637382452,23.739997436620712,0.05125005692115036,1.5051571209493098,-43.14946976810764,11.016571649300907,11.01645243877747,107.61036069628071,100293.3170783653,12.2676891451983,30.60356697839857,0.0013228488722597475,0.8768741338171621,-35.38565769818766,10.373541461150568,10.373541376804775,139.70311619584177,130203.90139484119,10.547621582086247,48.696562599697934,0.012335139381249739,0.06923003109646385,-60.506366222285806,11.819613714140804,11.819607277563911,9.353946044921877,-0.6228003589964282,0.32996329866179175,-0.4737122039840494,1.5622119442679854,1455.9882113134934,1.9677746642409566,6.509047093565256,2.6902701783060854,0.40450111006924977,1.2498847723962339,2.1873731917770853,2038.6412527998236,1.8025826689221383,3.0254081510482163,-0.009096686752468726,0.16845781770025675,-4.617632534361403,1.4790050512040036,1.4789770761499603,1.9963074563640852,1860.5670806077876,1.8122704627646748,4.2161969774704815,-0.0059910601345520955,-0.3486838018757898,-2.8695137778819246,1.4129201496070543,1.412907447911605,4.614905884721449,4301.11217418751,3.10417776088448,5.137978119108659,0.03256380163636122,-0.28144872215341143,-6.123627753816573,2.148479994297937,2.1482332007306493,0.2306830723297055,-0.13830657298498988,0.2021669651756648,16.169759647483712,15070.286982692136,3.7193278381319597,27.437371201021456,5.343668394440041,0.21290967631831373,4.021163966749393,8.08879418686972,7538.790845877967,3.2384665317859738,9.11279323374132,0.02423117598627874,0.19797417365494074,-10.973877322428509,2.844183773380229,2.844080552106378,31.265019456333796,29139.131750428172,4.997406506838008,27.43709784814756,-0.030018377858198504,0.38249994626325856,-17.76284837450801,5.591593740548667,5.591513163387331,5.368178855523832,5003.165774163511,2.81273514914706,8.629556468670993,-0.03272316602730494,-0.07062261567879774,-7.305900793964777,2.317164142031954,2.3169330710065474,934.0
participant_01,run,participant_01_run_002,0.19076472869585767,0.20726012653619225,-0.39662881163041713,120.80420041138544,117663.41497548489,13.257278580990599,72.84081040662339,16.972312423940128,1.5213772805053178,10.991096415343895,144.43482425787062,140679.66681366623,12.715037295810166,26.281992407746195,0.028146380822840406,1.4674607697055178,-50.61467721095923,12.018136980273773,12.018104020929034,111.37379865285432,108478.19400037873,11.168692308630305,40.91043824045441,0.03892270178854326,0.3312845127173776,-36.50656533326939,10.5534503187142,10.553378542099885,153.05176222033177,149072.5732179333,12.88873000516303,47.90651901465752,0.029951639241427543,-0.0412622846280667,-60.58203788479421,12.371445320617354,12.371409063656886,9.764885498046874,-0.6673951341542813,0.21413785014172426,-0.5125018037195528,1.804812305503134,1757.889034752988,2.1021721857097617,6.99048551938199,2.635920549232161,0.23192143937088436,1.343433029779726,1.4976659256920293,1458.728146117813,1.2653661462909667,3.818236326363848,-0.008615018161148326,0.022032414502809,-3.519273359060186,1.2238219413909632,1.2237916185740239,2.2711799933963954,2212.1316405967705,1.665436497078255,4.646258817025302,0.014553378889454346,-0.1740752277638221,-2.974182454298429,1.5071137296944435,1.5070434610177623,4.981346721554521,4851.836810632957,3.5901557091966962,5.074020921919197,0.049099769343140184,-0.1291501997399354,-6.634188735709789,2.2324330916970547,2.2318930802246153,0.35453641325779,-0.06997155619596247,0.28353759552588736,14.203726473648182,13834.444138331764,4.0614467534487275,27.921950483052537,5.384929319330166,0.6166529379862973,3.768783155562042,14.091907784313202,13725.532620351161,3.896967163977814,12.591464045742825,0.0026300353269104303,-0.1218931081737134,-10.514749142103977,3.7539199114257915,3.7539189901106287,23.790433954360868,23171.907046992106,4.959329650805476,27.025515715587503,-0.005498087426617596,0.3885743024552589,-22.18499160789684,4.877546943221175,4.877543844432449,5.318439298016512,5180.165325488673,2.5394734505129297,8.50770376656799,0.01928898877787993,0.0140365198094812,-8.81270173396101,2.306254834814354,2.3061741690549984,975.0
participant_01,run,participant_01_run_003,0.19716146528684847,0.24885771084444236,-0.38334033214158686,118.6794398698898,114169.74426628613,12.488687309325153,66.02633953301437,16.5309179624114,1.031370455181275,10.89400935697642,134.5860087435432,129471.88002333084,10.569207884807467,22.70701255155327,0.0008112334686667255,1.2307167403684576,-48.28371457516187,11.601121040728906,11.60112101236528,118.86071077166402,114344.12706183328,13.588195160543243,35.19626624525388,0.026847800654239008,-0.0560939397398917,-33.6765529796192,10.902358991340543,10.902325934022704,138.49835146061514,133235.5577756008,11.561528117910758,45.78454822076445,0.06997221979968161,0.5762448460145462,-52.03968149315355,11.768740271250735,11.768532256004363,9.6443203125,-0.670613107857742,0.3154988221922522,-0.4821368223134512,2.1375435952449617,2056.3191559945276,2.4741178008892977,7.121138791662236,2.669634991059537,0.3711657995775054,1.46203406090452,2.025956396209246,1948.9721547678134,1.5698105911595985,3.1377059361670816,-0.01633781306835827,0.0668682962824697,-4.838702128942399,1.4234547131345987,1.4233609507813703,2.2737874416353385,2187.3858775538606,1.8071685973685507,4.80401379229292,-0.005887636095104089,-0.2940976346333721,-3.342992927285527,1.5079197942510492,1.507908300141404,4.95777674373404,4769.386370394079,3.261160472956478,5.749691988174771,0.08168482577044647,-0.2882285190176165,-6.7742277588282285,2.2281043859063665,2.226606553420258,0.23189549133726453,-0.08357252149651799,0.2749619448625314,13.018976009800967,12524.268426590368,3.86079008921657,26.782517517451875,5.209400514512383,0.2844923600662749,3.60818181495902,9.027541619618056,8684.504402742297,3.549749496804049,11.045377287029178,0.005353523928713966,-0.0207493693544852,-9.50416015289608,3.004591532943623,3.0045867635363863,25.132038314004287,24177.046928651293,4.449622767852487,26.68021606538553,-0.00882315500458027,0.3309533668978778,-17.855299650314617,5.013194207495708,5.013186443172076,5.996956478260311,5769.07835299563,2.646975931541757,7.951870053313661,-0.013667854166253695,-0.0278296849692933,-7.578088693023527,2.4489065495640747,2.4488684077059575,963.0
participant_01,run,participant_01_run_004,0.2485515236066612,0.24789753853367366,-0.4068702055380102,119.11010238035995,124113.26253519508,13.488995141455742,62.84122179938815,14.566804873257817,0.3629446162261488,10.913757482203824,115.96025928525958,120831.03409826246,8.96508744823035,21.414675940510023,0.057751894763157216,1.3131871467584992,-46.5740572722889,10.768639401828269,10.76848453986259,96.37302037849945,100421.05628220412,9.799598946147702,39.16794968353258,-0.008641347128015757,0.16124939327456972,-40.2428768401636,9.816979935366051,9.816976132114178,118.96477929764637,123961.75499993423,9.691822797247745,38.67624885918673,0.020920810055049498,0.4056778617768762,-47.69721628637518,10.907117720916913,10.907097656922595,10.456114990234376,-0.7115292164698718,0.4566083105680943,-0.5555765101153252,1.6514790166684836,1720.8476012561437,1.9776565380489561,6.333446861978033,2.3797124306362605,0.31398611116949693,1.2850988353696706,1.2292910528042569,1280.9261860099239,1.1583701973602911,2.393078812143897,0.009075665666998536,0.0368087692894738,-3.375881470003904,1.1087711308072354,1.1087339864928183,1.7525814693588275,1826.196595973109,1.4768147402786802,3.8083448978142975,-0.004942258904649653,-0.21923406788720534,-3.136914260858235,1.3238602249791735,1.3238509996819232,4.3322429325081355,4514.213930084487,2.761840204870786,5.269833407283645,0.0169711782626147,-0.4190702894176725,-5.902429735435882,2.0814732651177046,2.0814040771815874,0.2610641632738588,-0.11027364085790853,0.34366707304458693,10.385141322605474,10821.35851398184,3.7880213057303527,25.422705628863397,4.511731617681922,0.31607416776892927,3.2225985357480496,8.888915615593714,9262.284093349715,3.00262907296419,9.378169791956845,0.026517735438516696,0.3171607772402064,-10.873340800777026,2.9815463782887064,2.9814284522010106,17.455310111886956,18188.499972072394,4.053757399294806,24.93256096971053,0.02080886006813693,0.25774541815919094,-16.943452504850224,4.178007075214724,4.177955254892871,4.395252902822381,4579.870334044648,2.3238603994090368,7.18205116531552,-0.01576969698601308,0.04424142533571415,-6.887648739643201,2.096545154811938,2.096485846082053,1044.0
participant_01,run,participant_01_run_005,0.19997982180486965,0.1970623674795524,-0.38735806060362726,154.00183583253389,149690.52280973757,14.7837925080475,84.87523766636485,17.21394416083063,0.6869433804862077,12.409747613571112,171.5109144321965,166709.31185368146,10.52651091757909,26.66706955551541,-0.005121041306418679,1.2232885955026411,-62.14822664002795,13.096218563282324,13.096217562036625,121.72404831689279,118316.27392222409,12.303521471785999,50.18691486574788,0.045655787710722824,0.01977503692146545,-37.07565777314755,11.032956664822185,11.03286219966935,157.0806609947953,152683.04632933816,12.601214722426864,41.573190998574965,0.06304748074745727,0.4494636897762244,-62.62097537036053,12.5333409743621,12.533182396933162,9.754238525390624,-0.5715482513293167,0.37134469151913907,-0.5398930578011212,2.2335906178911156,2171.0592855071077,2.317884200934305,6.545907479830884,2.7538798304900705,0.097971675289689,1.4945201965484158,1.644484060982838,1598.4455926844614,1.4705735805666418,2.951569916491204,0.012268021737470223,0.046422971033325905,-4.272332484218181,1.2824330646627096,1.2823743840949249,2.5952079954146083,2522.5528083652043,1.6907933125808454,5.05897951625465,-0.016606666614969803,-0.19575514344804146,-4.334828060924528,1.6110505196270752,1.6109649268108255,5.574875935472641,5418.802411504172,2.984189857835367,6.118909960321667,0.04950213195042538,-0.1376498104521897,-5.542768969139631,2.3616363811010954,2.3611175183528332,0.2449149629459391,-0.01406831094870158,0.3168414673075653,12.748866093000506,12391.999997641324,4.473277767206019,22.117817702050633,5.223035577868431,0.16433806351080613,3.5705554320022124,13.475404379373087,13098.148309481328,3.634049116225401,15.145552134084296,-0.014772842362946237,-0.1377091781301995,-14.564752532514014,3.6709157735154547,3.670886048268604,20.32374147500864,19754.760065781393,4.457166626900012,21.92319618943873,0.0021130493459906342,0.13296456437019816,-18.52415521553559,4.50818654671545,4.508186051507706,6.229418621737663,6055.020454419648,2.9785754286860193,8.731420857071912,0.01340010117555542,-0.07990556808270916,-9.823797185674676,2.495916301571264,2.4958803300113694,974.0
participant_01,run,participant_01_run_006,0.1957847151024055,0.1950607820411709,-0.4248029490451949,157.2077553056308,144945.7205300549,15.821934418247332,79.61749481164671,18.618981256121724,0.9771452368745339,12.538251684570334,207.65269078046367,191456.00563193683,12.653414873447042,26.373012788102045,0.07897440556325074,1.968238993233858,-55.43013470565776,14.410375697295256,14.410159290599937,124.79426167450617,115060.44432261946,10.454044755882137,52.21438635170186,0.012614435966126504,0.83160736070843,-36.909633743415895,11.171142322900595,11.171135200797911,171.4198685634695,158049.30433485715,14.21396017559123,45.69731041265506,0.03164209656302584,-0.1832078999960251,-63.62031684448418,13.092779299512552,13.092741063790633,9.242886474609374,-0.7199529549186363,0.31791567061127024,-0.5278403900648917,2.2595047540901736,2083.265828622606,2.385072289550346,7.4145174475837745,2.7197106845821986,0.41091720258446374,1.5031649124730704,1.363797391472943,1257.4226709092568,1.5085544926156729,3.393902671670934,-0.02478561980036187,0.0166672076605878,-2.9896871366325417,1.168080356149281,1.1678173622073544,3.1242518420485226,2880.563579593677,1.9165460410125794,5.59518624162585,0.014858215067281489,-0.1269861193426486,-3.804737518161177,1.7676177778590902,1.7675553292750195,5.164375145732777,4761.559473516212,3.1976651811198677,5.3965710038456285,0.055421017336653666,-0.1485085606359038,-6.96401829119368,2.273201846492169,2.272526159526613,0.4414333630531133,-0.008399555559645645,0.3704718270616162,14.226111285695318,13116.490001635419,4.540575213575053,23.91795401089514,5.407337036062493,0.17732440948989006,3.7717517529253324,16.108040063892027,14851.63037185224,3.688773072499672,11.87032949349596,-0.04400976416175331,-0.2953910627012056,-13.521502939177338,4.013723573346027,4.013482286480411,20.35423025358088,18766.62232218929,4.38891202690819,22.05802469488688,0.05089887176081959,0.3151115297957018,-19.677881149873382,4.511853382893487,4.511566274984872,6.998235905066325,6452.381078319535,2.931745463021263,9.964511240970058,0.019269931008879373,-0.0637027450239226,-10.07426467264978,2.6454880901843825,2.6454179074517365,923.0
participant_01,run,participant_01_run_007,0.2433601157635078,0.14029017470503824,-0.4034263264569468,146.618361179467,161573.56682625925,13.689676625500272,71.38158899692687,16.991789950447547,0.594323734430549,12.108606904985685,162.41950049554723,178986.43666520584,10.38333872870438,27.76064009259331,0.004144548983521685,1.4871608789457684,-67.08202165829096,12.744391616426165,12.74439094251064,121.39288956634525,133775.07425944,12.417584759366227,44.22839465981467,0.009197801238067845,0.1165377999512846,-36.519290594852606,11.017847982518767,11.017844143313393,151.52581424945262,166981.58455454014,11.613210462285776,49.78362016010538,0.03131790890515275,-0.0272698391725422,-50.75456587220712,12.309622051910075,12.309582212628202,11.0473193359375,-0.6245667582379207,0.29201370569942764,-0.4988902474078029,2.034442597532667,2241.957585273208,2.4282695521213533,6.766877058177824,2.7467574912825636,0.1607912931328797,1.4263388789248743,1.922155948162984,2118.2175959588953,1.5078466539570432,3.374276006646981,-0.04220831065732379,-0.0458684204368827,-4.820700114491994,1.3870607375495598,1.38641838856926,2.8741664085551806,3167.3339856394114,1.9967993597838167,5.198229372055813,0.02348335503140099,-0.2406547102100002,-3.679413282196282,1.6954993000643532,1.695336665254185,4.77923798027811,5266.724583286388,2.970368588141284,5.365020082347101,0.03501381157769879,-0.1375240184825384,-6.387823491315088,2.1864272106062232,2.1861468341074692,0.32500615764189217,-0.06979623852538275,0.22795709250908738,16.507133044259877,18190.875566887647,4.673633359911338,28.22339622057605,5.551265900078386,0.13037154614988425,4.062897124498709,12.232189276309478,13479.883662374636,3.4861795891035756,12.861588079278588,-0.03692509471430843,0.146360370267853,-12.549376849611392,3.497649602079822,3.497454685383283,28.13999933313506,31010.30475424467,4.7542967417557715,27.395455370524967,0.011756269982205206,0.0479532813720693,-18.004038761140322,5.304727848157618,5.304714821094067,6.949587748670713,7658.4519939515685,2.8482227127472104,9.057790735056685,-0.020201658698294964,-0.1860875720754801,-9.450392274765736,2.636284479278531,2.6362070762120933,1103.0
participant_01,run,participant_01_run_008,0.2947545754685031,0.2486116044520628,-0.26990715769191403,142.19901389559305,155281.45315480456,16.831286456017466,56.5286134592111,14.71331823917722,0.07200247207178243,11.924722801624911,112.28614069213984,122616.56827397078,8.104965881737431,29.43261703612915,-0.00043020403005338226,0.546031291109855,-44.09487811082081,10.596515506392437,10.596515497659588,125.27594453031584,136801.44593893705,9.365163779781732,31.39582259280921,0.04342342161545346,0.6454266101124453,-46.03731214500245,11.192757931978187,11.192673698911973,121.11616904669559,132258.96730846955,9.862968371523435,47.08483826708351,-0.02464660476649112,-0.1453179576409383,-46.72144913766374,11.005306742741073,11.00527914442408,10.947013916015624,-0.7469107113214651,0.3629468086789999,-0.46488232005240276,2.2740026573635297,2483.2129804540054,2.485638840110485,6.705023636320596,2.4379350618901015,0.07135904136722225,1.5079796607923894,2.061374365061323,2251.02269090141,1.7751016098996133,3.455386281902813,-0.03747119800852563,0.0185501642642674,-3.8156323086325017,1.436237604208133,1.4357487123662425,1.6025611105039579,1749.9981975342237,1.2763523989354595,3.843556741862215,0.01915729907965955,-0.081206662624667,-3.1399116912972764,1.2660679731404572,1.2659230270849637,4.54952731736557,4968.087989180489,2.2775827983401666,6.1757185613542775,0.047918030401421785,0.0226993940638606,-6.29085559061493,2.133500282400525,2.1329620993739127,0.32650946701052563,-0.08962760390897323,0.23024903037311178,18.29865882677146,19982.152165213596,4.924106180360263,33.65783648500968,5.16383083064825,0.22400646289927867,4.277693166505922,10.123249438370875,11054.597640128259,2.8281961392068355,12.9614723241094,-0.015032475192725318,-0.008030450425769,-10.126019176382806,3.181740940692893,3.1817054292267337,28.996043002814933,31663.70546368357,4.626587637078126,33.374024882718096,0.01756030540067063,0.2319333174123528,-23.76406555912963,5.384826029421999,5.384797396635729,5.843976138361931,6381.6272849341285,2.332682489880116,9.206541478049598,0.002180628563168288,0.0853102043184511,-7.477149363096248,2.417432707130203,2.417431723619497,1093.0
participant_01,run,participant_01_run_009,0.26752558675840016,0.2136946909111217,-0.3398707596463653,152.12241781302757,140865.52281988275,15.475561025594178,75.79763622112662,17.509920894887692,0.5974374732780426,12.333791704623017,170.71928475266532,158086.24164571456,10.747024809617379,28.329990328600005,0.06367825907272028,1.2566692918366396,-56.95101922515392,13.066114176500365,13.065959006236982,126.44646667964972,117089.56440232403,11.887044696396766,45.07728969799755,0.02950174610886112,0.6076861060778809,-39.19541184319153,11.244880481031055,11.24484178099673,161.54896182816637,149594.51273581505,12.63857951529058,42.07522476740468,-0.010441459129952396,-0.3471523670571023,-66.64808968037103,12.710195547364135,12.71019125852032,9.282831054687499,-0.5068749504041199,0.07616138710963814,-0.39005746651066764,1.9957852353015044,1848.0992785198346,2.0565728470834324,7.0414216575477635,3.047442441269018,0.20505150438826947,1.412722632119095,2.489265849841149,2305.0628593514493,1.7445681952775955,3.460565897383543,-0.059981659357502,0.0510110678636346,-4.940902770993022,1.5788805050732713,1.5777407422771172,2.89713469366062,2682.74984824212,1.8553805155615306,5.322436293964201,0.013392848952527773,-0.3214642562653634,-2.870772403331984,1.7021498353739855,1.7020971457765328,5.885692706136122,5450.157788223327,3.741605459033459,5.989993973918474,0.082584808826689,-0.017026910126292,-6.536514517342892,2.4274498875950172,2.4260446628485886,0.29876184978015424,-0.1515972990992906,0.24344386890182282,19.54415448624237,18097.908114771733,4.713598695360137,28.977515650523536,5.780113628375673,0.39578695178721335,4.420877117297242,14.287748560673467,13230.470563464407,3.7757250692947815,13.66225322306056,0.0009397577561650805,-0.0010839840080887,-14.342692341032048,3.779913946615466,3.7799138297947303,31.391965617294336,29068.993989163704,4.762355214876219,28.488270840849843,-0.03901604960057486,0.3251229322628056,-22.607438484286288,5.602989190550056,5.602853346045596,7.2725855094927265,6734.422018628099,2.9474285424213233,10.568893573357862,0.006724614855703435,0.081407915707207,-8.136746438926941,2.6967815502813135,2.6967731661177448,927.0
participant_01,run,participant_01_run_010,0.20612266753877084,0.09728333925074051,-0.42771537069144316,153.66808147101892,159200.74756883428,16.478568908567656,71.75422283611258,17.794624341871106,0.6226415021392003,12.396293053611588,187.28243377343134,194025.3218786574,12.784885568968487,34.87570077672141,0.012963542079209661,1.4541294706278922,-51.0219190459149,13.685123376384102,13.68511723637877,127.99661206472841,132604.982709172,11.430237899609017,52.72946616673675,0.020923444245144657,0.0473918117728718,-37.293082623528605,11.313578119023507,11.313558770993698,155.03605418828477,160617.94898022758,11.298751200002144,49.15519135352916,0.032110262282061514,-0.8297597325593382,-55.65638985933567,12.451388888683406,12.451347484842143,10.395605224609376,-0.517841605283896,0.20424006803874717,-0.5582844438719916,2.2375521543812793,2318.11265929231,2.296276606451661,6.96840989237472,2.758005158573047,0.41011486690680665,1.4958449633505737,1.5327662628654406,1587.951921068248,1.3491816611222855,3.57409920587955,-0.033923609537229636,-0.021069898118313647,-4.839857052800106,1.2385140589228187,1.238049378201629,2.984070649385725,3091.5086701142286,2.2655500265558453,5.548408822005966,0.014969446862601703,-0.1603824333218305,-3.65610566203438,1.7275111385241768,1.7274462797394672,5.323723778975563,5515.398316571985,2.940914219196409,5.631209906893949,0.04700023666622714,0.037595056267096555,-6.353622010859628,2.3077982583454397,2.307319609194956,0.3678736360535985,-0.09749818644737375,0.23148060689488106,16.031489132984653,16608.77230715017,4.753552752492126,22.11398519230325,5.774852010729428,0.19891919102716638,4.0039342068751145,18.83547415289573,19513.623755085522,4.375113253239072,13.833166867581635,-0.004432493908455409,0.2279752853280806,-14.736895331533018,4.339987764947959,4.339985501461466,23.216594966071256,24052.481714095808,4.782184011089027,19.69344063215405,0.024125893183027727,0.14763358924290976,-17.421965718585408,4.81842059442647,4.8183601947209445,7.327701669520587,7591.527115301242,2.9641452756534683,10.154421646780316,0.005690746758911356,0.0009289833725221,-10.356322443969733,2.7069787686864597,2.7069727869929885,1038.0
participant_01,run,participant_01_run_011,0.2440504980508989,0.21580575216734207,-0.3688138691636751,152.5391208614445,143692.0134395325,15.01244934473933,75.19303205224122,17.670570453356486,0.36595779003094947,12.350672891038954,162.40300813842347,152983.80570347983,11.008876211681013,25.70456274379487,0.04128097894574585,1.0417736916049334,-69.13814185162889,12.743810743166511,12.743743882330007,133.7098679373999,125954.83723883999,12.48455383245895,46.617866958425,0.04926754391874375,0.6356538853740332,-37.84097273712817,11.563403271886859,11.563298315679653,168.67117351370032,158888.4241269963,11.804568525046362,48.93336065959154,-9.407187438215998e-05,0.0466498092868485,-53.30902596184301,12.987346669837912,12.987346669497212,9.443265869140625,-0.5652526062285336,0.19917874562396826,-0.503737495015576,2.1017304577381375,1979.8323175987086,2.1518460058575593,7.101101263886099,2.8094883079554034,0.32789689163567537,1.4497346163136677,1.6788586890489128,1581.4866635360772,1.4385274632341,3.198261601257036,-0.016158873538384525,0.0884439218870756,-4.743643764375629,1.2958085499960796,1.295707794623816,2.45829814572444,2315.7194574018145,1.7779330046314503,4.743469042914156,-0.001976017673819878,-0.2505582054297152,-3.964473308859282,1.5678973341294662,1.5678960889435372,5.852844525159007,5513.385742746952,3.589202074433326,6.246118137075492,0.06847361903695158,-0.2797954142221013,-6.595512436615772,2.4202341129863916,2.4192652862303063,0.24415741616930417,0.026663809579943357,0.2665166231691188,18.80741194329667,17716.601973691337,4.803308005012605,25.189491329664165,5.946550380098348,0.0661444007669273,4.336751312134081,14.894611874254085,14030.740163737899,4.050560376629554,11.288789782207662,0.0014782416321755842,0.0695273889848702,-13.392925399290966,3.859354098738857,3.859353815634696,32.48727671256008,30603.049077719643,5.01066539127321,23.37598057523025,-0.008250288124989904,0.2566677869747747,-19.60493132440429,5.6997670811897425,5.699761110130852,6.786386853979637,6392.783605417943,3.0121231387896774,8.699447730126282,-0.02297113619733838,0.1053463968374195,-10.11693580426885,2.605170728969185,2.605069452813041,943.0
participant_01,run,participant_01_run_012,0.2092472588846046,0.10967161820238464,-0.491953323450558,173.584320497131,171154.84514669352,15.540237231051027,77.67077593804781,17.542499124156095,0.3489379906010311,13.175140245823988,193.14668500615235,190443.41188240523,11.836128107713034,25.238349353741253,-0.04094660999052502,1.6380910800950361,-58.50461209689071,13.897782615619732,13.897722295619248,102.14054316500332,100710.98830140213,9.505684091798393,47.27806376134858,-0.01898571462578141,0.1610642104904496,-37.69915443176162,10.106478299702779,10.10646046670165,186.03118875327965,183427.5038476603,12.46431323060581,49.319494083295226,0.056053648261903226,0.0804214257123919,-65.34759044386358,13.639440265816011,13.639325084229045,9.894269775390624,-0.3693407223082918,0.14359854822016913,-0.4920344593995882,1.7001447048240332,1676.3495534401497,1.9483699376117793,6.1040545170066425,2.6930465577394114,0.1914564682014792,1.3038959716265839,1.1975475793558128,1180.7867527888636,1.240259885908281,3.385526122514626,-0.06956384764117145,0.08602041437291524,-4.542905527044381,1.0965339521667612,1.094325170758588,2.696469205134752,2658.72957873487,1.895713143293858,4.595939068111747,-0.0359290364515677,-0.13262419926538843,-4.014748793180564,1.6424859514757166,1.6420929343781832,5.052485759325926,4981.771483251474,3.3352109792813343,5.650029918069633,0.00344943483125964,-0.1510430678643288,-5.721324994039961,2.247776158323284,2.247773511572268,0.40615078912442953,-0.10957414832751561,0.35871895368002693,13.046688403358843,12864.092163938849,4.454716227177636,24.727792875849026,5.172949384883443,0.3337307976049929,3.612019989335447,18.21985512073586,17964.85076622916,3.9538816025276033,14.897850994720716,0.02749178141605471,-0.046046400057483755,-14.869126741500162,4.268560754959602,4.268472223259261,15.213157455066721,15000.234744262005,3.9576512202629353,13.091657977710854,-0.06897032091640606,0.3211672815984946,-24.397476264982146,3.901014529610731,3.9004047809255287,6.362545120836253,6273.4952972071715,2.6739153440785657,8.61150471253441,-0.07087553931545061,0.00587547732041535,-9.048311285929136,2.523404141811119,2.522408595140021,988.0
participant_01,run,participant_01_run_013,0.2751358853264575,0.35245195445472893,-0.2658111636583502,128.70097189234625,118405.03372986517,13.786364552042173,64.42598194368544,17.099144627748295,0.8870339831110614,11.344645075644555,119.89344338400846,110302.09794956041,10.36024760580576,24.93100414919869,0.011177594822803758,1.2698692130259208,-47.30923605194933,10.949592153255503,10.949586448081428,140.95793729338575,129681.45519271021,14.791371627323894,30.798215784454847,0.011290596835953355,1.3076110042348166,-44.63325524020087,11.872576164041343,11.872570795467414,160.22943791267613,147411.25666430182,12.638728582650387,44.50836124098409,0.025453619123240734,0.4996171043686509,-52.3883161081422,12.65820231310128,12.65817672149809,9.222657714843749,-0.606349216451923,0.26912661882573297,-0.5052928354555166,2.493857987787674,2294.352053599788,2.4440476969163925,7.137803313063272,2.8986139858414885,0.3988614728996114,1.5791953608682094,2.3626202903701583,2173.613229635437,1.872743441318373,3.320606090288443,-0.032338525092993974,0.1475981228830632,-4.299013817439271,1.5374218908859558,1.5370817448561929,1.61623772849707,1486.9404631866416,1.5438478552930803,3.903683827492909,0.016529193183055953,-0.2892071053124302,-3.0489947560626147,1.2714208362003325,1.271313387209098,6.912819295969384,6359.801249926644,3.5560765542391723,6.854570316777859,0.05314807084428521,-0.2958796353033756,-6.728447122481311,2.629761208437727,2.6292240862979677,0.16653337823263656,-0.15080198635957057,0.3252828289798746,15.348566256205544,14120.697602744085,3.88257515358636,29.305537517654667,5.6929547574882875,0.4656092740623202,3.9177246274088158,9.400278337058053,8648.266265623059,3.5200204715352523,10.699640216532558,0.009990988906040868,0.0045410360234204,-11.440770035673488,3.0660036133242525,3.0659873347843516,32.06873968047756,29503.27528775268,5.794382862389668,28.759458250377115,0.025635855883167063,0.0247769356011388,-17.094815461492004,5.662984802874226,5.66292677689528,6.288253177569857,5785.199743595482,3.2206639661950915,8.259400800492633,-0.016489843614317327,0.0521906232713804,-7.958063340876241,2.507693181494156,2.5076389647574584,921.0
participant_01,run,participant_01_run_014,0.18893845825122144,0.16751944489725526,-0.3115153737088482,146.40158625209608,147866.20578410488,15.676566196445727,70.93271703988748,17.00748007398893,0.3839245641850291,12.099652319471666,157.3442519748923,158918.3153572097,9.636610323468684,27.155171712581826,0.03602911550849999,0.7225333645876866,-59.584701852177815,12.543745456284444,12.543693713372162,124.72845020339305,125976.22724722742,11.51657427535891,43.03306308940205,0.03826822550782555,0.640817414595551,-39.17325653575333,11.168254772366028,11.16818920879267,153.58043165105354,155116.84192022227,12.327174047652269,38.9180937142192,0.00826653735878612,0.030241644815228452,-59.03653497897691,12.392759982614585,12.392757225535146,10.13496533203125,-0.4063042893044558,0.2665610626614927,-0.5069455453494827,2.476336705337888,2501.1098559862385,2.6112474538713895,7.040279999411845,2.856764842001516,0.26757705939681414,1.5736380477536402,2.052710655216243,2073.2461395775085,1.377762908979395,5.4839614963711645,-0.018178482935258953,0.0533910549972206,-4.110486265029091,1.4328437152941944,1.43272839548054,2.357678295070235,2381.264398383705,1.697076203101414,5.466938759956485,-0.0005741604610983092,-0.0646638956062979,-3.5622286308918314,1.5354734203920528,1.535473313043973,6.222992446569545,6285.246988096241,3.4122551496230433,7.008337484865399,0.06107277687930799,-0.0449586880475084,-5.88380625523815,2.4953401232387735,2.4945926414085218,0.22986907732234843,-0.007187166136891923,0.25566634641302916,17.875358157781157,18054.207076623872,4.9761503007984516,23.64956206671568,5.547297513474969,0.16284569584302444,4.2279259877369135,17.641377766285768,17817.86121831989,3.672360481192424,15.514830275878923,0.008311427770283177,0.12910463679856432,-13.379728275118818,4.200172240053656,4.200164016593372,24.194643125783934,24436.685139271845,4.527996085162491,22.07797118646457,-0.015924623470497005,0.02571482153431045,-22.31802530691496,4.918830828501486,4.9188050505975465,6.810752941231695,6878.887364400272,2.711607322111116,10.208331465053291,0.02777326090109005,0.00830955007682675,-8.509000664787575,2.609889709403977,2.6097419300060487,1012.0
participant_01,run,participant_01_run_015,0.19597320401065788,0.2777524793420338,-0.3244243551547885,146.7121118347757,159036.47220024272,15.673852919776511,68.96268280245718,15.549240045249013,0.17945258053810959,12.112477526698479,125.73923678331553,136301.79496055475,8.934116952697488,30.48052636843395,-0.009089951301462946,0.36330785873271254,-53.48683685237833,11.213354511943793,11.21335082762131,122.34993798764992,132627.7827491688,9.46360382466774,37.99399685028851,-0.05944558664473218,0.5037856379659629,-43.21843443717211,11.061350359039418,11.061190622516634,140.39815506230462,152192.11643471595,9.72817470149424,48.61373118790903,0.00561972374214787,0.0898716512019694,-49.615544872900415,11.848974075572938,11.848972742913396,10.8768173828125,-0.5381495255812098,0.1570787607851302,-0.36406024212558874,2.123786656423015,2302.1925468046034,2.3473507206081132,6.5977460153309835,2.6587893203768775,0.3291132750952316,1.4573217408736532,1.8514779364204241,2007.0089995036353,1.3559782336068995,3.675029112490528,0.0014722047546985018,0.09720190097718726,-5.205893765593357,1.3606910390706863,1.360690242641735,1.9686275653315672,2133.9995434405128,1.5732725329885748,4.375123691673903,0.00024068839457898678,-0.20879671013122636,-3.4898159598287792,1.4030779106173934,1.4030778899731715,5.37283774138743,5824.175902418488,2.9080199678593095,6.572094437012572,-0.0013557713621496904,-0.18152813285572705,-5.332567555815323,2.317938648779,2.3179382522809857,0.16102216536888506,0.02435935267874707,0.21014676372747945,15.886419939345352,17220.946370383273,4.062397019765894,31.03318876464149,5.121471676970921,0.1882005418440452,3.9857772064360737,10.337033572743163,11205.382404106904,3.216241014712618,13.093582894303664,-0.016501207832296767,-0.10504198846807974,-10.378030678901588,3.215168092433596,3.2151257475786483,25.761022289175504,27925.042914401893,4.37170075486979,29.83067187658073,-0.018076174036846124,0.0791870439164379,-16.893464748266457,5.0755639132261265,5.075531724772834,6.017036410539418,6522.489591960692,2.4201421781355386,10.390815241691174,0.014169226332801954,0.0947922501056716,-8.973398259377069,2.453005743473563,2.4529648204854912,1086.0
participant_01,run,participant_01_run_016,0.20502321929330908,0.37205083127352284,-0.19324512453722814,143.2468468525176,132360.7042718997,16.186120735759737,65.6830890579388,16.485987611824516,0.3206381111232974,11.968577478235147,111.4684847249223,102997.36037426417,8.023892509839975,27.910061684524845,0.03629691150757294,0.39005539653313226,-46.81457081153194,10.557926036429091,10.557863643982257,132.94778164540958,122844.32410789415,11.61041196965433,30.44257035961982,0.019496241331994527,0.9401800931746882,-40.41745607324117,11.53031490241423,11.530298419616448,170.61629418341133,157650.19124765295,11.695085895325654,53.43076565109508,-0.01939759765350387,0.1649027864689726,-55.36439355148837,13.062031635630273,13.062017232549165,9.272799560546877,-0.6628349212648604,0.18780330900679837,-0.3378703837851147,2.1792645645493565,2013.6499093412915,2.2412342951988826,7.136355794847811,2.8859586076728156,0.30751206567558914,1.4762332351459089,2.7741455578334415,2563.32251971634,2.116255474154793,3.601569990917194,-0.08331554072933828,0.157579028193882,-5.332529871335941,1.6676591489751327,1.6655766442386977,1.377239344465855,1272.5751260161553,1.6131032647329033,3.1547152726237044,0.015724730124564917,-0.194274211289919,-2.418354592141556,1.1736637557679563,1.17355841118619,6.346885113161095,5864.549261908272,3.234182633178035,7.102461078020907,0.05062497234833938,-0.3662259317969706,-6.141036554010116,2.519811104227133,2.519302505290124,0.16926164845973113,-0.007973716889671937,0.2464778782967273,19.913747273104654,18400.468326205457,4.393272324742855,30.00250131085907,5.980406952248026,0.2842614716139454,4.462482187427156,13.023930360244764,12034.167801645144,3.6807018000492246,14.911855167430335,-0.005189699613555423,-0.073804356262771,-12.351825239851188,3.608872025055314,3.60886829355752,35.966484736531214,33233.18693833472,5.662385033275804,29.87291318416421,0.018958864862368953,0.04976934092199441,-22.17437193231476,5.9972363781235165,5.997206411032658,6.686993299370967,6178.811088145006,3.064642967110237,9.009395878047972,0.03492592039283795,0.18355615702279665,-7.7578368110634,2.58615798420867,2.5859221371439176,926.0
participant_01,run,participant_01_run_017,0.3109236994420289,0.34749474354165455,-0.2569050392997708,149.7296963992275,139248.7783054623,14.766939086250243,98.55130365165459,16.736286047875417,0.3896341838906068,12.236408639761402,126.57213103371954,117712.2176683667,9.572515002690343,27.34065544625677,0.07481868526834888,1.008010691184429,-48.16460699142539,11.250676818280082,11.250428037800141,128.99861486531688,119968.85023527569,11.229573134102282,29.8888879951438,0.05423535257287599,0.9508231029648186,-40.19794521632985,11.357885205388614,11.357755714282504,174.25160049157356,162054.1754224,12.908971485545072,44.96856542404352,-0.04562209763788807,0.0340395915058896,-82.57356092194784,13.200518242378458,13.200439405246083,9.322956054687502,-0.5584201690958366,0.19036253225813238,-0.45250386065206,2.373449426018903,2207.3105128171355,2.494814377330604,7.324073825046209,2.8610266754724174,0.096873479799854,1.5406003459751991,2.0070433178461173,1866.5524390768437,1.5360412094532991,3.741640448534712,-0.04729603168362078,0.1474350819376236,-4.647332713296548,1.4174908227072,1.4167015627315858,1.5771254950031446,1466.7284025476615,1.5741472887429524,3.603671436392752,-0.024715316106011537,-0.2720751281675632,-3.077108624376868,1.2560797513905573,1.2558365717732323,6.96088719684526,6473.632561829178,3.5297184858332757,6.560405851363487,0.10497281850983316,-0.0787446656251486,-6.8855535650164,2.640436798992007,2.6383493318446782,0.1780989846717707,-0.033240611255206186,0.26148348336880106,15.834172133226085,14725.797073355337,4.188196174865868,27.757752004685422,5.431471970365524,0.16370607485119673,3.979217527759206,9.929112793562792,9234.085551567896,3.6909500119114367,13.014498960541124,0.015430432701875866,-0.1344663525971782,-10.533213924805194,3.151087255506607,3.151049474946846,29.718796970772797,27638.513069939916,5.185150644897103,27.70908043957655,-0.05787103558864029,-0.1644614460989713,-19.703118755374646,5.4518020899087025,5.451494929904347,5.683231733581848,5285.411610119245,2.615830651605725,8.134923225358317,0.01820014179994683,0.1410930390961549,-7.173028996830789,2.384022436711405,2.3839529637939267,931.0
participant_01,run,participant_01_run_018,0.21031041971805225,0.41446079364924715,0.00852216764467531,147.14248220929383,140962.65122992249,15.434962054188713,71.96738233952277,15.821320017797024,0.5946554840412333,12.130230097128983,156.95538523623523,150363.4225515063,9.909974002188251,26.62921037770292,-0.03493489044729228,0.9492054382984934,-63.286569142479664,12.52823234470074,12.528183636754182,172.2715852658369,165036.35813423977,12.232984512144348,28.210654640450997,-0.055298027365215975,1.7156459946533391,-58.98416604085023,13.125343543605531,13.125227055782194,68.22506051752343,65359.67904355881,7.244045743277129,29.128107343546567,-0.018438460945862295,-0.2751390212251811,-29.953017619662635,8.25986685693937,8.259846276870014,9.606180908203125,-0.755046308559657,0.4312711481410683,-0.3739363494908499,2.6762154735367956,2563.8172113727023,2.692064787782199,6.6537178424604075,2.704986991852076,0.09358074010429189,1.6359142622817358,5.819121692689785,5574.724643181909,2.704844619111527,6.280865791191278,-0.0027518415576415715,-0.1466253609758586,-5.808773551308465,2.41228714404437,2.4122855744479725,0.8563556477132653,820.3896025464413,1.0613842579563242,3.07466974857184,0.0030204325776421455,-0.1245762690171131,-1.8184047376426653,0.9253997896726698,0.9253948604316242,3.3173132675600137,3177.9895658571463,2.1846759316373268,5.3718714111155945,-0.019047204985441185,0.1319711299192749,-5.998944636295038,1.821448891288957,1.8213492986135345,0.2748773199709875,-0.35220070741128107,0.101418437878702,20.453911145322287,19594.8681833762,5.796597027725976,25.489480843204767,5.802273987330801,0.10428064608995317,4.522600042599643,8.418817561592435,8065.235993607177,2.8919959915584297,12.662729200327576,0.02601862949664944,0.1928408203828779,-10.349699153505457,2.901636526285351,2.901519870962878,33.39874400425505,31996.03154643468,5.395576561251311,21.96654914916208,0.009538522953159765,-0.0745759816949853,-24.702337434674234,5.779172517556053,5.779164645885688,12.300899108530583,11784.274159408871,2.9920037113013516,16.701482491628155,0.03264877484490073,0.0536359814377821,-8.462434775978492,3.507415722584002,3.5072637637523902,959.0
participant_01,run,participant_01_run_019,0.24628688485426936,0.18455247418047405,-0.35848240208499765,125.65349345115352,123391.8582656724,14.421933733035077,63.35263788375401,16.898180397042463,0.596423111741944,11.20952690576875,165.28014333199425,162305.26871964367,11.195360870221794,31.82713275242104,0.050679368085787484,1.278957251065662,-52.35042105818504,12.85623240807134,12.856132518451817,118.37831900870644,116247.62956971946,11.376482017548827,39.63790766615944,-0.047649096973946814,0.8166000619588485,-37.8559852026182,10.880284437695039,10.880180100012428,127.53793819393329,125242.38491816826,11.812745231516832,37.43441122764688,0.027473855165415,-0.1264028144412665,-43.74350734196825,11.293303015798829,11.29326959715092,9.84587060546875,-0.6612028232236868,0.307898133022613,-0.5023231620978654,1.8434175174704963,1810.237875547813,2.2353314877467447,6.106748582640564,2.632324670958989,0.2375572851232605,1.357725125889072,1.5181555493804288,1490.8302923325869,1.5426969333153058,2.717899717931824,-0.029637949333084355,-0.0225764767973342,-3.7599650349308233,1.2324909563242643,1.2321345500311356,2.472182925457489,2427.686145180276,1.9330697348375145,4.401006487819778,0.010242784532987922,-0.1095379887676164,-3.889395376480176,1.5723510549786515,1.5723176922802493,4.781228833449627,4695.171573419924,2.7552501220101795,5.636055299682932,0.00024463573080952546,-0.1622695266651706,-5.84704316701654,2.1866021342018915,2.1866021205170427,0.28417545641567793,0.001988486740248862,0.16618070203559057,17.587979235945166,17271.41348366079,5.423616337089305,24.36478425215705,5.7685225266549605,0.23067239231248848,4.1938024793670445,17.216180279138534,16906.306530232207,3.3878173474228497,14.901552707993654,-0.0018039479573240679,-0.0174635810527488,-15.520532314449277,4.1492389101336125,4.149238517985985,26.40783256313462,25932.51841422641,4.614582361890958,22.19786202806925,0.03842717784688218,0.3481117765599522,-18.51446299644855,5.138998852999667,5.138855180206446,7.2378766464147475,7107.602222344979,2.9925905142293834,9.26227884723516,0.02149384929418987,0.2106943730055565,-7.481356553399267,2.6904160704196345,2.6903302114080248,983.0
participant_01,run,participant_01_run_020,0.17299638597596972,0.19182127939573287,-0.3795354783843561,150.19979876722965,156207.93486359905,15.355016406642328,79.64261669659582,17.090585611686947,0.29477079670593875,12.255602750058017,162.60348089193357,169107.77617701679,10.445236183877018,24.851925559861847,0.02639236367733081,0.7953195825719135,-60.65359537944338,12.75163430501338,12.751606992529748,117.80901873987641,122521.49254995011,11.682266512404254,48.0530965092819,0.05615152166431751,0.1394777777819743,-40.06734379600484,10.854131551315453,10.853986306416477,161.87012761312627,168345.08806326325,12.537788138745366,45.292768842906334,0.037927858476933154,0.1036090412000944,-59.26714467642628,12.722875702276388,12.722819169237857,10.427010253906252,-0.5932865535588515,0.30894286351175615,-0.43248930706179745,2.032370033845208,2113.666785650104,2.2278593649740497,6.734743506640154,2.664102002820278,0.21838901318992035,1.425612161089126,1.6143058169961184,1678.8795989137911,1.33321911785558,3.3853717093159266,-0.03468003368088868,-0.0859744117037153,-3.874592880480367,1.2710265621662775,1.2705533507083118,2.8253681053019943,2938.3855409997796,2.0699477792505974,4.929177259394715,-0.003349076547979244,-0.1066186836259784,-4.462780511331742,1.68088646898466,1.6808831325532405,4.686698254889746,4874.170682876367,2.815638859669015,5.789210814027796,0.047153123316864366,-0.1697367118674226,-6.387090780760875,2.165391805638943,2.164878346441145,0.3698743921619871,0.025743581576464947,0.2803712511614136,15.852539349197267,16486.656136734586,4.632999120554407,23.372817941161106,5.553753034528234,0.2588008269171453,3.9815247518001526,17.171829000868836,17858.71864058593,4.1105720356300495,14.740869014285256,0.01902109345013388,0.1373557616169405,-12.224785887726924,4.14393421797027,4.1438905633316185,22.49632794581085,23396.20265320945,4.316293629584493,19.25385047600195,0.001394546758887347,0.1658038935843415,-21.896547398597065,4.743029610973508,4.74302940596101,7.027878423468855,7309.00030501262,2.7735175056918737,9.520233802577604,0.01769182928919518,0.235821294979267,-9.81517808153712,2.6510736361505414,2.651014602651003,1041.0
participant_01,run,participant_01_run_021,0.14810681982636797,0.24471860570975482,-0.41704855138422003,215.9135052698628,203391.8663663307,18.242534613081144,88.23708429755534,18.989035716817813,0.11908156435850487,14.69399555158034,249.11711446663222,234669.37622932525,12.9209748755948,32.38090090200939,0.05463527125303373,1.665182447812528,-73.81267751371249,15.783538876927985,15.7834443156946,125.35011307482384,118080.33676140252,12.0119230267902,46.31237519504533,-0.009389897696714871,0.4553776548801547,-39.598933818836485,11.195990409293973,11.195986471714935,202.01911332479727,190302.85900972813,12.134475559835792,48.56591616058084,0.08699813301813515,-0.0863175244717991,-74.14009477166917,14.21360904203946,14.2133427920668,9.45403564453125,-0.6781309219495002,0.3916354049855528,-0.6010933471133886,2.456231391955869,2313.7806770081997,2.441081454274421,7.393735770150902,2.856974326278014,0.28106677251110496,1.5672368653001592,1.329888618671526,1252.7607629047952,1.4037919012467972,4.120843704925326,0.028710135932809633,-0.0121953341339694,-3.6406770188840416,1.1535652953243722,1.1532079685258536,4.0452188205743225,3810.6132416751584,2.421330670644106,7.107957028016281,0.006952906358576637,-0.1502265088933875,-4.147964034769992,2.011284953327388,2.011272935375585,5.2425499727972396,4938.5046220612185,3.197535534884482,6.143805795252182,0.0019147094771771633,-0.0603419509323471,-5.8133044005746495,2.2896623416804545,2.289661541101051,0.3809265147518209,-0.07012477998055376,0.20863917462919818,16.527738478321446,15569.201284406525,5.757214153596057,22.654789255832043,5.68357649379838,0.40409936693907916,4.065432139185384,18.30485162369878,17243.24772799521,3.724627248955996,15.38258067910338,0.011437583912592126,-0.09335161777556715,-14.951519441718458,4.278432241139801,4.278416952997777,20.68144957844315,19482.01295581881,3.8738652898426404,18.98292164831552,0.029234050965613857,0.14201984799538045,-17.57995182634384,4.547780140703705,4.547686178535536,9.84338004918882,9272.505838004923,2.975133149088084,12.46444229002733,-0.010655504988733248,-0.23399879876356844,-10.10367404599902,3.1374342365976986,3.137416142176364,944.0
participant_01,run,participant_01_run_022,0.2564487190194751,0.26248829672105245,-0.22073392287865046,153.29795027436145,134290.56091843182,17.29188285148367,63.64251611584743,18.784146172162966,0.26032397624047615,12.38135494501153,175.8677825850799,154060.9771691701,11.202966848330036,33.98792201263908,0.05410043873437744,1.3341678320906838,-49.04061057791462,13.261625444965302,13.261515093875206,159.01225230239723,139295.45592116629,12.249325126122942,40.55782349783493,0.008155940744443783,0.8999643063711609,-42.338453837510855,12.61000867651433,12.610006038951656,171.258762092011,150023.45407062894,13.06210771150999,43.56932341518068,0.017530978783462898,-0.2669366719910139,-46.27526185623013,13.086598848716504,13.086587106347132,8.792513427734375,-0.530136247511345,0.40456461351090345,-0.42989770498251834,2.1317554121000124,1867.4276633502218,2.5090426543476445,6.429599183495388,3.054568606280278,0.23141810449811104,1.4600532223518472,2.963945426344639,2596.42996811736,1.9004789221979723,4.644395744005363,-0.032083715983344724,-0.0036900672797294002,-5.083631999796284,1.7219102157708277,1.721611287818664,2.7990598296028995,2451.989139822169,1.7976072314988505,4.853141083180101,0.008692005111608156,-0.2798253441200159,-4.065190522727441,1.6730616786465942,1.6730390998428277,5.695676564675349,4989.438828605649,3.3835165791412147,5.705408259451136,0.04855971752394834,-0.19544754555354832,-5.776327031766794,2.3870556363104223,2.3865616616118155,0.26834338628521764,-0.08194540589549551,0.1999594838640496,22.4527993676648,19668.760210673587,5.500416443868946,33.06595954637822,6.54722921103927,0.19105615539054238,4.738438494658847,16.250214006433662,14235.26136272916,3.7177590609972597,15.616927924420091,0.021470906317060116,-0.08672439923724551,-12.434661172096632,4.0312125975011215,4.031155418293081,39.04755715205717,34205.83885311049,6.226806624152218,32.790098286318766,0.05117011551606465,0.0761338536764864,-25.15413977480147,6.249013964841101,6.248804457818886,10.01812796346183,8775.925967279189,3.688261353377929,10.703282896393068,0.0055863277765991525,0.0271141299532431,-10.293873993736533,3.165147574840683,3.1651426450417413,878.0
participant_01,run,participant_01_run_023,0.39548782049939263,0.4864217243670217,-0.2036299027874557,154.33464210760502,121926.2063366967,14.999811671824535,72.76242423667476,18.43169817247318,0.6778926432321833,12.423149443985814,139.2388850467113,109999.4208639182,10.697450749331239,28.231528863480555,0.04173576200352007,1.394983304284319,-51.10336703736444,11.800026564399815,11.799952756122005,178.74707308891846,141211.0883235854,14.871768756321554,19.07249777604669,0.05215314984891279,1.4857234658318115,-63.503285076970144,13.369734217251949,13.369632496404622,176.06958269100815,139095.85751989175,14.45998346096598,44.49903021210342,0.04622745125096134,0.9192959276952126,-60.6431287055187,13.269201922808216,13.26912139860843,7.930129150390625,-0.6880950095345906,0.3654396619889626,-0.5149773256504738,2.2517649247748066,1778.9060287176274,2.4674154665500656,7.312045547454377,3.1485979136965345,0.08664851895749082,1.500588192934626,3.7859214306618036,2990.897406682285,2.7868082100221283,3.6074987923700297,-0.045696436428943596,0.11034456423022304,-4.351464295621461,1.9462809650623694,1.9457444412516778,1.3896883721627775,1097.860831529808,1.3866585794925963,3.7573441864254233,-0.006610754203995434,-0.19251501152987655,-1.9950409998511889,1.1788689809448387,1.1788504452061668,6.981577333041467,5515.48143401798,4.040969017725697,5.63428810296092,0.07819683286090379,0.012728704369604101,-6.916800512299523,2.643424309056521,2.642267460542454,0.1385812739118548,-0.11414874886796482,0.17198355529681164,21.155647899314694,16713.07705802942,4.544454145125032,31.79969282152964,6.066484956869207,0.24863524977351076,4.599526921251217,8.048759742213106,6358.560750825015,3.2802783026798252,11.377103912258358,0.0011387309696204583,0.00486609069111805,-11.008954589153523,2.837033845219568,2.8370336166871737,42.44975481601594,33535.52015732696,6.016150098377436,31.222002927202137,0.04182838589510065,0.5268079154203065,-22.12344432222797,6.51548190311987,6.515347635853051,7.45704521396177,5891.103298095881,3.62572737243216,8.528286984880896,0.024019751652799515,-0.09405869225241739,-6.719608164189344,2.7308647279627807,2.730759091161608,792.0
participant_01,run,participant_01_run_024,0.3592032291802,0.3892888132118731,-0.19775508615777035,127.8589937532034,107146.58186580545,14.521553910233461,61.71432316572581,17.556144264937842,1.6322409555473272,11.307475127242306,128.33817261339033,107547.99867854708,10.930003507480695,27.60386919264858,0.0041939349978140986,0.9490835316677482,-42.68443616666544,11.328644676327396,11.328643900016909,152.7531935866913,128007.90268531712,13.49516197525984,23.360350299348354,0.046634415381701086,1.80068960524653,-48.05240373830733,12.359424272812602,12.359336292321336,154.97745588450456,129871.84447447529,13.116834189510318,42.41892931977048,0.07861782328644125,0.7930063900228294,-46.58325459423287,12.4492424125584,12.448994171598947,8.411210693359376,-0.7281385886876991,0.43249736936470523,-0.5506600400748828,2.134250708572436,1788.512410494641,2.213713976479063,7.211374762248045,3.0347389427671585,0.17943362856597686,1.4609074948717444,2.753721754201379,2307.6323020092887,2.0490460773024255,3.1562006966262968,0.004928303730185542,0.265806491424173,-4.716438795840534,1.6594414850723227,1.6594341668777883,1.9797423997982768,1659.0335812891246,1.6831324232455842,4.104711301371346,-0.012430147483054042,-0.3286052192468185,-2.383974847941377,1.4070880954527074,1.4070331907237572,6.608064485274273,5537.589525149061,3.8560512500046094,5.933758237391752,0.04673032529239035,-0.1883388826347429,-6.688701004008036,2.5710402969568964,2.570615584889011,0.3282541490290848,-0.07475770174361847,0.17706528267261334,21.297680516350955,17847.572654539777,4.83317891021378,33.87016325355543,6.121627068303423,0.28414444230260094,4.614941008978441,11.331592817517853,9495.92871170488,3.5476340949033522,12.895563318945053,-0.011138808242640144,-0.30721245721276735,-10.427187860776767,3.366261560034651,3.366243131076223,40.43462230223027,33884.40561964153,5.725676253912024,33.42164095223723,0.020921246546218106,0.20019915388645454,-25.656989036267376,6.358856815559484,6.35882239901621,7.00453918744691,5869.83713243699,3.0977053711787863,8.526505452562537,-0.026122804883363306,-0.30981137090467803,-6.262464983476261,2.646737914562355,2.64660899783986,840.0
participant_01,run,participant_01_run_025,0.33403097887428923,0.3799945559075562,-0.19403135006226155,147.75211257196617,136230.82759596498,14.226653509658881,75.51104000779684,16.54600602935829,0.2382460963413642,12.155332680431504,135.27123084890923,124720.65944404432,9.338266382795979,27.68752923635458,-0.031647478296338176,1.0733021165019143,-61.77384027319126,11.63065915637595,11.630616099283358,137.45397276018826,126733.15714403718,11.956710412785377,22.514774772186936,0.11876771931920348,1.1758628819791768,-51.56379987283034,11.724678184553321,11.724076627188525,148.78211492065222,137177.75387265434,11.227611677019624,49.85435283682139,0.0014939017835373302,0.13543939358180263,-61.46209126064248,12.197627521464769,12.19762742998212,9.253248779296877,-0.7129666869224431,0.4049453336452592,-0.5248783124686205,2.0019902151301965,1845.8436302393832,2.3438764837002015,6.70860057943247,2.9425006448170534,0.46376735195975854,1.4149170347162396,3.3221353766526653,3063.0233050385787,2.5192660970135963,3.933211290374898,-0.01701569021680636,0.18770575654322985,-4.587179946397896,1.8227520155979036,1.8226725917324442,1.965818858580012,1812.4935578194657,1.7405296326849133,3.5097417239815027,-0.029627046378031804,-0.34129587241662956,-2.644778343402638,1.4023896107919147,1.4020766236479418,5.366857079168966,4948.26542872769,2.9913889787890007,5.145400340744771,0.06573925681573944,-0.0010435063680861501,-6.400877206686735,2.3175803608625207,2.3166478107750788,0.19459638681239722,-0.024735280637853636,0.23406749096168447,12.768328082361528,11772.474070617338,4.2872976227161,26.74192169378975,5.3403206341980125,0.5013666877078041,3.5732797374906893,6.846170358317457,6312.198644732695,3.1354054975761185,10.219558250014346,0.014896721593086394,-0.034337372293988144,-8.611630646128157,2.6165611536197044,2.6165187479392267,27.620336836047287,25466.070057644152,4.814874509290959,26.429371171366583,-0.035742826163250196,0.0589665615966735,-16.443694308640524,5.255626926035506,5.2555053835047385,6.818947201081145,6287.098804909137,3.3319260253113336,7.868921166323393,0.019967499100604233,-0.13947068697814474,-5.775866292930802,2.611387734922081,2.6113113948897677,924.0
participant_01,run,participant_01_run_026,0.2930444620591924,0.33459990843044535,-0.2761654092081282,114.45990035370228,109195.63160514642,13.396179653054196,73.07181357983247,16.450996780973536,0.9701964640710782,10.698593382015334,120.3447835869066,114809.42603760492,9.69635412186066,30.36180512955504,0.07528156334419679,1.1397146560452776,-45.23569620798955,10.97043531044626,10.970177008002496,111.56370211933651,106432.2377374125,11.06424138731713,24.053550862573235,0.004082885778405498,1.0244094543884492,-38.40679408619202,10.56237278215898,10.562371993039088,153.16589234284748,146120.90086435125,13.770358552158953,49.86813769367024,0.12301791933476806,0.13122306698429734,-59.299305737250734,12.376632245943359,12.376020860633982,9.573990722656248,-0.6184817013931699,0.3679178412270843,-0.4580493724778696,2.0673033093668662,1972.2162531620618,2.3151782730449737,6.683089041195791,2.9334790031426907,0.10031957349910878,1.4378119867934285,2.623384948899232,2502.7205493833003,2.0264246415027647,3.909293625118088,-0.04292772230012587,0.07825514876210596,-4.41877445261413,1.620255454624705,1.6196866823244649,2.019203448765106,1926.3285816357659,1.873767066841451,3.802795686416452,0.004863150840124831,0.0015539087186858499,-3.2610193842967234,1.420995108718253,1.4209867869776645,6.026490088889614,5749.296900956219,3.302736970673813,5.714818774815957,0.04071173189606135,-0.09423892697065811,-6.442197164944036,2.4552286113524318,2.454891054382987,0.2503868332981077,0.027099701403121314,0.18512238286299032,15.715416342559102,14992.573684429564,3.999704665790173,27.779257380865534,5.529558636830662,0.35152612155609986,3.9642674408469345,10.838422305660814,10339.900159354478,3.799939796641659,12.675569784593932,0.014003989635559117,-0.1700052790288395,-10.833601120816866,3.292205707027817,3.292175922647636,29.264424043279753,27918.38278408462,5.37335080447974,27.61644160103739,0.006537999769186855,0.36783241170838304,-22.2448844729552,5.409664202953889,5.409660252111934,6.1882875875555285,5903.652367311321,3.0032599818556025,7.608655655531542,0.007890947020957596,0.0759619110860335,-7.0294479305954445,2.487639414103341,2.487626898784367,956.0
participant_01,run,participant_01_run_027,0.3698318149264708,0.42840148123605626,-0.2282813826674088,153.87204941415183,125559.78042958779,14.167037616032651,87.43995678880601,19.307478810075665,0.5906625014248758,12.404517298716296,170.2322717719431,138909.74187381726,10.615107238739858,29.88687533499312,-0.03773324290921302,1.1453697097956832,-60.00420109130864,13.047363548608722,13.047308985838539,163.1722426432659,133148.74947397423,14.12395233433805,24.790524698933343,0.14250024690014482,1.7540317994629675,-46.5957947169576,12.774683908560418,12.773889096248874,193.22449738653722,157671.42608318134,15.983104670046,44.79330369337691,-0.006745067790814978,0.1858375213875577,-63.0719980351967,13.900523115425429,13.900521478942336,8.180438720703126,-0.6834531129666617,0.35414235941116734,-0.46021075346851886,2.23589477669206,1824.4928711484183,2.652398383383347,6.850874917587605,3.1400762016291397,0.40541197552242786,1.4952908669192293,3.332779229613013,2719.5519256664556,2.3271617135904306,4.448619174309797,-0.05049978981584436,0.1503320498580267,-4.659561409905956,1.8262884378937676,1.8255901044903298,1.8950935888991836,1546.3986852820626,1.6828174369928801,4.234640569878708,0.017361422819645898,-0.2906147832451252,-2.259284649312924,1.3767334556483712,1.3766239823928623,6.860265008552697,5597.9846336110395,3.710547980721217,5.801761990981731,0.07059641556825724,-0.1618785993553776,-6.599617963848711,2.6201619916416963,2.619210760620973,0.17660588255933984,-0.03785755714826787,0.2648906761413036,17.68810143044403,14433.512390838203,4.612510238650133,32.084063553924096,6.097358075883663,0.18263733298633222,4.205722462365299,9.611163523106807,7842.721184443813,3.41462635267831,11.717846694918077,-0.04008980416827378,-0.2419454364978084,-11.061341161320165,3.1004468573908923,3.1001876593372226,37.296126969595875,30433.685201477478,6.727861625615996,31.988782113753143,0.05886499426427019,0.3415664699067003,-15.770567729260618,6.107339196175827,6.1070555073288695,7.9529010874096615,6489.577009699249,3.677218450595422,8.564395136079641,0.024760370098673455,-0.0252267655272767,-10.99915982502441,2.8201975397721846,2.820088843885891,817.0
participant_01,run,participant_01_run_028,0.27961999442024177,0.33568309862436363,-0.2520467552690365,135.6550993026618,125346.2348624364,15.661171281213495,55.64432643531622,16.987406756748026,0.6329788823579363,11.647106906981742,126.77062904760457,117136.60844833244,9.126905862787268,33.18890054423294,0.05803431522186082,0.9517408299499663,-42.95955061927611,11.259395944247979,11.259246380091545,132.1717052153579,122127.22587067177,11.365005482102319,28.88224003407433,0.06392976806384992,1.1369322249292093,-41.58096351513934,11.496773122515837,11.496595374951573,165.27676441568627,152716.44299052938,12.397379196016953,50.47008182517645,-0.023107276636415694,-0.054256180050543,-48.13590254927109,12.85602187155575,12.856001105152654,9.273147949218751,-0.5914441396924792,0.1393719852998232,-0.40044012841312787,2.329965818156076,2152.8984897726627,2.3997364405406527,7.474544155571987,3.0875406922335986,0.2836470903121199,1.5264225555710567,2.8918522081546096,2672.08404938962,2.147054028647629,4.087655553513117,-0.059853872198655414,0.11375647975670694,-5.013678982493348,1.7015976886948874,1.7005446798466102,1.6815689640843434,1553.7770095908602,1.5728873543308024,3.57764192200251,0.0056035585674819146,-0.15232298211703635,-3.043452064320213,1.2967653465268736,1.2967532394732404,7.2836097252158245,6730.087145477655,3.680126706631243,7.356001880308829,0.04720763724056329,0.16022827369952236,-6.811921348090218,2.699229202240829,2.698816356333981,0.2610358806667325,-0.021686058507988968,0.1446880855356293,21.300193737028984,19681.503664776184,4.829119681193894,32.257294436122024,5.98134861149174,0.21362105368720372,4.615213292690705,13.774930242321421,12728.09493800662,3.6869349681744295,14.112482271977845,0.008838528304768863,-0.09808232697260365,-13.376258695980022,3.711469838474242,3.711459314383147,36.937626312891915,34130.52623493189,5.462648334447133,30.32482185609225,-0.01650304179178529,0.14108535657185944,-18.54153372630653,6.0776556881153025,6.077633282198912,6.3629967381708035,5879.436766521705,2.9232466268272983,7.8595262457840125,0.028656340799702123,0.07666503590593575,-6.949230551961353,2.522660881695919,2.5224981146020315,926.0
participant_01,run,participant_01_run_029,-0.36475518321343625,0.21464560897559964,0.323122474729178,69.11692267426069,48244.17289511403,10.939565286091034,47.490098441455686,16.035586461833535,0.6893229497079885,8.31365880189106,67.51228450720724,47123.959282863456,8.373435528592115,23.27750525190544,0.19027436626362296,0.31741668380115984,-22.123640436139688,8.218788769743645,8.216585939866219,191.07463672318622,133371.18553001847,16.858335892150446,30.2491260729375,-0.03088468112529134,1.339576768288888,-43.83846557122918,13.823009462006254,13.822974959218664,67.62693859220136,47203.988724276096,12.008850327836427,21.331333594499892,-0.0770573073735537,-0.5758306112848004,-21.614439898319542,8.223920988240403,8.22355997073052,6.9608225097656256,0.38933598522665686,0.6949962929840456,-0.22611638998222966,2.277441078542427,1589.6669414631995,2.341920319590094,6.74881485982618,3.2554834287405887,0.1507814715631587,1.5091193056025844,2.064477124205169,1441.016796104287,1.9692452946713144,2.775499558442037,0.028556620231463655,0.05678348837506615,-3.897766543623276,1.437112592932166,1.4368288430446992,0.903875231937643,630.9100687525568,1.2769009540828304,2.869610237319593,-0.0007524189300900488,-0.13196016649931097,-1.6443656528017865,0.9507238284969455,0.9507235307583604,9.905502579102482,6914.09748116133,5.36235788580733,5.5345583131985,0.03069937146626939,0.0004367935537144506,-6.114484458902251,3.147450560455383,3.1473008402601876,-0.5836450683899592,-0.6762556943993805,0.2524439859836903,8.310223572611728,5800.583931881198,4.056348574766747,15.208292878213856,5.105647062389475,0.12099688326751071,2.8827458390589564,18.11127808307932,12641.776987959543,6.080697838863605,8.490926045779844,-0.007911697460371292,-0.25186564995276084,-11.080072122696278,4.255742083119703,4.255734728936863,11.61582884181274,8107.914740711673,4.075826659833291,10.472030890012553,-0.05880727593999805,-0.7005571186046299,-8.218326743744985,3.4087075464926913,3.408200234993939,4.6470795488249195,3243.6881953150187,2.269520319808441,6.65389811800663,-0.012171027928724907,-0.1036941478509383,-7.455100183365987,2.1557429537738866,2.1557085955260558,700.0
participant_01,run,participant_01_run_030,-0.24912672308828634,0.28455467849771676,0.3573873782592943,87.49691249135887,55823.5785213065,11.53957502102621,51.219136021284775,17.020816421972164,0.6521715230365942,9.353978431200217,69.79312013527715,44528.44754313058,8.504595998362285,23.628845540330992,-0.054502578705528104,0.42940836030509166,-27.303197918285456,8.354405464565549,8.354227680359038,242.96488594661977,155013.1173116511,20.44126125209,34.11484476101274,0.024735360695686937,2.2946072788801146,-49.50935126372369,15.587350569762926,15.587330943642012,64.44348211770202,41115.344197524086,10.322151087041394,23.189779112621014,0.005795954017788141,-0.6232819875849961,-28.614101778245303,8.02767187363715,8.02766978130653,6.363363525390625,0.36734308078915967,0.7807256427329714,-0.16571229978140112,2.2560001193631476,1439.3423141616558,2.463181986621325,5.963994285723169,3.0568497998545903,0.3241464626040723,1.501998708176258,3.2328493496248223,2062.578183724232,2.729677979443795,3.923631228604808,0.024988110113383765,-0.044459635370200354,-3.629541169548244,1.798186240430023,1.7980126110861465,0.5830993273996141,372.0210205463854,1.304181981734851,1.8547925119285864,0.012078679099887349,-0.06856870155949571,-1.305793272316975,0.7637049311667512,0.763609407615971,7.7835781959162915,4965.971526488798,4.2801227520670615,4.897669049009893,0.005800444606444566,-0.06347434972491861,-5.398449327869091,2.7899125149498727,2.789906485156141,-0.6060733823064595,-0.7564020052165081,0.3573337406415151,8.03661568963982,5127.417740775317,3.719473248821483,14.792171417016934,5.0631513067544915,0.28765272826452165,2.834892535818566,14.188688562161962,9052.471705809714,5.095221775929058,8.68900274720685,0.0017317303900148628,-0.1375399439496564,-9.912598382245069,3.766787963378362,3.7667875653083973,12.305004098216761,7850.669288727177,4.55231148843856,10.974950597151976,0.016737716472674045,-0.4067613600747473,-8.071594460378472,3.5078888593240065,3.5078489275076774,7.177988472148968,4579.601378833862,3.2726265955286333,6.9867676366173415,0.01235160552214255,-0.26747349669637105,-9.23782395565727,2.6792052990220707,2.679176827338757,640.0
participant_01,sit,participant_01_sit_001,0.053438136899766564,0.7860037839860116,0.3798294603266172,8.66246109901959,727.7474586094945,1.2288275999862817,17.93374283078301,2.1995430628048727,0.3394307997834509,2.943205921953065,3.544261254889723,297.75915775090994,1.0021958145577918,3.0527493348169954,-0.31043398893905244,0.0075994295010858,-10.085417147892656,1.9080436358685129,1.8826208473534238,1.0215902824583896,85.82546268327751,1.3870708518453312,2.389439953686791,0.11902382100354442,0.2229126447227917,-1.908532469468017,1.0177214512943475,1.0107374943368777,8.179293875986085,687.1557936511565,1.6893928539933782,1.7925377349131368,-0.8029753665982138,-0.0392421609491314,-14.813685253358477,2.9705324969354603,2.859946481315006,0.83651806640625,-0.7391826188710734,-0.2638096915447995,0.38088235381649027,0.07604147743652073,6.3883683078937485,0.4415396601636702,1.267224003206869,0.9345252610719171,0.27007328005776055,0.2757561920184581,0.12426314361090507,10.439548983590575,0.5156672365540536,0.4604772620131717,-0.14535545429993194,-0.181534366349419,-0.7754336353376905,0.38130217899409463,0.3525097780358796,0.172919505811932,14.52724918013034,0.786627659850528,0.8628591375075336,0.10480192014282516,0.085076252492833,-0.4292876732389092,0.4288390703720396,0.41583591212391935,0.3260979161366059,27.396016791709048,1.059828170873564,0.5424114826078142,-0.5422054268432309,-0.6934975664529863,-1.215516508401707,0.7874545326778277,0.5710498368239026,-0.035409135485963555,-0.1523062074595089,-0.7135512821911583,0.10649220929828404,8.94658386255933,0.23177070264315164,1.6586567970637405,0.5730009182452527,0.12485092604931668,0.326331440866926,0.2551400452306307,21.434730544084964,0.7097331234710262,0.5370850275104379,-0.11304216680982587,0.0343115323923142,-1.61574834463762,0.5176085168423055,0.5051138933256842,0.13786109690254822,11.581935175824553,0.600155003960162,0.9091655708708768,-0.07245117092323199,-0.109611255059494,-0.6947949770879795,0.3782991793153874,0.37129650806673126,0.022024282067002354,1.850295789931302,0.17901375202776929,0.4091488353243311,0.042061071821789135,0.0351707246032914,-0.3156203045358886,0.15425114531114528,0.14840580199912115,85.0
participant_01,sit,participant_01_sit_002,0.4180430115324756,-0.10636547698087319,-0.2132848528208777,7.306732379277082,3770.2880133679373,1.8907178823339086,28.617217490725515,2.4543190882026362,0.17366100805701765,2.703096812782902,3.2334329057328097,1668.4576215065963,1.74150900680422,6.735617379184556,0.09557851173156985,0.0395064617400801,-8.037259412157256,1.8007132358145288,1.7981748818546015,7.1104477827826456,3669.0047826490163,1.363771954750368,10.265911691199449,0.05274471612601939,0.0608415349077818,-27.588587693779992,2.6670638889726397,2.666542289704524,2.9744127857245237,1534.8027395434794,1.1962042632986158,7.786911720799584,0.014277071439394735,0.046619783653962,-7.349137849421195,1.7247076913185635,1.7246485977510095,5.1741982421875,-0.5719214816583202,-0.3203642944586727,-0.11781399037513009,0.4475030468012625,230.91243605494722,0.655432438130025,3.916744492525285,0.9983736285442638,0.2527101632491693,0.6689566852952906,0.5462553048386699,281.86879184367416,0.9579612626056098,1.8607526410596384,-0.0035325825259761644,0.0666770017369142,-2.003755859612431,0.739099305897369,0.7390908637229051,0.6238877882585441,321.92730315798843,0.9649126875455445,3.7389762362343983,-0.042895853603923034,-0.1740123954378526,-1.5300128041309364,0.7910296091265822,0.78986567735188,0.2692309599080658,138.92369506344977,0.6774850033933374,1.2267194681652869,0.055012385631875674,0.0060229861385052,-1.4904707943759248,0.521782830764846,0.5188747054039788,0.4195184094442116,0.3740545158725217,-0.10743851911237548,1.5232927562077498,786.0220029228054,1.3600486024518816,7.430587570288366,1.1591207892289528,0.053912488789941315,1.2342174671457822,1.0139647896126072,523.2077889010891,0.46633362058991656,5.451180574439925,0.012513101145589733,-0.0065958397615463,-2.1109319472030608,1.0070359314904742,1.0069581866257442,1.0093031220717554,520.8023594506516,0.6715511234722995,6.911387539524359,0.009172197273003729,-0.0533401171997832,-2.1572008862577383,1.004682661975696,1.004640792558094,0.8431778203518383,435.08138305795853,0.6635321707912091,3.707811284112344,0.012935273139925957,0.085568144546964,-2.981094892194158,0.9183382501252155,0.918247145572388,517.0
participant_01,sit,participant_01_sit_003,0.450175654530194,0.261259484452693,-0.0014578230212426732,7.7483986992553495,3858.718049026563,1.7425072030782185,33.9549565306952,2.3618155806944174,0.14928630231743023,2.78359456445355,2.5438994736925133,1266.8670256978191,1.7236172934478953,5.325820645861984,0.0026037399893407936,0.1186016707417343,-8.488247434649384,1.5949627748491326,1.5949606495749395,8.827264047605833,4395.995150235801,1.2683750759444157,8.441962531209953,-0.061310796160482225,0.1313518622832483,-32.866130601387496,2.9717037304098244,2.9710711953108486,1.9514394027639672,971.8207254552615,1.3418405871539223,5.204657394226897,-0.014241461167252514,-0.0114067919827828,-4.770487447027338,1.3970118904218911,1.396939298167235,4.9935937500000005,-0.6575610337109693,-0.1250746288605176,-0.3894754214155179,0.9421201445491096,469.17771622574594,0.9449124955506103,4.79580448218824,1.4154124677833788,0.27080479977211136,0.9706287367212603,1.3724121308041868,683.4639859647467,1.5806500809780741,2.510719790436431,-0.023219062481460072,0.1634137387244951,-3.045119627362684,1.1717300267837745,1.1714999491268392,1.2346771947678605,614.8717123487842,1.0390350463154865,4.289917202165614,-0.00528860161559428,0.0924997505538239,-2.7551507466101013,1.1111728776724659,1.1111602921126458,0.3367758120445263,167.71502794979827,0.6727183413664444,1.1669771898008277,0.03286893243784626,0.0343518078302441,-2.2892604968250625,0.5812539709663324,0.5803238854678707,0.4389841279974036,0.2206340486643642,-0.02688729030546087,1.396253365737836,695.3369686441739,1.2735508977690297,6.7028185155354985,1.3116680632695001,0.04571996802872655,1.181631654001295,0.9753818496791677,485.742111903925,0.6038560118964871,4.816469183451663,-0.038664009243085745,-0.0558005903170503,-2.846421840944556,0.9883707580103315,0.9876142210798545,1.3685560716765182,681.5436608070497,0.9618984280343829,6.483569007810896,0.07654969501054974,0.0932461114261364,-2.899687540444892,1.1723548641442685,1.1698530128509812,0.764011174769821,380.47909305772055,0.8374341934060532,2.047348812503757,-0.0377175873636257,0.0196035201300838,-3.412492226647479,0.8748907309866495,0.8740773276832097,499.0
participant_01,sit,participant_01_sit_004,0.479585710141583,-0.1035849649370794,-0.14119699496256874,8.325664795063114,3763.218825837239,2.036665051465943,32.90970452457976,2.3421629636567536,0.10444707694249301,2.8854228104496427,2.920101822460485,1319.8924556944796,1.2461335672939482,5.752491736111445,0.06380142827135307,0.1451220519141742,-8.771872382494031,1.7100211825325293,1.708830542347744,9.188830290373847,4153.371530963275,1.537706466920866,9.390684770274577,-0.08469419249061626,0.048912010271036,-31.806638919562545,3.032491285497039,3.0313083463042565,1.6886806382298583,763.2873680407731,1.0633877109335605,4.503181957146863,-0.0503553754152203,-0.1356777872693305,-3.825946885415494,1.3004677243450011,1.2994924540873096,4.53250390625,-0.2776534797220492,-0.11144324914871095,-0.7598414042557787,1.514860633842465,684.7203431942254,1.2452676742334456,6.200878734811188,1.7773636818492147,0.42850992834705,1.2307967475755146,1.6817906384047328,760.1730729436055,2.133174703415435,3.048603873963064,-0.03226649246750856,0.2518874800904012,-2.4412694213150417,1.2972400567901412,1.296838709479607,2.176211323423303,983.652311604345,1.0731891475039643,5.819354062920738,-0.018934300643112828,-0.1233781136848115,-3.464593760885699,1.4753202469850901,1.4751987403137596,0.8138625145964419,367.8676492463022,0.8882857293085393,1.8305032484075283,0.024863239885098146,-0.0752882883385856,-3.139869096023707,0.9024858421571087,0.9021432893927892,0.3493819024246671,0.16325767101289085,-0.15573143067732959,1.5920989117059758,719.6322149168979,1.3890690804105121,6.2900306227687395,1.4553626905355608,0.23515993258559625,1.261784019436756,1.5511583666140736,701.1269983579461,0.6670101635932595,4.613281946909072,0.010691434632320715,-0.0142795565515492,-3.4178610009652437,1.2455009728573365,1.2454550841415652,0.9629702995312811,435.264696468094,0.7618720130580107,5.472376421273021,0.04506958262220501,0.0688108902573468,-2.81007966261888,0.9823449327038954,0.9813105010807135,1.193818714472755,539.608688498325,1.137598847388181,3.2699932959112767,0.009301507325960424,0.2609042625574206,-3.261754395122984,1.0926597057232823,1.0926201144371976,453.0
participant_01,sit,participant_01_sit_005,0.418567822527233,-0.1548046169802704,-0.260948617090749,10.465147407065487,4541.897977298087,2.916401291059154,34.484117828778395,2.8479504644335067,0.07606154602661455,3.2349880072521886,4.069231504843816,1766.0558062019982,1.486339381491646,6.70915690128476,0.03183718202588606,0.1480013914755039,-9.19516761585342,2.0174848477753593,2.017233626738315,11.829507896466133,5134.033558965148,1.8155507585366675,9.837961742612864,-0.057591950388743325,0.0662343684548054,-33.15225626519865,3.4398873134473043,3.4394051660812126,2.67023098600854,1158.886372310702,1.1403489381306111,5.343205581863392,0.051656835995744964,0.0786085877277232,-8.341415451793425,1.634900429602253,1.6340841428789827,4.351964111328125,-0.5693069116272054,-0.06872646306490827,-0.4385807391623856,1.2793067102023057,555.222046417503,1.3067504721073606,5.663322761343392,1.8000108842985587,0.35940165198425805,1.1310644147007303,2.7291171373250998,1184.4430970420688,2.1822008478904458,4.103035915417818,0.015046231216141927,0.1382960561933315,-3.3442804482118977,1.6520724942928229,1.652003976183199,1.252374202305579,543.5332762185164,1.0331561001970782,5.084497816140654,-0.008626702494224772,-0.1093248499660057,-2.7711369345220467,1.1191285101816961,1.1190952606036624,0.5339219418496044,231.72334735433807,0.6588983818324305,1.7120032513595445,0.060264444289889925,0.0026930067024958,-2.5751127790339514,0.7331805678652249,0.7306996249140986,0.3713613872660428,0.29824153258424974,-0.1897762771851068,2.583281768833684,1121.1502126320042,1.477141827097096,8.091301515755536,1.5713848176196132,0.10537771475573966,1.6072590857835225,1.531046960140983,664.4778922767832,0.5525168678950988,7.726806620281751,-0.017132692534421814,-0.0215743892630838,-3.275894599146016,1.2374734297327203,1.237354823864595,1.814485370846607,787.490812611122,0.8468936733511655,7.218256633429715,0.02586439347371749,-0.0252850290373357,-3.6852526506835326,1.347276637404646,1.3470283481970997,1.7054193672863607,740.1559169145908,1.0030426305226525,4.379107757264624,-0.024855977186921674,0.1351656192498747,-4.2192896309582,1.3061535847243528,1.3059170598802823,435.0
participant_01,sit,participant_01_sit_006,0.34194707154496373,0.06839445671183576,-0.0896259181155885,7.450246675699123,3442.030020739107,3.086248527065255,27.448165547571012,2.803223266779799,0.08348707602704727,2.729513999908981,4.160680266249105,1922.2432499904191,1.67330076707752,6.533471068926793,0.1437507029507601,0.2874577192258193,-7.807779524262418,2.0448336193558494,2.039774562604678,8.184423246338298,3781.221178651497,1.5543120749585757,8.900018141407397,0.12392857773180213,0.3015906538097135,-26.61641595335465,2.8635260674065677,2.8608431006153237,2.9213939920448,1349.6903204324392,1.0550714023748955,5.927637089191687,0.07607428938260034,0.1223215991239628,-6.992970755468659,1.7109007246330419,1.7092085864647417,4.63265625,-0.5415288680578904,-0.2101241886351216,-0.31751731980694303,0.7246156957569054,334.7740131114484,1.1447874853058317,4.612531559051894,1.4259774126990492,0.21671434213610483,0.8512436171607429,1.5128669448745096,698.9477890211285,1.7628960572880708,2.2221645144207285,-0.07076621302541417,0.1770136942864202,-2.7653842253576038,1.2320206174331936,1.229986562883721,0.8374085829299439,386.8845700735111,0.8360973139042827,4.263760621959022,0.030717602235739473,-0.0437413645194258,-1.512683734012692,0.9156157239896315,0.9151003130422063,0.39858416848328826,184.1467448568837,0.7622927881553081,1.5041250286598722,0.05671113650744873,0.0966833847370216,-1.774643522209533,0.6338772132576267,0.6313352267086704,0.05956488034009308,0.12827947213870042,-0.10877873061997777,1.4167939519064832,654.5618592160364,1.4283046214789215,5.7385233173819925,1.3940470556700164,0.19648608319834113,1.1902915407186943,1.1873663890770607,548.565830732889,0.6344195168172893,5.672053918250649,0.03143012100774538,0.0165526063519103,-2.455879745298335,1.090116618341186,1.089663429264771,1.0437989341799354,482.2373571577987,0.7295984437451251,5.056227598665162,0.011625762174469988,0.0518566215640844,-4.977725261746037,1.0217309296121326,1.0216647856219452,1.1268905708105166,520.6258723579302,1.0299352220560647,4.2246608383788695,0.03134071486921741,0.0274659813240176,-2.507722368892807,1.062013564517436,1.0615510212940857,463.0
participant_01,sit,participant_01_sit_007,0.39888451602432884,0.06339557476688693,-0.08312314515333939,5.025471427509467,2241.3714742393736,2.282737510584333,24.539821190622412,2.3835233741863733,0.1165306883912319,2.2417563265237965,2.2999291288710864,1025.7735252468815,1.405313745748422,4.767710745456761,-0.026419487809695417,0.1709785698467642,-5.969151681121248,1.5167818294689628,1.5165517231110472,6.712568400551416,2993.82049005754,1.8924684916650274,8.508384920484827,-0.06191587300515931,0.0154891455589841,-23.931087333970112,2.5916022024765697,2.5908624819838306,1.6862315834162436,752.063050113429,1.3265718877896986,3.9080397060979295,-0.058261696657388555,-0.0040776761435179,-3.831721436221262,1.299856149238692,1.2985498001294535,4.472115234375,-0.41323717697004597,-0.3824439729756739,-0.49270499748669605,0.6134404555125637,273.5958124453344,0.9935048953911876,4.511607414585116,1.5587135822001454,0.4858794314000413,0.7832243966530688,1.4818960458372288,660.9289442470778,2.092796335878214,2.284286832133926,-0.05468631264166123,0.0593502875880125,-2.282053473353272,1.2185592470731863,1.2173315266751408,0.9606368092485512,428.44616120344597,1.1823583758064093,4.069299161330292,0.01653948620195296,-0.1881207173657249,-1.226861609251269,0.9802603551365197,0.9801208135982784,0.5949044266048285,265.32870217742004,0.819230952308422,2.1925350647114072,0.048239587093989816,0.0835955797165751,-2.1766193690959783,0.7728075338451528,0.7713004775084924,0.08317805034814303,0.2921393815186563,0.12565543577615068,0.8449288057166645,376.84013335143084,1.0959582737432227,5.123174988452846,1.1914488470968136,0.0654051462384721,0.9192000901417844,0.8391338873846356,374.2555868402604,0.4502329074583675,4.858980962240551,-0.0209657910663054,-0.0141945173565683,-1.947947137256812,0.9162824083107083,0.9160425139613529,0.705297200748908,314.5641258581217,0.776030405719053,4.979115588779425,0.027047177732893467,0.0061001639897358,-1.94427424184948,0.8402551699169858,0.8398197430097175,0.7183911191814548,320.4040427065341,0.9006874722209227,2.3868314340052708,-0.022041765619894585,0.04868708120909,-3.043820496177936,0.8478661206895207,0.8475795651037458,447.0
participant_01,sit,participant_01_sit_008,0.3405194741748585,0.24106443002849887,-0.1322682728737488,8.145923495152385,3730.85066930913,2.6291599630678517,29.092360492154178,2.496627923662773,0.0932987374443991,2.8541064267389165,2.4920560635623605,1141.3670946247423,1.2332295508637436,4.868150678426698,0.03204183854682612,-0.0605802321202592,-5.577822557844182,1.578949886152129,1.5786247380433263,8.50272495701209,3894.2665144962266,1.3078866911007874,8.002192604529991,-0.043462872195332874,0.1998032828531465,-28.77262381032678,2.9162671308149326,2.915943236246565,3.380899206995511,1548.459186584828,1.2076876175071352,7.239384735745685,-0.021875925538954163,0.06899669020284,-8.548621820077456,1.8388522950780184,1.8387221668853375,4.592517578125,-0.36162003802838444,-0.3267258855347118,-0.3033382641995857,1.0561014542893568,483.6967619372521,1.401544718142012,4.726397766697074,1.5547051118874982,0.2448680882182021,1.027667968893337,2.1084443893801272,965.6721139108578,1.8445372560720386,4.673980526905948,-0.00860181732053675,0.1468495759456152,-2.7345768563939816,1.4520738206583517,1.4520483426457012,0.8278335851902803,379.14958165537695,0.8480785462138901,3.802208715661948,-0.007379828147433332,-0.0947194292489493,-1.7309505674071164,0.9098835348844189,0.9098536064611055,0.5280458947169088,241.8461677062023,0.756427616186628,2.026167456040285,0.09357946786799617,0.0638709913475869,-2.194032273896283,0.7326684185382677,0.726667664559879,0.2292436349927675,0.019737117953935613,0.10914788904835758,1.496954173271536,685.6082656065663,1.395027982140257,8.36791312211119,1.3899818641117199,0.16404731056781213,1.2235007859709515,0.8148661699507705,373.21047728564844,0.47695734706157644,4.192230883076884,-0.03543394500586616,-0.0138072597352855,-2.527565359658315,0.9033945618662143,0.9026993796113801,1.8406226126672949,843.0091579551269,0.9521150617938015,8.310161764962139,0.07161643823794495,0.0865806071952106,-3.242259719487788,1.3585843834275384,1.3566954752881337,0.7670148471954235,351.2944674390847,1.0626729859911266,1.8237752517062764,-0.010753944995711836,0.1805956577279651,-2.877207466600653,0.8758598600965763,0.8757938382949628,459.0
participant_01,sit,participant_01_sit_009,0.3496782987878955,0.018237139890876986,-0.12439923519675074,7.350236805292256,3425.280989465948,2.659709342448944,24.439555468054547,3.002057358865251,0.08771238492533291,2.711132015467387,5.116844972883582,2384.493305167985,2.064879737830447,6.527262888952697,0.13078869976943297,0.29764193588138654,-11.314837747618316,2.2658222915469257,2.2620444232781067,7.141292509881374,3327.903149760332,2.0797163986547917,8.689497248561308,-0.02745271566615723,0.13259572606062134,-21.914292293610337,2.672460694094269,2.672319687066159,4.086232665861404,1904.2193198506563,1.619760617697147,5.347477367487252,-0.018860196130361134,0.08151587992885065,-11.523740973780036,2.021531195124003,2.0214432136128395,4.682504638671875,-0.044968922337701486,-0.47528823512509055,-0.5326763377169734,1.1137632271519176,519.0234179912948,0.9496350070575301,5.007532106164608,1.5085722111727264,0.11368516956889844,1.0553498126933636,0.9939841659110215,463.2053235290841,1.199092012574077,2.86432930620796,-0.02896079438933811,0.01947533744783405,-2.395127609765323,0.9974080877568033,0.9969875455144971,1.6618021200136408,774.4140224906255,1.0444533554528956,4.791116397008692,-0.035566177902962494,-0.0626279848524856,-2.4340255798307706,1.2895995785608283,1.2891090411651145,0.7299131037224434,340.1457207757776,0.9451349483050794,2.263566037759287,0.041836266624719676,0.04562392824159165,-2.211747566571454,0.8553732383746513,0.854349520818291,-0.06585429190813791,0.16609996236851834,0.19541382440130386,1.244523709412241,579.9700052875071,1.3277411037956182,6.2244885287419525,1.3901309574630198,0.1349280322053874,1.1155822288886825,0.8827269601970849,411.35827768893233,0.6576712998916245,4.4713531186484845,0.018195796039450002,0.047913297353716355,-2.149652998834128,0.9397116830127177,0.9395355023611853,1.5629054204129187,728.3272370300427,0.9979531907181283,3.1335010548273665,-0.0015903721638096248,0.14826484612407792,-5.7669417686807725,1.2501631692289363,1.2501621576471265,0.7302290389293127,340.29305018687853,0.7339910905389996,2.8856788217119425,0.028155860719363355,0.05542847637684995,-2.6011712558671807,0.8549981236366317,0.854534398915171,468.0
participant_01,sit,participant_01_sit_010,0.5426557544661368,0.22394627370715686,0.052219480604120586,9.929692804853989,4468.383730531209,2.075062661794782,36.4800775092776,2.7608410379167303,0.038976593660158605,3.15114150822428,3.5404679420530916,1593.2184068175686,2.162288358292666,6.527828296291663,0.04233590911064147,0.1475089295863162,-8.671672905383161,1.8820893366823255,1.8816131223110375,11.32440771081566,5096.008523866407,1.81189801929863,9.528322201078918,-0.05158835513640671,0.2636942913403335,-35.43296118912784,3.3655711356620204,3.365175732531016,2.6787605824964413,1205.4481885848645,1.4941669582803176,5.528744921641325,-0.062017082711323265,0.0203952756530871,-5.200766387200823,1.6378665089208169,1.6366919632284023,4.512260986328125,-0.5027171600692344,0.1797183748186048,-0.6888263454634398,0.9712476791855096,437.06360441153055,1.2278090149242205,4.976301699283955,1.639472109855832,0.36403508474248775,0.9855189897640276,1.6906851191908017,760.8120440896643,1.7624589771161128,2.6581228790829425,-0.04341192202241131,0.2883754041456644,-3.2706764228657503,1.3009879761798269,1.3002634806802817,1.309640260797486,589.3410147930739,0.8643517874169949,4.352311673120289,-0.00037930975882948594,-0.0393479224034788,-2.5457741692460885,1.1443952134963598,1.144395150635254,0.6540826473948504,294.33863841318583,0.8982426747524234,1.3543875440320436,0.05313861070757882,0.1502027093008842,-2.339941113092952,0.8104975998377677,0.8087537619046049,0.014957551122216604,-0.18092517301112546,-0.16993007720347414,1.7992952747445714,809.6868543768156,1.2734739730672224,9.959143501802243,1.5223444479193302,0.1442477732585104,1.3413781251923602,1.0887620688989197,489.945339770153,0.6902747981726037,3.601250932728174,-0.05414838211215476,-0.0846985642553734,-3.0123391676562035,1.0448416703904393,1.04343762099079,1.8335025304034742,825.080195103091,1.0356533079568613,9.790082128832903,0.036460840833875824,0.0437038005011636,-3.2252264057046256,1.3545596787582994,1.3540688794900628,1.1902733741426872,535.6256517123821,0.9703939153137975,3.771817073358189,0.005336591667284235,-0.0009656486622183,-3.8126121102285686,1.0910095569486598,1.0909965051010417,451.0
participant_01,sit,participant_01_sit_011,0.3114514285937843,0.30516611875614447,-0.1380196386401354,8.025076813086176,3595.2522457666373,2.094321480230224,31.645814826445413,2.4075590635908077,0.20512142468141903,2.8328566524069263,2.5456800578159617,1140.4703229683464,1.4567849815095681,4.607845222050262,0.007687348057193168,0.1057042220645793,-7.641099950159749,1.5955372615943866,1.595518742546123,8.90300279259149,3988.5650355316375,1.6589670919088233,8.671595586125642,-0.017919597569810566,0.1050884530250171,-30.68424058000768,2.9838438137021437,2.983790004774379,2.3663936832060974,1060.149628728961,1.132930810572288,4.71987344401219,-0.07720567889513276,-0.0085769884055244,-6.075558966795053,1.5402449156091234,1.5383087086817449,4.492069091796875,-0.6758463514754554,0.2785674259793002,-0.512980341936728,0.8908108488207673,399.08523985136793,1.2058960089453412,4.693473873719373,1.4915411049997023,0.20255049066120437,0.9438277643832943,1.6387027820242495,734.1424879086015,1.7221979641807055,2.4424346253821243,-0.02447213695336919,0.2635195368605228,-2.776052184242149,1.280352165426104,1.280118268764355,1.1415335793603008,511.40958029470215,0.9943712836736438,4.276453138604813,0.00048279218510022124,-0.063947222120279,-2.4623888884032192,1.068425857253836,1.0684257481735924,0.3328493900910819,149.1172664261161,0.6306589673221722,1.7494158670056328,0.04267138002818734,0.0002445438160719,-1.7690383581234432,0.5785069029532767,0.5769310098192694,0.1527831279866323,-0.12952582582618508,-0.22064289603408715,1.6285112803147233,729.5766724949524,1.3838197766780982,8.047375958555945,1.3963669734906237,0.10493594023095754,1.2761313726708248,1.1637456952525482,521.3606575746869,0.6382237852563816,5.749190022126852,0.0015070084728895108,0.0134322465719583,-2.939007688644108,1.0787715079325584,1.0787704553112993,1.4812682773969168,663.611479981102,0.7698599155614253,7.82993734836723,-0.03276876575157795,-0.0277087238722558,-3.105653896798877,1.2175147101393884,1.2170736532342308,0.9320265028635393,417.54994445287196,0.966777458549537,3.0904541268953625,0.015344913608903735,0.0190599086720563,-3.1093725393723943,0.9655371402681535,0.9654151971372417,449.0
participant_01,sit,participant_01_sit_012,0.1981044208497257,0.4884176781717813,0.3516161704540863,11.675972170442165,1027.6152840230266,1.7018205358454186,21.317667438190494,2.9476783239629,0.4796867826151534,3.4170121700752203,4.768329943008571,419.66601642856534,2.438371746611635,6.209048774140393,-0.0931888482426549,0.037131753724232,-8.846929029874653,2.185638145815854,2.183650600029357,2.0993388930646617,184.765148577391,1.6123376006419248,3.9104757124244265,-0.04759305654463362,0.0652584879784155,-3.5233571652404247,1.449690998832483,1.448909553100076,12.875932429317107,1133.2251196957868,1.4442827720279938,3.373682606302498,-0.7811716496036617,-0.350339785236091,-19.299949852450567,3.672350960278935,3.5883049521072072,0.87635986328125,-0.914228707755598,-0.4800963310972721,0.4948296851369189,0.08662177120531181,7.623678330191942,0.27953661976665456,1.6846190212695564,0.9873110452008482,0.3728146970997949,0.2943157678503002,0.08889321040117942,7.82359021764158,0.39485498636377214,0.3321864643099316,-0.10573100638292843,-0.0383554442728028,-0.853640855890587,0.3163419923309681,0.29814964430832286,0.3843852570967748,33.83017357181725,1.0037110252432806,1.5647674763699495,0.13079618999421597,-0.1101940468875229,-0.501111051483873,0.6336346742514789,0.619988110447914,0.2698040839197133,23.74575720808942,0.9480959736088869,0.5154042525956215,-0.5385495620047293,-0.6487204408523088,-1.139434027931403,0.7482243745396157,0.5194266877237954,-0.19039303569571142,-0.22488788903915666,-0.5483586737614325,0.17009845571631868,14.970554085877337,0.5280012607611422,1.7251702455353066,0.590980720589739,0.06903399276328534,0.4124299403732938,0.27801432245264235,24.468349423859777,0.444069266769375,1.4755192648066533,-0.128813032350077,-0.1743432769989019,-1.562180639116926,0.5427772284794788,0.5272706349235109,0.17108465495569905,15.05735057671213,0.4687178702409499,1.2051175973020083,-0.0015145349263494755,0.0195201639933469,-1.0496172433980928,0.4136265813167018,0.41362380849716457,0.05294935881084367,4.6601319015632505,0.3554938524961641,0.4644977756355546,-0.026706562613629824,-0.0211543177469045,-0.5502201533655426,0.23165189249708146,0.23010727674466028,89.0
participant_01,sit,participant_01_sit_013,0.20737941428194762,0.2500806237051018,-0.034504793849901405,6.044782233095272,3022.403157946507,1.798684928453084,28.317194050983634,2.053594165958508,0.07203913964580522,2.45861388450795,2.190880831901779,1095.4447802553352,1.2724845945578376,4.387871858149559,-0.008795113140932117,0.1241525157499009,-6.61051101580249,1.4801885643109598,1.4801624342962427,6.416586992783697,3208.306278437651,1.1255528402467319,11.024468881282386,-0.06229301231306558,0.1379305550775432,-28.1232398968999,2.533864126619013,2.5330982990763893,1.6503603701938663,825.1834726673916,1.3038140855735871,5.113593373213387,-0.01566088364530869,-0.015839938870868,-3.526553186709529,1.2847589787467601,1.2846635241158932,5.01341015625,-0.5320885655913689,0.07931587527075588,-0.6507112182593594,1.3741061968345136,687.0558356805969,1.65627161995514,4.837288235765868,1.520242539549342,0.1849247264212293,1.1722227590498802,1.7848648660620967,892.4359885387496,1.4540081527564914,3.099914628656388,-0.018806354621831556,0.2638899022183613,-3.279549243149442,1.3361207075097141,1.3359883480263204,1.3301315706442864,665.0684349866266,0.6741999450031477,4.342313770619929,-0.00890014662346505,-0.0611152155371189,-3.0331011827611896,1.1533476419771298,1.1533133011650765,0.5670834425028902,283.54285089973706,0.8145341375051758,1.9618931195148208,0.052257105704316,0.0189241808653368,-2.381475832163443,0.754860415970716,0.7530494289904814,0.014646813188263294,0.1726134636848722,0.037361148911771454,1.9072981922332042,953.6528955153914,1.4581558446851837,10.276348651924579,1.3528152921596157,0.03198907531225746,1.3810496704438997,0.9672936504883626,483.6487521239632,0.6836619742751486,4.351571459195868,0.03003031451693443,-0.0169304580079974,-2.2769991590016025,0.9839692425469144,0.9835108797000481,1.6915718666813624,845.7893030057542,0.6474635240806181,9.99596506868592,-0.031943050813583763,-0.0730099528901909,-3.163321951765103,1.3009966276576745,1.3006044235974912,1.0743626762372411,537.1834782833142,0.8622453363776338,2.309797036727772,-0.04750826498494498,0.0487768861043882,-5.57267200180547,1.0376028679023208,1.0365146772898304,501.0
participant_01,sit,participant_01_sit_014,0.35839264378998104,0.058692584714106655,-0.06226803098179024,9.255433829238807,4146.517734028096,2.280595833641809,30.117277988760588,3.2109739537331308,0.146477783538341,3.0422744500190655,4.33344083434576,1941.419854443032,2.0677876243303044,5.5681669006092696,-0.06624993020872201,0.21032020065230245,-9.072341630274192,2.082745756831213,2.081691820213972,12.022088476956556,5386.0020923624115,2.409489197069814,10.649207273073513,0.02962536258298417,0.13025864376195564,-29.463050343661344,3.4674149072565186,3.467288346382019,3.2019510711003587,1434.5030212932286,1.586061722501637,7.309187269565792,0.05514039379499987,0.12198948492029685,-6.589050762688461,1.7902490145586525,1.7893996398514107,4.50215625,-0.45084771179305805,0.1511657400462617,-0.4149232787149188,0.7036333846384352,315.23399273147857,1.3619270451273031,4.047110625227366,1.6295628608156714,0.3326502402626621,0.838828578815979,1.7845437335473886,799.491875719099,1.9999505913642475,2.7670653175448976,0.022286405832686665,0.38506833576116273,-3.0512100687336803,1.3360540473470106,1.3358681572473343,1.0623433912771014,475.93932141735587,1.0776216208234377,3.2325396500257906,-0.009214524642030363,-0.0888924847907766,-2.558594364428431,1.0307416255985202,1.0307004372159263,0.511464695321584,229.14080729786076,0.8080509539667676,1.806161765948757,-0.013232176419565552,-0.0021531675231689,-2.302939105097755,0.7152900011983828,0.7151675994629398,0.10569181737589593,0.09130893021102623,-0.0909364635888883,1.8101024538368677,810.941953625407,1.402131868616327,8.236090207887427,1.739307979250359,0.18256795717761956,1.3454004808371625,1.1194442733933312,501.52115081553353,0.7630394207369424,4.842937362791301,0.03681311345068382,-0.026083529567809398,-2.81329065413353,1.0586781752332783,1.05803793570615,2.2515686557514982,1008.7226833913202,1.5172507451692154,8.131544682929919,-0.0677845579313408,-0.14731975664241798,-4.006489215003214,1.5020530623268427,1.5005227941459265,1.4578781085592543,653.1422967204583,1.07481995698297,3.314925799134841,-0.02130049766722006,0.0992862977502397,-5.09579765654383,1.2076141021701121,1.2074262331750352,450.0
participant_01,sit,participant_01_sit_015,0.32857644269327985,-0.07974660324646593,-0.1490118176633639,9.3189031584084,4510.368303367523,2.2685239548811325,34.897941840551184,2.7276339443785003,0.06797983930311385,3.052687858004549,3.1774401282542977,1537.8875600177307,1.7674188833744822,6.191444204232748,-0.0018444892767653126,0.2144597178986635,-8.930638442856958,1.782538507408743,1.7825375531119387,10.856297237348771,5254.470200936965,1.611039170084628,9.850510739593693,-0.019806391900538817,0.2020768723725849,-34.12156606380886,3.2949490937659243,3.294889563756086,2.720352366909498,1316.6561430170511,1.2353639856850007,5.596616011431321,0.06636765116260432,0.0575381204542664,-6.0829772815701295,1.6506838074053853,1.6493490736983174,4.853176025390625,-0.24036056524721325,-0.49236757253834296,-0.4270636103025701,1.5763035080925027,762.9341413396274,1.4761259737814072,5.353107029107065,1.5434755835097604,0.022761328513488336,1.2555092624479132,1.9875177111217956,961.9626617255644,1.3665798560735745,3.806001355168061,-0.056179097126105186,0.0809421371318042,-3.814087313557594,1.4109124005676963,1.4097934994607528,1.1341065586499093,548.9099079391459,0.9227086798412445,4.778156458483041,0.03343238114567443,-0.1142251727936589,-2.0468594806375875,1.065469043547948,1.0649443922806061,0.8301777560503495,401.8077421130525,0.700209886325363,3.0016513358021037,0.050443474288254415,0.0396556350162679,-2.9744993143406653,0.912536191144559,0.9111409089983554,0.02985891237246651,0.3862822440361055,0.08042558433159545,2.1870798156480187,1058.5511309378708,1.692258154416701,9.541135447981265,1.662816806298778,0.023159984147075114,1.4788778907158018,0.8665569360516752,419.4153400879737,0.6525531885060933,4.274351958239012,0.003064245147416881,-0.0040389391476186,-2.7221604120869998,0.9308954429204165,0.9308903995915283,2.3695751764921424,1146.8792610912842,1.173388579759218,9.201201110658992,0.03533290021197603,0.0700161812744802,-6.489125446675896,1.5397478983033333,1.539342449389395,1.7145974049956902,829.8686719961134,1.0900803578394398,3.769407345547153,0.007226754628867552,0.1168612557726698,-3.695677536126404,1.3094463070237572,1.309426364861992,485.0
participant_01,sit,participant_01_sit_016,0.43911256807096644,-0.00822502317125171,-0.19303847618584183,8.00426990591925,4178.244166214096,2.520268451501998,32.13613379579721,2.7494440705703993,0.09679994315687444,2.8291818439116367,4.050133351312851,2114.177338647429,1.8150372065466702,5.973705674157005,0.02925359836955938,0.217417534477039,-8.699305172608769,2.012706914662544,2.012494310877139,8.703877724092013,4543.440782429703,1.7096267025379828,9.323539203355978,0.13197403435711608,0.2118175742684248,-30.73369419867476,2.953183853036669,2.9502335033166465,2.7868423346609883,1454.7370170944382,1.4700281899653136,5.240166964598609,-0.0677220369308731,-0.0542883506313008,-6.1667488036487415,1.6707568970221416,1.6693838188568224,5.234080078125,-0.53373613296638,-0.067601797506805,-0.420526549000644,0.6645125219109598,346.8768045911888,1.0055520751259663,4.739828997577484,1.3430293823749162,0.18788094400896152,0.8151763747257152,1.138716599645356,594.4122381381578,1.3586264723841976,2.745668937030564,-0.024292151341571373,0.1716367291665459,-2.19713705879486,1.067383112224546,1.0671066486745155,0.912648529189623,476.40427393264974,0.8257531156024033,4.223808787405933,-0.026575785287370736,-0.1457349842136174,-1.844524550460543,0.9556959775751196,0.955326399294829,0.41110614235129606,214.5981908610834,0.872135143749698,1.443224316024501,0.06687893290559492,0.1334684132667158,-2.324408886653991,0.6446541196780543,0.6411755940078319,0.0771848136014035,0.028285417917522603,-0.3448212766348001,1.6005643669043117,835.4976540362015,1.4172592513759485,7.502112999294352,1.4295603268249106,0.07875954793306253,1.2651341300053176,1.2089609858659445,631.0799417994772,0.6678860953332088,7.15648474928667,-0.01614908129540979,-0.0619794546534514,-2.4579282243333327,1.0996462061466088,1.0995276194193324,1.5365941238243783,802.1050650678595,1.0306513350795772,6.854720689944924,-0.024449143347250495,0.054437071474206,-3.4593549213502386,1.2398354263509301,1.239594338412522,0.8926896727315993,465.9857127721405,1.045476138549815,2.5863206766802938,0.07144059824102136,0.0530562553556499,-3.029800841038392,0.9475196208040413,0.9448225615064446,523.0
participant_01,sit,participant_01_sit_017,0.3253875824272217,-0.1028610135505645,-0.1639155212709415,8.48658796198208,4073.6731019746285,2.3700780449705205,34.14567975533714,2.618239325307506,0.11155171939848231,2.913174893819813,2.7622609639594793,1325.9081547874239,1.7815207754898377,4.9733893071529485,-0.00521455781436875,0.20848791107743891,-8.013969839189288,1.6620132838135437,1.6620051034697454,9.832753814911653,4719.803386412661,1.408482549386352,10.520310895526412,-0.03386452314089226,0.0858698332043597,-33.688372467072895,3.135905072038886,3.135722215839862,2.7451636375153843,1317.7012830326794,1.4772930747482595,5.265096398569371,-0.020315330209138865,0.00433992147924145,-5.380364567522502,1.656978077753864,1.6568535353239235,4.822876220703125,-0.24541077685479729,0.04224075030558198,-0.7770146012435721,1.4801862192308313,710.5016504955169,1.563777566162408,6.562404560186735,1.5747219746825054,0.12779409209449255,1.216629039284708,1.5612640818475745,749.4196863760958,1.5331755136311311,2.544070128607606,-0.036971866076187354,0.27240210961721967,-3.0802211913418973,1.2500523991932218,1.2495055349407518,1.8409452489030529,883.6689339122049,1.004683694955984,5.933572261061844,0.01615694186852718,-0.019975040792064948,-2.6248681788262167,1.3569105702564173,1.356814375256635,0.556029223226193,266.8988618536354,0.7446023425029278,1.7740569932494763,0.008306452328282333,0.05850727947308225,-2.7286911324543546,0.7457199342759151,0.7456736707341844,-0.07683505549566519,0.1913171334183707,-0.11466029520425977,2.4576252800270226,1179.6818779975429,1.4486215128688686,11.345950002546243,1.5787004832983353,0.04442100865980666,1.5676814982728546,1.32781345436004,637.3614935195397,0.5956485782333134,6.6578543780505255,-0.0016837638223802136,-0.02256587183298185,-2.906084236797589,1.1523091119229465,1.1523078817573191,2.0676856849201113,992.5064143852886,0.671425670870616,11.325053485037234,0.04033267880342633,-0.012409497213693,-4.895310797914842,1.438510483069057,1.437944951978382,1.5524195174315512,745.1742323760735,1.427964043473921,3.562083566403788,-0.019294539166497097,0.0915584915098352,-4.488052566701704,1.2461106679076295,1.245961282476928,482.0
participant_01,sit,participant_01_sit_018,0.5251661652767499,0.046670700643410806,-0.12083667852389335,5.497207384809008,2528.7764649925234,1.9020558901533036,24.923382718798425,2.385780414817118,0.18936704620244846,2.344612416756554,2.3524960896501126,1082.1697013478959,1.680380674507223,5.295716789736873,0.003514586014419595,0.06715391303753655,-5.747633767553931,1.5337889170172554,1.5337848902796352,6.458162963128063,2970.810641765418,1.4813785193490816,6.639030815784495,-0.05654069545858933,0.028179745868598602,-24.123610472059596,2.541920497059458,2.541291593487072,2.3752758534235663,1092.6475098472422,1.4466167113044333,5.677019867408301,0.003385819607411315,-0.10861900408223171,-5.139495558305131,1.5411967159314803,1.5411929968123934,4.622241210937499,-0.5949183794157391,0.3254248062801524,-0.5307161161315438,0.8353838244839527,384.28386630618195,0.7088977404750929,4.791316721994897,1.5439821016494126,0.14188205306478072,0.9139933394089657,0.8805676695934151,405.0690759779212,1.5478134617956234,2.3568379384594738,-0.0018092970517773967,-0.001438979633601,-2.1041213566716235,0.9383874163421186,0.9383856720951227,1.6042942524312034,737.9894496243824,1.2452685033724156,4.344898403607693,0.005651969606837089,-0.0966100963404038,-3.3098458855327486,1.266619989259462,1.2666073789581376,0.7335096548795162,337.42078110128347,1.2450987321150113,1.9322916809930988,0.029287531089137613,0.044274764140002046,-2.252723958784431,0.8569523991195855,0.8564517819933101,0.2926350043058324,0.2964114186189434,-0.18203117032294155,1.4913732368788926,686.0445686792461,1.372059742877923,7.534028069877985,1.619893628582951,0.1995639769294245,1.2212179317709402,1.4256064893683063,655.7912881970934,0.8201172912245009,5.770523490392765,-0.022058484587441723,-0.13611871331898479,-2.66534179735319,1.1941913858802538,1.1939876420500783,1.8315627293762666,842.5347961688178,1.3190975269171252,6.95931248122895,0.04526407553001433,0.14616684955674403,-3.666352876715356,1.354109141062807,1.3533524039865843,0.8555679477376098,393.5687601376948,0.9974250376691858,2.5705547060730414,-0.012490998537677054,0.0693469495089912,-2.874024415869752,0.92505349725412,0.9249691604251515,462.0
participant_01,sit,participant_01_sit_019,0.1521068571423672,-0.033406151316836066,-0.11601426760353639,5.7931286221172895,2919.822565994792,2.349606579781742,21.044749359082875,2.4498588342938854,0.2658781634224069,2.406891900795981,2.960692139356592,1492.2121649478145,1.3704417961610176,7.228315026856004,-0.054704866360815084,0.09328074471296965,-7.483259125858136,1.721535582484471,1.7206661905659075,6.27767996374401,3164.0005101391475,1.3387220450129949,10.453771440829312,-0.06693708415632557,0.14388970036913817,-20.958485713795167,2.506423854215276,2.505529876841226,2.5484562495015752,1284.4421535583658,1.1751330040106813,6.974429200822054,-0.02520678170659813,0.0080251580891964,-6.526720468094525,1.5965874956749408,1.5963885020575583,5.063359619140625,0.0999865703504763,-0.41129812374705443,-0.801133150056399,1.825855993632016,920.2458314509963,1.2455297307185589,7.66011338061696,1.508132752266666,0.07140679299572936,1.3512423889265819,1.641542933991897,827.3506332877511,1.459201316732887,3.57569805450072,-0.041894814200534536,0.0715123216304974,-3.1707149825466585,1.2819118961335814,1.28122712037792,1.8833018759029745,949.1990921616235,0.8156793953918103,6.82303309036188,0.02326626150257607,0.0251072749004478,-3.9155893923038394,1.3725316735242508,1.3723344621129991,0.5714904173437451,288.03567163381706,0.6385839100971662,2.006022148647883,0.0410934358702964,0.00067001173482475,-2.814240784337922,0.7570859183840174,0.7559698521394521,-0.06575354317486475,0.2934955820345722,0.20167686249965644,2.46534388329927,1242.5527355190827,1.673640666996932,8.87510879804616,1.7203269904204215,0.16720549097147594,1.5701413577443497,1.2960051013889755,653.1967794564248,0.6022476048359348,5.832924443847949,0.0012898768921668386,-0.01242835912047575,-2.89405674527766,1.1384229289553915,1.138422198215133,1.9788984765240527,997.3804581915331,1.0905857829358898,8.554622593252464,-0.046276568012688306,-0.03638411479469745,-3.161833161291291,1.4074942263722028,1.4067332641705934,2.145971372005288,1081.5864715854652,1.1167743988758536,7.338907447863383,-0.04301979568185437,0.0945970846541162,-3.880123188704649,1.465544975367797,1.464913434986958,506.0
participant_01,sit,participant_01_sit_020,0.2886343294383923,-0.019266514831005208,0.08726514779473117,6.892626289899274,3336.1140165702136,2.354279373348381,27.669964182131274,2.1770094764836005,0.09184804430711352,2.6253811704016,2.1149193119386527,1023.638858362392,1.1809046805525454,4.683717688007573,0.07467812735425433,0.17868538878731524,-6.967000433533706,1.456192341225496,1.454276215833379,7.203147146826044,3486.38336889616,1.2291513581049442,9.493887011283052,-0.09590534795364666,0.0594982785818115,-27.284729329924694,2.685580939497478,2.6838679451169063,2.2977915257297,1112.1506331964479,1.0564176949466528,4.830208183972545,-0.036931120116081864,-0.018250079243968452,-6.649824949328978,1.5162966178695805,1.5158468015369164,4.8629150390625,-0.4822749318867545,0.19324347738617687,-0.7391241722803765,1.4520721582059328,702.8148268763367,1.6755585387983767,5.838339283500417,1.3349588225645952,0.16051416903193927,1.2050195675614288,1.4188089093958065,686.7151461956965,1.184753194772522,2.6005890620620677,-0.056334907851095975,0.13609480178420352,-3.2346970727703845,1.1924690902654032,1.1911376534203788,1.3438690722788826,650.4436691042035,0.5955215400146282,5.135305967309727,-0.026490770565155426,-0.042944010888974204,-2.6225850142818987,1.1595563087681506,1.15925367037542,0.4671910172304747,226.12453569786368,0.6086734498172168,1.9724262572568525,0.02104363267337874,0.0531706331024607,-3.001238663482884,0.6838375916155581,0.6835137286335035,0.34423999474858624,0.26144008783983064,0.0557264225040557,2.6377350796278236,1276.6855259669599,1.6079878777120789,10.527653138288205,1.4847063673823218,0.07271551663207501,1.6241105503098685,1.2704631146951335,614.91458311752,0.4033332572669228,6.162441418587206,0.0020464680197711735,0.01811109864890775,-2.791968049284911,1.1271500799478698,1.1271482221496574,2.429322974488788,1175.8123524935247,0.8680470440622916,10.46851587617552,0.02768892282882204,0.0109712276284201,-3.9087214140829065,1.5588744820979683,1.5586285556503794,1.141448258803833,552.4704076358255,0.7861933965900303,2.4968503678832064,0.009102994392126501,0.1610689198526766,-4.25884836660606,1.0684245987952241,1.0683858192637308,486.0
participant_01,sit,participant_01_sit_021,0.5590078982462611,-0.14244366426121316,-0.27583664864262947,12.180233086054857,5456.900242047966,1.707386411284756,40.19162390976078,2.284547703265423,0.11515531098398672,3.4900190667179536,2.9046510701245194,1301.3098268611875,1.2249851794165236,6.59746755660482,0.02250204968258687,0.07171370940544505,-10.113746882992984,1.7044522323504514,1.704303690697324,12.745549368155755,5710.1199525006205,1.2788623902336949,10.116908303503626,-0.0020904621215175586,0.1504987248719556,-38.54187116619371,3.570091558796166,3.570090946762527,1.7470823335509487,782.7098178864153,1.196248400638511,5.37326275409733,0.0399726212194585,0.096355589565641,-5.41391177159707,1.3223767027583717,1.3217724212401123,4.50205517578125,-0.49575381142782476,0.23074695138890788,-0.49423813984698467,0.8962994865574235,401.55047988436826,1.1438777683968888,5.066613721388203,1.7200525063309968,0.14716630595738095,0.946730947290424,1.5232370770588441,682.4239342960404,1.9449699857322864,2.403158292926986,0.02717425525079692,0.18664513183635106,-2.661268891373687,1.2344940328763359,1.2341949104816645,1.473548985522209,660.1629876447165,1.2608445060722138,4.411703675074619,-0.04951555186100324,-0.17980403484064075,-2.770021204823692,1.2149077229972278,1.213898259955178,0.8500540329284446,380.83239353602943,1.331485633604348,1.947792043733304,0.06964040177178042,-0.08704632390340865,-2.764703903944568,0.924610089977056,0.9219837487333736,0.15328552373080487,0.25430715199237836,-0.33593526452502315,1.8363889599675247,822.7185057895921,1.4551873571010603,9.457088832051797,1.5389986688243027,0.10448999873355318,1.3551342959159158,1.307730789018712,585.8752470190435,0.8291169578520222,5.692396699325455,0.023518934430004444,-0.06125227045332335,-2.4749334125231,1.1438023995845763,1.1435605751418296,1.7598814564956546,788.4424673926178,0.8991885079053984,8.731892748239781,0.004901613021339794,-0.0351023561334365,-3.749463496810404,1.3266142929675775,1.3266052376255926,1.1358890540392022,508.8883945413102,1.30202374611424,3.0851426793080194,-0.028764508860713172,-0.10441154672651301,-3.603448787359343,1.0661690536726343,1.065780959690687,450.0
participant_01,sit,participant_01_sit_022,0.3834265599405932,-0.3200570318506169,-0.23868672965261464,5.316939393835637,3009.444697273122,2.2751877026003773,23.074015902824385,1.8292160797169448,0.05105138244745452,2.305848952953258,2.5944905659338264,1468.5003680875375,0.8136662434695503,6.999849760100325,-0.12077428481370303,-0.050243184203221644,-7.42751710545515,1.6152637536347085,1.6107422406871394,4.8229275371315605,2729.8109049251643,0.9322929161391291,10.036391942242895,-0.0733247785564136,0.0441675794587909,-21.332968092180074,2.197340224062243,2.19611646711452,1.2252039895599263,693.4742827234554,0.541357722876441,7.21078719430946,0.01964221175795219,-0.02557740789740425,-4.008349700943125,1.1070635962051458,1.1068893303126226,5.685147216796875,-0.45782014699384244,-0.03571396868539709,-0.6373958027978939,1.2037012035352461,681.3033511312241,1.3881788258862757,4.972332238426623,1.2838235858466187,0.07438645482306869,1.0971331749314877,1.334944969753607,755.5882596199779,1.1404194086171635,2.39589348998891,-0.0599266762261648,0.02072628066369195,-3.307125059109706,1.156951241961874,1.1553981866670933,1.0180860561736806,576.2441149394516,0.715895734904759,4.321709871300549,0.06635788973630695,-0.06938255421532286,-1.987513966478072,1.0111821921414244,1.0090025055338965,0.4906964251847194,277.73785511143126,0.6292571227829895,2.761267008518863,0.013497256963472651,0.0699340000204244,-2.474485327664943,0.7006272911686051,0.7004972699338088,0.02178500525535025,0.1851696878763182,0.288942950356542,1.4014687014756047,793.2425958592628,1.17051463920092,5.362137414722885,1.1470457092002473,0.050313230289856556,1.1838364335817702,0.6894036688379723,390.2074443142289,0.34269988299912,5.295011357745987,-0.008535848860233836,-0.0039808068091103,-2.925755077346821,0.8303472343265419,0.8303033595246814,0.6717987954830118,380.24300175560796,0.587292088460506,3.233882963636033,-0.03755151841224541,0.0004967564767138501,-3.283526317970297,0.8204930907802193,0.8196333299000302,1.3544827882721413,766.6470425006038,0.8127404615080746,4.896288455360584,-0.0037855813751233726,0.0862327443470442,-3.4777561233828664,1.1638286467081351,1.1638224900181906,568.0
participant_01,sit,participant_01_sit_023,-0.5528439679134798,0.12758780055616095,0.5905662986041923,1.2806786168896267,99.908940600102,1.048092616530813,6.10711955588105,1.9892685445500926,0.2571462377878964,1.1316707192861477,0.9716685929373893,75.80229610652808,1.5645924730866545,0.9364982683247076,-0.4749672804388469,-0.2406910111481982,-3.149651299626075,1.0941949142748122,0.985732515917675,1.9671627324682472,153.46328266667913,2.145312450928927,3.0894798571105317,-0.11860506537452253,-0.1569617987665704,-2.0893775618465766,1.407561683906159,1.4025557858667324,1.7242569570515653,134.51359586198518,1.6121813623488643,1.5056106443386403,-0.578894288924067,-0.4107675442210705,-5.016062971911453,1.4350524571598302,1.31310965157201,0.776776123046875,-0.4312702225542943,0.6006131656598986,0.32756577722508945,0.08826784966800186,6.885995622224994,0.4526381071057596,1.3100637510496347,0.9356861872194199,0.30533827717871076,0.29709905699615047,0.076342365402905,5.955658780994129,0.5287436500814882,0.2098340162619041,-0.2658018366964284,-0.4156779597348981,-0.55387715472689,0.3833966376927421,0.2763012222247759,0.2592265043503087,20.222907670628455,1.0134827942475333,0.8774850146958209,0.12062042609290152,0.1457320896794245,-0.5749337179282624,0.5232358851809973,0.5091429115192597,0.25862956698820977,20.176339094667718,0.9040007420259363,0.4682333951347688,-0.5332711789491027,-0.6002567920573251,-1.2034122798096112,0.7368905734815555,0.5085563557642454,-0.6808169899170484,0.17921443978654178,-0.0929204838676338,0.04943236316138195,3.8563422311273086,0.3700016537059895,0.9688393786530761,0.4883691348283938,0.11523537541655252,0.2223339001623053,0.11625711844021194,9.069508452317033,0.5351990626171801,0.4543424480016741,-0.1694561861504266,-0.135976157169934,-0.8959128118718078,0.380752567246578,0.34096498125205166,0.0629972430673773,4.914572424793772,0.31220232763454386,0.6211967669653188,-0.051592277136036695,-0.0868105867748891,-0.5898862959410752,0.25624013371729837,0.25099251595889727,0.052825292856238104,4.121033158947274,0.28996351895939837,0.6634642526469072,0.1564607253142426,0.1113565921430177,-0.14886798443875,0.2780382193549962,0.2298375357861246,79.0
participant_01,sit,participant_01_sit_024,0.34286174185802865,0.1199521276526609,0.014033052376910658,6.0985835153485946,3317.6406019165142,1.9671580530492336,25.108317871529646,2.385871523328519,0.04730981640663019,2.4695310314609524,3.07187199805378,1671.1039930804468,1.5132647941451738,8.098484463074191,0.010377033381718113,0.0991339774961262,-6.391753477259248,1.7527063875263267,1.7526756682437798,7.07035440639058,3846.285746443521,1.648024364941502,10.894652834070705,0.013201057532961,0.0292302347071284,-24.368304183962785,2.65904657242226,2.6590138033471318,1.647923892198934,896.4736155318469,1.2365964068925523,5.934216492265563,0.0231126327676478,-0.0150078626380441,-4.840733115993426,1.2839229283692952,1.283714879636025,5.454456298828124,-0.6614253183470641,0.2815718533724215,-0.17380336340135077,0.7213579762266279,392.42006023574027,1.151486411821431,3.787854033820626,1.4288627553612134,0.1548152038151103,0.8493279556370601,1.2349983668812965,671.8413734851961,1.2926715406785916,2.6626098947403647,-0.01041555987805457,0.0403932768490938,-3.138378628822274,1.1113536119385539,1.1113048037695583,0.9622085457798287,523.4432111909406,1.0013707228528104,3.103668638316289,0.008530685465712931,-0.0507156289868444,-2.57932020910403,0.9809593867099409,0.9809222934462386,0.5635620811487301,306.5788043098929,1.2754553587522452,1.2915011143716328,0.045348644887396,0.2130466021246266,-1.7878328983501022,0.7520761801452385,0.7507077201872444,0.18990335739358602,0.1345131383409747,-0.09712752320526519,1.2752578637239902,693.7426135029639,1.1004832007573313,6.518156054469442,1.3872089021775178,0.05370941071464736,1.1292731572670938,0.5480637406310926,298.14767868305915,0.5584046005918216,3.475548911863582,-0.024251690290722307,-0.0244657511943256,-2.041573750107724,0.740710392199981,0.7403132719539024,1.486094865279852,808.4383284977071,0.9575463439554233,6.253044028038962,0.011605933562309307,-0.0283198983567361,-4.383681825525563,1.2191101521083747,1.2190549065894662,1.161875880305914,632.0626068642199,1.0886172254885258,3.4841791405647964,0.05337671413524862,0.1552866126919316,-3.769881293190513,1.0792242370878213,1.077903465207304,545.0
participant_01,sit,participant_01_sit_025,-0.510798410208851,-0.11984827812989657,0.35785599288614883,1.6828536714119946,158.2057748384714,1.951389934006316,4.684305017870024,1.8047049464320177,0.25118417300026663,1.2972485002542862,1.202100256024924,113.00994594400977,0.9887292362876691,2.977997091621482,0.1821914060093371,0.0377443449116133,-2.12495495941546,1.1114377915333737,1.0964033272591451,2.4520569266531735,230.51889336505096,1.552774011138268,3.8005949261631033,-0.31401405816072997,-0.1873661934770347,-3.518658941029698,1.597079132471445,1.565904507514163,1.124235928063529,105.68988802888906,0.9980003463625364,1.1267778429607769,-0.1721103343798136,0.0744727526123062,-4.0639072319408935,1.074177776377756,1.0602999236364818,0.936119140625,-0.560576789009912,0.5081910059265144,0.14439547205391773,0.034376471430453824,3.2317464027067255,0.17593209799004528,1.071070535871277,0.7958546184408979,0.3271014556714707,0.18540893028776642,0.17434332762943094,16.390088873495994,0.8431005624756457,0.5422301578042616,-0.0194056419670121,-0.0444706577023167,-0.6766187762694971,0.4179951035234538,0.4175444019855025,0.18144865943514635,17.058064077106206,0.8698156159954196,0.4847824023287824,-0.14408004059942836,-0.1775718532969209,-0.6899950139474185,0.44967512443349505,0.4259679089264194,0.24619217599742033,23.14462904559082,0.9750819560911178,0.6208236916291938,-0.21128474867552247,-0.2445303084913496,-0.8749019020903261,0.539289737544021,0.49617756498799936,-0.2648250287677403,-0.28225231949862895,-0.30700224611482363,0.04980576302432227,4.682260534317796,0.3062095182575924,1.2020892577311264,0.6449547169943666,0.14288590464445936,0.22317204803541654,0.18025521463741098,16.945867834402442,0.6322162533019374,0.7938683966146328,-0.11481113870622747,-0.098910171741143,-0.8727827850420531,0.43981452023373624,0.4245647355085099,0.18760965061741636,17.63726142523107,0.665908875475523,0.8139054582985608,-0.1024424595375249,-0.097980198108673,-0.7927006723084107,0.44508887666792324,0.4331392970135778,0.07401244208232616,6.957940518677016,0.4037533682105321,0.5130217290376353,0.014798228722867448,-0.0087743511830182,-0.5427249159039284,0.2724544542775185,0.2720522782156513,95.0
participant_01,sit,participant_01_sit_026,-0.05530839078887309,0.22766085943155487,0.37955179169939157,2.7587741070900926,678.6695544333041,1.1614297990756457,14.103748596271833,1.5317454703246582,0.2643099063668267,1.6609557811965052,1.1060342906965623,272.08889532704256,1.1538580137257295,2.5354721966808853,-0.1779710551054958,0.1243970071102224,-5.081676611494362,1.0666339518091132,1.0516816489302085,1.044020569571532,256.833269874958,0.9672440326890006,3.6975012525769166,0.07175669244926876,0.0034400021130227,-3.938942934926077,1.0242897990719184,1.0217732476295962,2.918114550330006,717.86794597211,0.9350118318601373,3.838846686602033,0.0051149765862703155,0.0250806178622056,-12.939839381802477,1.708256629817512,1.7082489719973508,2.44984521484375,-0.904073134167299,0.21713191784920732,-0.09333184760928466,0.3230963333574573,79.4830008137303,1.0079144949282537,2.475542365844277,0.9814166338833187,0.11154278982930388,0.5684156343358768,0.3220836579056901,79.23387856922679,0.9120833027948814,0.9961843978351328,-0.008883983989535178,0.0103555584917412,-1.29673508288261,0.5675936777988426,0.567524147420786,0.5469771626076341,134.558587554553,0.8267693045001756,2.085601652227903,-0.025351674043005177,-0.1451505855007321,-1.1721500221346548,0.7400134255433592,0.7395790441917849,0.3960895101750845,97.43961663819246,0.5954068451787664,0.7481148668265509,-0.14283899811887313,-0.0606116070849414,-1.5921961073122404,0.6453622932575841,0.6293564253863502,0.29785180508312314,0.04921742876833465,-0.45902259248439037,0.14075380438289273,34.62600343385445,0.642688556626183,1.5475192772634925,0.6080994101959505,0.06485779923113554,0.37517169986939675,0.3270028678355439,80.44402404749472,0.672547031805601,1.5382477710175404,-0.14628662792374383,-0.108995454511376,-1.2610622754067708,0.5902564233829597,0.5718416457687774,0.10691126788654587,26.300602993912403,0.35189275913161316,0.8851208821750716,-0.03651173163194729,-0.0373243735645873,-1.2279192228077809,0.32900512827813067,0.3269728855525269,0.053861513203246475,13.250149431519612,0.2674268226800859,0.6895284179927917,-0.00549218373293338,0.0036606284398194,-0.6308705269872764,0.23214581039812623,0.23208083333883148,247.0
participant_01,sit,participant_01_sit_027,0.3865926002837896,-0.08338106116166086,-0.19143125326183383,7.591599308357949,4433.506951028668,2.4200216565328656,33.555813347254464,2.655942444754503,0.07041201329412528,2.7552857035810185,3.4666669352740453,2024.5394060139242,1.7974314788443486,4.976960675731295,0.016870857743058996,0.1796836306665316,-10.41161748349038,1.8619751773627466,1.8618987446351762,8.321146741710013,4859.563897067761,1.594821960686832,11.288717485461492,0.0016896223173169759,0.0838803658756244,-31.583860383240346,2.884640288932675,2.8846397941008184,2.856458286772867,1668.17651397755,1.5316427580296088,5.284039782010714,-0.032712899366904684,-0.0141225603228091,-6.068272516460411,1.6904225568057996,1.6901059986796294,5.8556408691406245,-0.45231789116891913,0.0963999103187935,-0.3148975988852086,0.9311100801015582,543.769875704361,1.5238020711140332,4.135122252141959,1.3131337353714527,0.01207139463959699,0.964940454174017,1.0148350532952957,592.6654029248848,1.210308814285384,3.154377233289474,-0.07161204988579681,0.0856381580272884,-1.94341187751679,1.0099323437657302,1.0073902189793664,0.5911541327442257,345.23502231807606,0.5517588968221054,3.0793559470557885,-0.03547386082040117,-0.0019566901827308,-1.7757463341919535,0.7696833943549327,0.768865484167566,1.032795834456573,603.1545297728678,0.6408867385943998,3.748244720367574,0.10128467843507917,0.0315329904777454,-2.6533310719717447,1.021300357653061,1.01626563183873,0.13046165201639046,-0.00910519496786159,-0.1749467362558877,1.2602550965186872,735.99112697288,1.646254232321581,5.8179397183941575,1.4296511841613149,0.05675127804847424,1.1226108393021543,0.8332493844961533,486.61906247303057,0.658732340559484,4.544963229808245,0.019896293777350107,0.0300335719918848,-2.144106319099879,0.913041755344315,0.9128249473454115,1.3943553236992683,814.3058884863177,0.9948619994801134,5.031873655793604,0.046462744320088976,0.0638043615868582,-2.8641220377164,1.181741981275533,1.1808282363236697,1.0703955687869189,625.1128387851592,0.9116461209327891,2.632017450280776,0.06002231913520233,0.197536652849065,-5.121095885179984,1.0363388671574982,1.034599231000545,585.0
participant_01,sit,participant_01_sit_028,0.37936827634669384,-0.18699351671252995,-0.5260220203575088,9.025981829509362,4765.735436135339,1.8683496006286344,37.257260246935225,2.528171928611339,0.1012719898313012,3.004327184164428,2.6278651768342955,1387.517771604691,1.9675884736534655,4.245971705206008,-0.03622745915867278,0.0783329046833889,-8.35585475374344,1.6214738991520612,1.621069146222423,9.631179657902903,5085.281031409823,1.5573884422395399,11.5890093754658,0.013776690934068804,-0.060322192608656,-35.07329583131752,3.1034447723644116,3.103414193739357,3.145880424912435,1661.0307999772092,1.3833227545435642,11.3841174950255,-0.10586616299799784,-0.0418323211571475,-7.963083750678562,1.776819650212242,1.773662996432083,5.294044189453125,-0.10982095062467044,-0.31277196550794967,-0.4843219577862779,1.0764544090754864,568.3699590379118,1.0652850289721654,5.0670103617569735,1.3768530901393876,0.22733933389281896,1.037523208933413,1.2563379775574537,663.3488225993498,1.5512140750555792,2.949614454337342,-0.10990508140875564,0.2583251137939664,-2.827105196010739,1.1262402516678751,1.1208648346511072,0.8216886999529283,433.8531839311836,0.7254162137570981,3.2659759426629806,-0.08789959520614847,-0.0372860930598018,-3.036084596107866,0.9107222621580814,0.9064704628132835,0.8572939958176052,452.6528473275368,0.5030237956542611,4.0439579106189685,0.130585993954212,0.0467523123187734,-1.5751271733554617,0.9350650766842995,0.9259017203880794,-0.08723812946806317,0.20274543612763485,-0.11578917572446255,1.765339014310914,932.1023303844914,1.6369530203904097,7.147856520037482,1.4672771023958515,0.04675485319064423,1.3286606091515296,1.4985564873930564,791.2406528086043,0.724255745446854,6.2513497771157125,0.007005807799588781,-0.0208079428665637,-3.663298299313391,1.224175464848067,1.2241554179895036,1.2429975831724986,656.305069193538,0.8490879053940479,6.226557419053389,-0.04507837079838369,-0.0097833280724851,-4.968635092159098,1.1158089633473711,1.1148980146957383,1.1715194500486197,618.5644800397279,0.8971868717960145,3.54089359716054,0.0555558102734952,0.0551041402844699,-4.1661109863830665,1.0837923685391793,1.082367520784239,529.0
participant_01,sit,participant_01_sit_029,0.13584785457975326,-0.1455489001506,-0.21872579733160166,2.9178299976901783,1844.0731607957098,2.1045117423085564,8.798112809087572,2.69189488043009,0.21195148187146484,1.7081656821544502,3.30880795262072,2091.1718449962837,1.8807830691793104,6.922634387847096,0.033030639050635684,0.0301006516280408,-5.8717943443216285,1.8193127756756982,1.8190129061171392,3.639103842877407,2299.9193686099456,2.4592709281571423,5.4714372242078095,-0.05767101321619545,-0.0432452756316605,-8.732016981360516,1.9085150742508663,1.9076435313961062,3.2117946856559993,2029.859307256809,1.4836595271943644,5.166331527167318,0.0021435811866780184,0.0548308386051595,-8.213227794741233,1.792149346621621,1.7921480646576051,6.3371376953125,-0.6766901643984224,-0.1996800440645047,-0.14517356548174307,0.7565650182705671,478.15028486721667,1.1760035513278853,3.8238326708660524,1.4143896151000737,0.38338001151305384,0.8698074604592485,0.8875071411670616,560.9059130711179,1.018869572763457,2.985095986287585,0.0017253513639940514,0.1521654138000334,-2.89749700854244,0.9420775541346853,0.9420759742011584,0.8305332381805647,524.8983165194514,1.0975962089097622,3.368131928799348,0.0077262736954174455,-0.1560685694368702,-1.988866754986445,0.911368714344409,0.9113359633969048,1.0376041872908743,655.7674829674969,0.8641400203217136,3.2424842381383487,0.03682068430183506,0.086334150793027,-3.609998109630254,1.0192938487420249,1.0186285816188716,0.2088068079273604,0.2409237358095703,-0.24038617118602257,1.6189748106574688,1023.19463392355,1.336960783452266,7.817216144807766,1.5408212078321086,0.034406245171420366,1.272389409991088,1.165469524895897,736.5785780142146,0.8066610870906465,6.138481026910121,-0.0009135901787984885,0.0337019775804283,-2.4642158913719694,1.0795695251084627,1.0795691385436585,1.8082468048699214,1142.814832802088,1.1164471972042835,4.113956989867825,-0.004212768112116189,0.011486096268112,-6.465156774138423,1.344717275967364,1.3447106770119441,1.014134312879325,640.9344853206686,1.0547073502462356,4.516920885169555,0.07235731100131707,0.0803657810584168,-2.6819254403995045,1.00963849636128,1.0070423590293136,633.0
participant_01,sit,participant_01_sit_030,0.4590394933342202,-0.10064744926745642,-0.37104852373073677,8.214294805514896,4517.948232131577,1.9892600543799321,34.988969371933514,2.4113644945750603,0.1604057228988177,2.866059107121641,2.2504986488482,1237.7907483294298,1.419893482427244,4.444454944014453,0.0276878706377317,0.1566286961263414,-8.527633601207112,1.500421696400266,1.5001662070744695,8.788104507114683,4833.521007873018,1.5185248977456742,11.17940240624337,0.08524614461459995,0.1652393753038603,-33.09208110962534,2.9656991439264937,2.964473731898241,2.9791554887659153,1638.5571103564632,1.2511509873957922,7.79910597924914,0.056403573745159294,-0.03633426742917055,-8.813473741294509,1.726944368500949,1.7260230267194918,5.525099853515625,-0.4832291636163552,-0.020483728779762095,-0.41152062969807157,0.8395202377116668,461.74232120972044,1.039589347851829,4.424554950581788,1.2068240430220711,0.06314474446894561,0.9162533698228165,0.9828107735849229,540.5532837340928,1.0178866788884173,2.704853982072353,-0.05414280696610799,0.08120414563662359,-2.5338048265300808,0.9928455152394516,0.9913681322217912,0.8514717814109592,468.3156635893844,0.8072845242941511,4.008374878834785,-0.015118230080221564,-0.00252280280433545,-2.949891291388953,0.9228761251065701,0.9227522860502483,0.4583386323246973,252.08956128887397,0.632907238586603,2.1019390172510413,0.012779545386971828,0.0745925609777079,-1.9362364334437905,0.6771277199354602,0.6770071139395045,0.03967206666265704,0.1919057268136238,0.07601466986227991,1.5454876937739275,850.029423551348,1.5941805930249506,6.113458432812381,1.2848997755968967,0.024137399078407607,1.2431764531931608,1.2924612957648975,710.8631143206237,0.46623467290593074,4.901015462283079,-0.0037482159955561567,-0.03029721435174135,-3.68944436349331,1.1368708567326575,1.1368646778596376,1.0804421149846675,594.2512886773814,0.8243381243396839,3.3041000286770457,-0.0428466988271627,0.0234028516613337,-4.315043502016531,1.040325888645021,1.0394431754476372,0.8215678202413725,451.8682336578207,0.6058656562041844,3.315277341843908,0.011576156029116335,0.046517805229815704,-3.3042087539302263,0.9064777038790215,0.9064037843264847,552.0
participant_01,stairs,participant_01_stairs_001,0.4117547949635282,0.30797025544150597,0.1574669289825696,14.078847824268937,14726.488258200414,3.3770115002389707,41.21151864711087,5.662680144342005,0.42069531297856777,3.7521790767857732,11.577247480960697,12109.81191207676,4.629205469841324,8.40417735099519,0.02206180861950336,-0.0357976343536373,-24.037525934775054,3.4026069717732987,3.40253544889112,21.742752196787364,22742.939544740537,4.807013781881668,12.4370689410104,-0.0010918109198044224,0.4476599895613254,-32.7854124481952,4.662912543554559,4.662912415731971,12.824193178913879,13414.118301969469,4.635418159982254,13.885549464570776,0.010652196089973396,-0.121438716097098,-15.644712723592724,3.5811041102145325,3.581088267400551,10.486232666015624,-0.6645133936060706,0.6534387012649258,-0.5822252201439595,1.6260547615245566,1700.8548321336573,1.8301653412894145,5.821790847105604,2.704876732396131,0.36235129821510365,1.2751685227939704,3.6145379339902814,3780.8101279404127,3.3983916229047586,4.739864947546259,-0.05936979490695203,0.3736833574645275,-4.630630145782203,1.9021205814925548,1.9011938181022685,0.5329180150970594,557.4327523010804,0.8450067651089368,2.711627012111514,0.02215103514125983,-0.2123444221117094,-1.8153820844046435,0.7303483302198266,0.7300123390032934,4.787585518298774,5007.8190204473085,3.4602394704731436,3.5024919399245595,0.057930913088686656,0.2180467029504652,-5.037390821119937,2.1888219454743374,2.1880551908712844,-0.06309201336732455,-0.40234113748336015,-0.0675751467743,1.7928148441976999,1875.2860377319817,1.6945473555646111,12.08544756862426,2.484219354381925,0.23644762261753807,1.3389603594571797,2.147251143928961,2246.0267454534574,2.150608008575105,3.946691343762767,-0.0043143593641106846,0.1268472455909108,-3.900096145532498,1.4653565291851958,1.4653501779195854,3.585829503847762,3750.7810826177983,1.8904360386048054,11.46509179207866,-0.008900092635540903,0.3183245255081577,-6.366118699623177,1.893649575686242,1.893628660494914,2.2302143189499484,2332.806305688744,2.2365856368461277,3.648634167530525,0.027710157183458085,-0.0543701899193638,-5.96255970289027,1.4936472715340392,1.4933902098748164,1047.0
participant_01,stairs,participant_01_stairs_002,0.42405185271634754,0.3332191552044664,0.14885755607862833,15.589738983146118,17398.16264950144,3.897959220576901,36.848203450843094,5.557170769351047,0.5789811543513486,3.94838435099043,12.212088958477693,13628.702200817603,4.347541085750976,8.954275758585778,-0.07219518934841902,0.0294521332712474,-24.467915031309,3.49532560769991,3.494579940204215,20.038029985348096,22362.459386752224,4.297389854590918,10.389554350168709,0.0013746110981318253,0.4829641406347755,-34.126728944285354,4.476386028360799,4.476385817302626,14.216476201334473,15865.600156678727,4.434943681126827,13.16972200235426,0.008761437943879319,-0.211021836127183,-21.83237873992762,3.7704844468754035,3.7704742674277028,11.187956298828125,-0.6973762065540069,0.7322389007181236,-0.6601857437167737,1.5527469149668927,1732.8669459643368,2.0248426408465185,5.064234722308242,2.4462824840189916,0.21859716545742333,1.2460926590614732,3.0071500787046888,3355.982177593002,2.8272469674054657,4.181829816289249,-0.030758362471593016,0.3406497527677787,-4.800041822023163,1.7343863916574709,1.7341136291214279,0.5141712662089515,573.8155929919327,0.8456680950080429,2.3990372970018554,0.004295470374808834,-0.2592762288784977,-1.5248124398371954,0.7170702317588511,0.717057366051665,4.014229425345036,4479.883629230165,2.9698840253196166,3.6315095854185366,0.02301322225740778,0.1040875906922677,-4.337205338418064,2.003686361121347,2.00355419825495,0.09739922042192832,-0.47720901672613797,-0.15683992512144482,1.5719391767313928,1754.285527260121,1.6870179422186122,7.336971621688552,2.4776549783052997,0.31211311526721364,1.2537699855760596,2.013016099334243,2246.5277674080885,1.9258232858006952,4.823759387677276,0.0006316415313724721,0.0845198201129786,-4.244162891809247,1.4188081259653353,1.4188079853645605,3.6856376356311786,4113.1748979991335,2.4360882909945256,6.719487848626057,-0.03034714124417218,0.204605261302384,-7.103772182791423,1.9200412976321297,1.9198014573468734,2.0107853187865423,2244.0382143215234,1.9685220510556474,5.341952369080725,0.018787403965021557,-0.016495697467887,-4.693164259873692,1.4181460733416311,1.4180216214101047,1117.0
participant_01,stairs,participant_01_stairs_003,0.5142759591745051,0.34256028830145946,0.29057257956006194,15.391937576660672,17239.037427782037,3.5673752263187493,32.03194569026467,5.320039355734159,0.29890397812753455,3.923255991731953,13.701376587035908,15345.590550493356,4.371551736298345,8.806551559851451,0.004456079203005457,0.08258849783143024,-25.33069564335292,3.701539739578352,3.7015370573635904,18.841008280780034,21101.996564914025,3.947458315927537,10.987275716232986,-0.008847176233424526,0.20285578483700517,-27.20878304230309,4.340632045371658,4.340623029103084,11.15121590444132,12489.401551323952,4.3215455677453765,9.49601364932792,0.032518022611531805,-0.01360579434903025,-17.700915175886024,3.3395019578128537,3.339343633776153,11.237986816406249,-0.7612955945433131,0.7709641570947772,-0.7193686372554106,1.4805559226516827,1658.2279197190326,1.7903055041793572,5.426556364674076,2.6213181316022673,0.5398475996970035,1.216780967410192,3.280039135473577,3673.6557213995734,3.1910563265887166,4.199354436225458,-0.03946450702587337,0.41786936405448677,-3.701504837578624,1.8115177566859157,1.811087832070432,0.611715719991573,685.1237849809382,1.014170588106133,1.900504246811892,0.017694101076456404,-0.2695722866877555,-1.806791830612703,0.7823226963373087,0.782122573508509,4.456646131358736,4991.4596049827005,3.2794387310079864,3.2904213768450044,0.0399143378612158,0.150240442428774,-4.577789661766346,2.1114543058578454,2.1110770074440053,-0.06339628618660474,-0.4765190142324335,-0.0846788341625653,1.4998120993313508,1679.7950309690264,1.5398338739092599,9.894244892221705,2.3623633950561995,0.202828756887919,1.2246681588623716,1.9846759895845845,2222.844366888718,1.8080400704566841,4.773912085428579,-0.016675540010484293,0.0986052435288036,-3.685440408164173,1.40888397791274,1.4087852886741061,3.4416422663613138,3854.6518749242014,2.275075333360439,5.464941968626636,0.035895670751563906,0.27535910190144475,-9.21349598562311,1.855513612329486,1.8551663716123452,1.652599579997439,1850.9174763623646,1.7855450526418926,3.0256133383845456,0.009407490426327427,-0.035350095620328245,-4.058839756258775,1.2855691661180897,1.2855347447647765,1122.0
participant_01,stairs,participant_01_stairs_004,0.3985119555729202,0.315880000558125,0.13663516288271912,13.511463804399764,14024.912420759072,3.5851423775997775,38.55774186762037,5.629056767613786,0.3195223792075437,3.675794309315983,11.649225452140785,12091.907220500454,4.4022611852307,13.211516235686032,-0.006854950539184293,-0.0907398557594991,-26.913060253306544,3.4131030518411953,3.413096168018239,22.223718072821082,23068.24072854796,4.549790018917997,10.28716764202069,0.06233297163098,0.3932591377635221,-32.24879314024192,4.7146159411105195,4.714203864155758,11.319212975197305,11749.35395211343,4.513369059682108,9.4902862633136,-0.04068178412897599,0.0869531933210072,-16.925710876095593,3.364649756327874,3.364403806798064,10.405813232421876,-0.5307425853227923,0.5975814583751278,-0.5375500004052974,1.4583876447949529,1513.807777592973,1.9614338199938728,5.6065556117560655,2.6033318311482536,0.12508813706718885,1.2076372157212416,4.125732996190772,4282.514817096979,3.728608767854729,4.979488257147864,-0.07069368906970273,0.4326293620269261,-4.222293355830387,2.032419886210784,2.0311900443313453,0.3655486359494879,379.43983560464136,0.6780391756194273,1.855222825950489,-0.010879532921692093,-0.1704268656984754,-1.6782864319869026,0.6047040600046291,0.6046061825266823,3.7329140666306757,3874.76839050309,2.8509710471996197,4.053386991095831,0.08007875612707518,0.0404637021120953,-4.552276551850347,1.9337338684042167,1.9320750675454295,-0.06768166926810185,-0.40464392271843824,-0.11194408408242229,1.556611311145537,1615.764037710712,1.457210662336794,9.435791185058736,2.442600444161775,0.14300674996919852,1.2476423009603101,1.8142240655268136,1883.1663244630495,1.8357254575436945,4.80524753202526,-0.011137712563562791,-0.0330828330541219,-3.813837868521124,1.3469773992788305,1.3469313514529289,3.4446429443672044,3575.5426884098347,2.2614944631190763,8.174281238513242,-0.01631252212619113,0.1663365616687273,-8.11205691400451,1.8560466165334646,1.8559749309641023,2.262728210576254,2348.7140582783536,2.1861848774933685,4.393573624404708,0.030378832684943794,-0.1247304880834962,-4.713724898337175,1.5045434802795012,1.5042367534986818,1039.0
participant_01,stairs,participant_01_stairs_005,0.3522751945597096,0.35819375075683035,0.22603930036782174,12.51200556981922,12562.06602947978,3.5609421506837275,29.388321577685215,5.881777433628542,0.740847530783835,3.5372313424229436,11.249005053714725,11294.012255843158,4.922643765358059,8.268048140529263,0.029595571233595606,0.0901197692603387,-15.487332065537649,3.3540842195078175,3.3539536451350553,19.346902459373755,19424.309300724628,4.830922644404416,9.720551979473994,0.09920465102768519,0.4976699359920161,-24.893418871697698,4.399629986960186,4.398511391297487,16.500327401486228,16566.34511300808,4.65869314822408,12.001264311016582,-0.018946592419137133,0.0434962569171034,-22.91961233296269,4.062103688343089,4.062059502455155,10.064903564453124,-0.7112676069346282,0.694232155337646,-0.6760489533202299,1.765090772834851,1772.1528904895833,1.885812443865708,5.912747184302069,2.707061609056241,0.18057775702925793,1.328567187926471,3.9027827314934593,3918.39774192513,3.2278193632474297,4.927012148977748,-0.06749145419245241,0.2121895581708972,-4.803639529024377,1.9766987195530001,1.9755461856138568,0.6138518507981667,616.3078683920661,0.9228537473021274,2.7793545304025087,0.018686741433887634,-0.2753339077328448,-1.7635774999177896,0.783709796483101,0.783486981894509,4.570387503609371,4588.673596752542,3.167169682537825,3.4821029253716915,0.03670083739631125,0.1420263551565693,-4.662466192378817,2.1381614660906605,2.1378464639934673,-0.042486471816204865,-0.5232717786827025,-0.05099016618978498,1.857312262456896,1864.7433577415773,1.6770065506922804,9.9814220740684,2.596941400402906,0.45884057920109156,1.3628324410788348,2.2097919056433097,2218.6332698781143,2.0647605662926276,4.345999021145693,-0.023852664108264313,0.2266903383814866,-4.106354086176819,1.4867282385252427,1.4865368833780443,3.917780815486846,3933.455833163123,2.1909582653050097,9.82751696465759,-0.00722260669734667,0.1081537385322898,-6.62584639708119,1.9793516568650327,1.9793384792619089,2.4724287027963214,2482.3208752901132,2.155089576360714,5.21351935096787,0.028184393278204926,0.0140153296300696,-7.268157165688299,1.572648423145104,1.572395847996401,1005.0
participant_01,stairs,participant_01_stairs_006,0.35784243456899795,0.24415910179139427,0.1074715024092829,16.05381611147347,16695.98416266572,3.7707118208604946,35.793456163745724,5.983229911119553,0.5417759208647165,4.006721366837663,14.521457712032758,15102.329956653906,4.879866106141213,10.405809197243846,0.0004947582788843633,0.1367667280286275,-24.58048896832269,3.8107030790680234,3.8107030469498353,25.754268431487972,26784.463884936,5.019347811741685,11.911942757900537,0.045519806490867634,0.3722902150418804,-32.721454917539965,5.075070490571627,5.074866346169914,11.573339982644507,12036.284688802476,4.491926395006606,12.955747289968777,-0.04144703916090043,-0.0241505057224152,-12.797604945913186,3.402213667555245,3.401961196522457,10.4257685546875,-0.43088092291422975,0.6479500356153444,-0.5566108220176919,1.5207831294337801,1581.6159140959003,1.8521553017209142,6.2501494824093875,2.675777896563105,0.3103337292643308,1.2332003606201956,4.828372064818319,5021.511581165431,3.8712248883968483,5.745565158320974,-0.030585458215394743,0.3740248384806695,-4.841365307874491,2.197568550710663,2.197355698292454,0.5148155568756462,535.4086732155058,0.7248729748121129,2.497710092552843,-0.03446344344929696,-0.1778146075913939,-2.3515033100190843,0.7183336869519827,0.7175064855983158,3.3318679158111935,3465.145830013619,2.5939972752278666,3.361212884213429,0.058238685387552495,0.0776293843700103,-4.4857167169245935,1.8262693285183498,1.8253404931166113,-0.07382398230213931,-0.3711650210252018,-0.19975639161094544,2.040416590784794,2122.035212589498,1.6160355742717962,11.105553570221222,2.5669605344524253,0.175995363378107,1.428431514208782,1.9409213862701982,2018.5601044094772,1.705974895906452,4.130541899819875,0.006227369406019026,-0.011056912853616,-4.072649916060036,1.3931834647310157,1.393169546849987,3.845786308814729,3999.621451941126,2.0654106774630474,10.682254876800158,-0.02257294105815178,0.2456571804973465,-6.775943598559668,1.96119755417009,1.961067645139945,2.842156675773644,2955.8456704021673,2.375338382612603,4.7978906938763135,0.017037827466230785,-0.0522649543339757,-6.238796658215648,1.6859558011224414,1.6858697090147992,1041.0
participant_01,stairs,participant_01_stairs_007,0.4606978088671234,0.320273712001544,0.2664818962212749,14.357431041078923,16798.20656843012,3.7404346240852067,34.120454082234495,5.246043901789605,0.20559721212491194,3.78912008797279,11.964470281215483,13998.440437614505,4.056952944615483,8.278121935810386,0.019264069039568926,0.1376323118901417,-23.686998643821426,3.4590231837285286,3.4589695403711613,16.418095571196197,19209.185826913515,4.270809695217893,10.851307050956212,0.04813016357291858,0.5183219424585835,-31.389231610819326,4.052210764982709,4.051924921712667,13.493033584602193,15786.860806811856,3.7201195252599897,10.493665132151367,0.01098210214111433,0.122581370232376,-21.54961427942261,3.6733028994584194,3.673286482783802,11.729255615234376,-0.6544507358541383,0.7158542970339002,-0.7052932236193785,1.3653691287671534,1597.4830456482941,1.7567546279305994,5.489128221192269,2.4949289035318545,0.30720028731686766,1.168490106405336,2.73008736640742,3194.2045481227624,2.9249585357133228,3.125237128374791,-0.022901310753319824,0.4546101191910506,-4.100559342144442,1.6524563039432059,1.6522976022519127,0.7031563896735906,822.693575880891,1.0489372385975342,3.060613978087133,0.012955749525834923,-0.3130020540593997,-1.964537300967075,0.8386442875971712,0.8385442085385783,4.155424675453445,4861.850415864724,2.9890143678705137,3.4419248705943843,0.026050133039266603,0.2606098677480288,-4.541701854026419,2.038652320746431,2.038485878158945,-0.003925248401404919,-0.5366170565600069,-0.12135639041284679,1.4416273492691032,1686.7052287023157,1.5076752510190596,8.233398181149088,2.287266793650872,0.09150392633452217,1.2006778707334882,1.7481541747203184,2045.3418760218979,1.8190974455019229,3.503219936391294,-0.009663373421073889,0.1646466485028192,-3.6975327477867816,1.3222131278678915,1.3221778150915702,3.24258823533954,3793.8310020607723,2.1671353955091988,5.520191166205327,-0.014014249999463067,0.1879978222333173,-8.19126438058718,1.8007733434673523,1.800718810736296,1.682077671531439,1968.0323109116403,1.7385845660562338,5.1723246166787264,0.010337941130751963,-0.0642896638638975,-4.4834784902429305,1.2969905722703854,1.296949371229054,1171.0
participant_01,stairs,participant_01_stairs_008,0.4501357816985664,0.33618023120999146,0.2783891691887929,11.808212594028843,13768.385994408687,3.211978955217371,28.772361933240802,5.056309654334289,0.36382076473494784,3.4363079888201002,11.283793082338969,13156.912394788984,4.168963658696587,11.781110549341593,0.020175467796225605,-0.0289944643371498,-21.726174326647048,3.3591963520818138,3.3591357642017043,16.322631497577134,19032.20230103067,3.695194689660413,11.626740074258286,0.022229283619200662,0.2795620311998672,-24.57274158380976,4.0401888122496645,4.04012765857431,9.76703310769643,11388.368965759915,3.8088298513173307,8.524699817488806,-0.011001653486052174,0.0727469889979005,-16.544674455143824,3.125244653475286,3.1252252891105994,11.689038330078125,-0.539605769026204,0.7445301826386489,-0.5658627415281535,1.3867373081572276,1616.93688858642,1.803411059246978,5.418650767918832,2.4512173247150564,0.10021891474053682,1.1775981097799144,3.237666106800388,3775.121452503658,3.2265202688992596,4.379646062138412,-0.04536147969652206,0.3028592141647984,-3.6318569265699,1.7999232679869013,1.7993515795420272,0.4253158064097847,495.9185944140541,0.7758616139638727,1.8701395420556413,0.030434025112666185,-0.1473003016926662,-1.6440740338111963,0.6528721439105386,0.6521624080010935,3.728903883664576,4347.905120907588,2.739825916185444,3.3268577233161936,0.018275408091187023,0.0940646496235249,-4.30054870894298,1.9311234746140586,1.9310369969693941,0.025433661836524197,-0.5011513808789264,-0.14459187454584627,1.4058541003547107,1639.2270846558015,1.3934405888049692,9.6812368785478,2.2316963327635166,0.18093942150365275,1.185687184865684,1.5737955023256907,1835.0469031394111,1.5903288495163195,3.700034413513247,-0.010902948926663726,0.1363346861953788,-3.7468801071042126,1.25455744253541,1.2545100646569922,3.1586971029862827,3683.0435264459634,1.8453768603638174,8.996439790831962,0.01320698707947261,0.2017843607270179,-6.423577815139613,1.7773214474298114,1.7772723772641836,1.652877910995579,1927.2570593560426,1.8219763657315189,3.737463666294303,0.02566723425442442,-0.0969950114490866,-5.3063881845847,1.2858991865266307,1.2856429951567343,1167.0
participant_01,stairs,participant_01_stairs_009,0.3250321268354583,0.414777131292001,0.14603588243741283,16.07381239891031,16877.518298145184,3.7924363064355164,35.13516932010398,5.928230230043956,0.3804185267822575,4.009215933185728,21.526463663818816,22602.807309427688,4.87140358438465,11.138933872851153,0.00989274183354849,-0.3465153213272104,-32.11760669026538,4.639672567127965,4.6396620204298085,17.85608749634254,18748.90884462687,4.067291303169988,9.807667662157831,0.05440918860826317,0.4704673635195591,-33.313099596543424,4.225996670153392,4.2256463998236455,11.831958756112305,12423.567941027006,4.003722830476544,15.354715446319686,-0.012566499022332167,0.3051212175751435,-17.262701402468828,3.4397843933900836,3.439761438837337,10.526251953125,-0.8074015696108913,0.6459078412985947,-0.78532845735679,1.25729207721845,1320.1578762239326,1.5533759804842933,5.301467048687661,2.2728106327870323,0.15542866908434763,1.121290362581633,2.6658038455487856,2799.0965718602993,2.813313775457942,3.1480899968133818,-0.03242508586207784,0.0217172105990385,-3.075786770403399,1.633050896862051,1.6327289565475298,1.421989747289287,1493.090586355033,1.7585127109105936,3.0314290231739243,0.005318634177515643,-0.3053120417605346,-1.930278290788978,1.1924839768981388,1.1924721159378475,2.333130708840841,2449.7894620877396,2.258665951919828,2.879330358787667,0.030923680030840357,0.0086244728048941,-4.146061673159823,1.5277719014393119,1.5274589057781034,0.05525779046509266,-0.390818238557253,0.04318423827374295,1.386405227457734,1455.7268067063126,1.386546606322512,10.495467629051841,2.4699101542611253,0.179328770528729,1.1774571021730407,1.6121295718222508,1692.7375828559223,1.3277798464673216,4.375399728138245,-0.026932855112472332,0.0285258503295961,-4.001748559330283,1.2699822638551928,1.2696966455899026,3.5361329483642483,3712.9429571255682,2.2988726265550685,9.859779449041824,-0.014865769962205493,0.1288583091352234,-6.151081037797597,1.8805195929531864,1.8804608340415516,2.3369339921832135,2453.782913212519,2.469874694554786,3.278465643535242,0.026805137738113737,-0.1627140085223808,-5.388688354301604,1.5289383596444863,1.5287033695858767,1051.0
participant_01,stairs,participant_01_stairs_010,0.49576364377827054,0.35990753485670945,0.2042565266225872,15.970466208364433,17120.354645446943,4.186365517789481,37.276715281086034,5.907103151898578,0.10517941458007474,3.99630657086821,12.110738084856111,12982.7225032582,4.347608916346795,8.450940651749368,0.023140398141452224,-0.107990463117468,-23.732219985597517,3.480125509645055,3.4800485750713466,22.500505853015305,24120.56322462408,4.673620352600408,11.737908806076316,0.06640478541639824,0.7916665314139102,-28.037444868602087,4.743934595727633,4.743469811542528,16.247601988054996,17417.44445931599,4.972765029994856,10.518219401166853,-0.023299271572334836,-0.0161744999502425,-18.92167302864697,4.030898763813202,4.030831426400141,10.746620361328125,-0.7523915081908338,0.659418972660601,-0.8193016886845192,1.6187768719799558,1735.3303140035478,1.9196801173629658,5.482206730823605,2.4667197009552835,0.15550199136863796,1.2723116253418247,2.1777023532107487,2334.4989502977455,2.616058589602738,2.977364289306548,-0.017366747254593813,0.1665817748716875,-3.474866386186064,1.475806205814623,1.4757040195143296,0.7349663378674418,787.8845985200967,1.0637861418835441,2.3367717257716905,-0.00991133433821216,-0.3153497236024888,-1.730064574126682,0.8573590685446825,0.8573017775949388,4.789215272650517,5134.04323151345,3.343904904921926,3.6616300432801534,0.03462878677636169,0.1639158052460835,-4.738942875576646,2.18870153870374,2.1884275799419357,-0.08449396978101521,-0.5356162551910407,-0.056541780823699206,1.6979039753768825,1820.1546425201964,1.4822195702175964,11.47028459703616,2.47011008549597,0.3832464046032703,1.3030364443778548,2.385336536270301,2557.0829878655027,2.1896135214904966,4.412818650142226,-0.033294379774165585,0.0721633668507132,-5.023722259234686,1.5448123031601113,1.5444534749451992,3.8635775960143413,4141.758780299437,2.229470519274032,11.06535805072668,0.005964594966966936,0.1475672989106071,-5.923726440198121,1.9656075835241025,1.965598533784135,1.548987156741163,1660.51567428645,1.8897053737603329,3.1648724065599416,0.01739047734592944,-0.0908997931299054,-5.232879178367633,1.2447046177481156,1.2445831256855298,1073.0
participant_01,stairs,participant_01_stairs_011,0.4297442977080133,0.4232267182599623,0.3128070665234253,12.272391904398676,14677.790961727509,3.334941575882311,33.09450165265381,5.125176052428262,0.043276683459224446,3.5031973830200713,12.700491916943603,15189.79893407683,4.265903665148156,8.006440777285942,-0.0459635041036534,0.1435374031174488,-18.973491122133908,3.564071346178846,3.563774953184278,15.418937213282454,18441.061777651103,4.131306531032413,9.691558613002108,0.06832230589332601,0.3304335813220534,-31.358932758961508,3.927289797145741,3.9266954571601875,10.412541512048504,12453.408340013943,3.8680062360222913,9.746186747577044,-0.032714665154847625,0.0618877007103031,-17.65709634781246,3.227012823241441,3.2268469923515903,11.989616210937498,-0.5827488129776717,0.7322333477970812,-0.7259053404809115,1.360122179048068,1626.7072614688504,1.7777098917460912,5.647269714536568,2.6512116235069763,0.4499324464141702,1.1662427616272986,3.6661751940429625,4384.748592321789,3.428330102015905,3.8852543336674072,-0.0156441789361996,0.5182200402670446,-4.153290513199267,1.9147897885610186,1.9147258796086093,0.687862237932993,822.6838107433504,1.1130071136628426,2.1785348240738447,-0.006342704504376133,-0.3535735843192319,-1.6594339800747346,0.8293988593152409,0.8293746065156522,4.033620185890797,4824.213109287152,2.916722269560352,3.6381545289006914,0.03320637837515795,0.2328600394981476,-4.62925119193014,2.0086619549978018,2.008387459105139,-0.04030278108057545,-0.4948832948210989,-0.04017933199879643,1.2937657642558928,1547.3449339880813,1.430220125484203,6.6990728340861025,2.2608767123125437,0.2869076410544058,1.1374382463482986,1.6651731813495982,1991.5485148550388,1.8120951861085834,3.4625039093081043,0.013340215411252587,0.2005504093846991,-4.465861065061661,1.2904848479144637,1.2904158947213873,3.073669720859795,3676.111551815861,2.122486603483969,4.972588621438492,-0.039947136592094354,0.1822278706956707,-6.21173806545866,1.7536434913008123,1.7531884441952597,1.6644246214497527,1990.6532365899823,1.7986601306842243,3.024154480553469,0.016970969471322393,-0.057051348896153,-3.717859466385953,1.290237433674341,1.2901258161318037,1197.0
participant_01,stairs,participant_01_stairs_012,0.5767771588120386,0.32938854870472445,0.1771795580157039,19.3507283542302,20163.47748028828,3.937033423249768,45.70007163802798,6.181889046975438,0.2036017145245647,4.398946277715858,16.17734754828388,16856.811640855434,4.78538129004329,8.252096544771069,-0.03288507713732964,-0.1027100684899194,-30.4901534652245,4.022241784948068,4.022107351660803,25.058665052009076,26111.152986746187,5.0878345134981116,11.95728694760895,0.04763111731682602,0.4382132419253109,-34.303962353189384,5.006089669127584,5.005863067644687,16.326080242471036,17011.791250662714,4.781626927857943,11.46073886331926,-0.03221100659552992,-0.1325661139248134,-24.374485463289748,4.0406828372710635,4.040554447408305,10.445734130859377,-0.6545252171669157,0.6771190163618691,-0.7889803666154708,1.6325349846659793,1701.1030177527784,1.6607262265481513,6.376238838091696,2.7530285852115455,0.0974957421685859,1.2777069244024544,3.770992194522677,3929.3774787541192,3.552571388932283,3.918883598961966,-0.03714538039396705,0.2309684252753536,-4.462656162151568,1.942259502179688,1.9419042701746854,0.7689436245004735,801.239993265532,1.024477310031359,2.776268168676552,-0.013772115963937648,-0.2993880198659516,-1.632879291595925,0.8770024490721776,0.876894306345111,4.666359413092434,4862.3509781352395,3.2076390542475774,3.357293183839948,0.06194104519251814,0.1974931546838087,-4.961197788658421,2.1610636515780777,2.160175782915,-0.028362313341065433,-0.4523122187335033,-0.10183853536045813,1.9238198118170806,2004.6220866526812,1.7783385505182605,7.310767793112977,2.622614788870402,0.3389988846335172,1.3870183170445445,2.59144985238521,2700.293228417048,2.298352228943792,4.510619205105356,-0.006664362937162908,0.1598227603494492,-4.480385158719733,1.6098118728965096,1.6097980781406125,3.8956880203802426,4059.3106487381488,2.41409902337598,6.443338494470759,-0.03995274823469534,0.1892154623069359,-6.273179641600327,1.9741540574311185,1.9737497360051104,2.3127472360592205,2409.884835248838,2.0572724530886033,3.237559149496481,0.020059859652729897,0.0299186595829095,-6.540944293344559,1.5209042159283102,1.520771921117437,1043.0
participant_01,stairs,participant_01_stairs_013,0.24461713857880704,0.3067101882083379,0.17450968964985314,14.156114171079896,14552.499111670302,3.8380644800403636,28.99917728327636,6.008347894591345,0.4283254168552341,3.762461185325358,13.352321450678277,13726.199414716153,4.669017759450129,15.524985002885405,-0.0380178921176087,-0.0755892848056116,-14.865006050251202,3.654280614676347,3.654082846717939,23.72106167967931,24385.274436867305,5.270031378335448,10.746533186138624,0.06190212787432129,0.4199097674446766,-27.70706626625032,4.870820624198214,4.8704272584321915,13.177697376343255,13546.685696761819,4.052018207037022,13.981801446245512,-0.0009237222836591756,0.1628154791786944,-17.886218083932377,3.6301099473164875,3.6301098297907264,10.30566064453125,-0.4854806664561382,0.6860499753529855,-0.6604999576072639,1.7376853780315127,1786.3422556895773,2.1543863847116578,6.149150201650165,2.6461776989769272,0.40978401115371854,1.3182129486663043,4.646790608947704,4776.905257445436,3.624683798763326,5.3512439365855,-0.023493081261198808,0.1004237775803478,-4.719202047027321,2.1557695920053357,2.1556415771059214,0.5012602470406442,515.2960206182164,0.7645616371542401,2.377573843052101,-0.00881817058592275,-0.2232561064627339,-1.743140376460473,0.7080522630238016,0.7079973496000138,3.5908601879094535,3691.4077594429473,2.409534004587141,3.41313067280225,0.020026574767310068,0.2110271631318583,-4.405210599072607,1.8950623344909698,1.8949565134613124,-0.16842504311770826,-0.3824048872162834,-0.022333029304262127,2.2357492039728277,2298.352352314362,1.8168805017946135,8.253451575337984,2.689769639364074,0.058252941071470506,1.4952421890693253,2.319937191138304,2384.8976848563825,1.85022421133236,5.094362944060792,0.01328929248365478,0.0246089658302737,-4.259000618284429,1.5231919762239496,1.52313400301428,4.218529107409766,4336.652018076567,2.502073187019058,7.941526312981507,-0.0006348903758451175,0.3515991031825564,-7.544716706731382,2.0539059156873654,2.053905817560719,2.9318114655481438,3013.90503300239,2.3954150063005173,3.3348248609934723,0.012455695117121527,-0.0013900300913726,-6.328683941499841,1.712298633384082,1.712253329839993,1029.0
participant_01,stairs,participant_01_stairs_014,0.45558718261655484,0.40878480514741816,0.21459149391031518,16.765527090914908,17737.943478722966,4.301343431503808,33.42207753612373,6.1785750400803074,0.43397311838516583,4.094572882598978,14.105157730672646,14923.270185804233,4.684734260280129,9.079201709796244,-0.02957485267964437,-0.0652044415172589,-18.687036989319484,3.7557998352659405,3.755683390632475,24.790373324400253,26228.23836436011,5.095745178006948,10.51433565339004,0.07434525582109208,0.6610630030398321,-32.30464880890131,4.979548226642991,4.978993203891752,16.032978348918963,16962.906218607535,4.79452389757949,11.359811307255882,-0.07352090758619562,-0.0962269607971154,-17.665614447169943,4.004795084991398,4.004120171638079,10.606277832031251,-0.7022941663026343,0.7088097331621654,-0.8061812944619882,1.8199610523691407,1925.5205103509395,1.9892080430552934,5.97212419688188,2.6594859449215646,0.21483336329454772,1.349059321293597,2.6225518537096244,2774.662335330304,2.9855500476469614,3.076785296530581,-0.026790261921516904,0.2550420593289448,-3.6397216317028898,1.6196510648418836,1.6194294840188703,0.8703411643709605,920.8217729810467,1.1060188264742155,2.4851686246717053,-0.02676598387064925,-0.410329517847664,-2.040619475257235,0.9333046567244397,0.9329207706825701,5.395356767135304,5708.292549588368,3.6687054555726526,3.7579552136367433,0.05605909705133034,0.0674720334204211,-5.017381124701073,2.323467105318583,2.3227907282265665,-0.05211510206944758,-0.49278429950580954,-0.025133364588873677,1.6537225345075182,1749.6400016245523,1.5943019469044526,8.14177045821958,2.5263137608094373,0.3245912114437261,1.285971436116494,2.845861291077405,3010.9239307346984,2.1693557252061737,4.265404000812435,0.008385753279527088,0.1416113179171899,-4.805868354895898,1.686988918735233,1.6869680764843789,3.3906849165995805,3587.3478405217106,2.2934726004025365,7.327392392289736,-0.005616210333130389,0.2288256688977961,-6.332339175890354,1.8413898170724432,1.8413812523753956,1.798663355909076,1902.9875274040248,1.892747636206644,3.5061178087426144,0.025929255677855232,0.0258986322856046,-3.627571723789611,1.3413931870294717,1.3411425561472112,1059.0
participant_01,stairs,participant_01_stairs_015,0.47351053488932576,0.27018773350132735,0.13324216426625526,16.307106468749144,18198.745405086906,3.9192901510366434,34.20389403237146,5.938455653404152,0.4865163111978212,4.038205847743419,14.254286171209039,15907.796116878037,4.395202689321123,9.9339639902827,-0.0220483920872901,-0.0855742211889986,-22.581437125622735,3.775549271669312,3.775484892197165,21.582171011570093,24085.72215317969,4.63077846424139,9.545600806802536,0.04638697401866896,0.6126711546111054,-27.020603739058743,4.645893107135452,4.645661525721616,15.733261685764825,17558.334113998426,4.545334228679198,14.6280624025668,0.0022944935548444593,-0.0685570569626454,-17.296918851101434,3.9665182402789347,3.966517576636315,11.187746582031249,-0.7215118115772899,0.6433284053919567,-0.8250700994091352,1.898487161169858,2118.7133699757246,2.2338687247788567,5.838854509249518,2.478996552856383,0.21015266676129582,1.37785600160897,2.3830962101230027,2659.5375020681217,2.687571396971956,3.197896920838052,-0.04537502171319086,0.1671758708175266,-4.012247787428082,1.5443947366908743,1.543728023365192,0.847053619686342,945.3125972207811,1.1038671336728734,2.5351629962474425,-0.009342513192323694,-0.3416666197223315,-1.9733708883207837,0.9204025761801684,0.9203551595369811,4.808567878756053,5366.366053736371,3.008029484186362,4.028939401482101,0.05520132724915147,0.1954098532250855,-4.766595935770956,2.1935393922348694,2.1928447000998617,-0.09224244946583629,-0.4856081102056769,-0.02536364005646876,1.961004317009593,2188.482571811612,1.753855748308928,10.99203611275316,2.4633035649568282,0.3366989375344623,1.4003586387099531,2.3877438468207846,2664.724268779946,1.9355340371846996,3.78194685564247,-0.032592466998459364,0.0137957673129327,-4.717814463077504,1.5455763053715046,1.5452326189997365,3.853511988009172,4300.522825408924,2.208565964489595,10.08408518156373,-0.0033159816096804736,0.1338903222059131,-10.654664156020283,1.963039221142361,1.963036420448987,1.7856800993867283,1992.820588124981,1.8443848465311543,3.76098237831552,0.029318446119210837,-0.021133453683008,-5.471094926131287,1.3366150046552574,1.3362934181483976,1117.0
participant_01,stairs,participant_01_stairs_016,0.497321519621714,0.34330840553359604,0.1937133212395506,16.58737675942015,17814.8580553949,3.683163245053847,36.40588640542226,6.214601682916411,0.3922066360723465,4.072760336604666,14.877321243610856,15978.256842144792,4.727256390854433,7.95258963082655,-0.03302712474292053,0.0555468015933298,-21.06122805530967,3.8572544684762033,3.8571130711467165,24.685668749799902,26512.43117935643,5.501846842411523,11.809166644380698,0.01255360379943782,0.512354954548483,-30.91711479460338,4.968483304064557,4.9684674447760955,15.644397609154545,16802.097571634964,5.209377058962244,12.104521509314912,-0.0038535989920246904,0.0686249703388931,-20.873803816999423,3.9553018164711196,3.955299939215046,10.766605468749999,-0.6774086920912119,0.6952340819694297,-0.7784358027378506,1.540352154442686,1654.3396454254912,1.745198495940855,5.834539391650344,2.742380603162334,0.4629560219775072,1.241109243557023,3.06501369795206,3291.8275601262535,3.2882420995328228,3.5739896285415584,-0.029622471161211465,0.2688593668847261,-3.352410771914496,1.7509686429944304,1.7507180521009258,0.8860680026991978,951.6378583822122,1.1688041822196356,2.507688939861111,-0.018509312119748704,-0.4120483370226655,-2.110923986485547,0.9414938116282784,0.9413118519912504,5.108535412325522,5486.571780547101,3.3786834105800834,3.792082484655222,0.012896845896174519,0.2301805947744057,-4.929377616673411,2.2602437348568385,2.2602069401551534,-0.15522257265848044,-0.4570998445952523,-0.06443708243138621,2.2194781628451277,2383.721609607714,1.6680373401326052,12.13435447894413,2.715595603879731,0.1716833991543852,1.489791315199927,2.5351011989377388,2722.701043701137,2.2542693777806138,3.923232153455081,0.002607690456740465,0.1475635375366882,-4.769216127107479,1.592202248141629,1.5922001127175374,5.023033615004031,5394.742770761182,2.402911237379639,11.507125047287731,-0.05197347295424212,0.1084858432696386,-10.27010057191242,2.241815080887573,2.241212532314602,2.033043478063634,2183.490584885955,2.054684360445811,4.521120523254325,-0.007163289063154054,-0.1117048438702063,-6.461439744862226,1.4258663299109902,1.4258483362769108,1075.0
participant_01,stairs,participant_01_stairs_017,0.5262183462710011,0.34667888037247857,0.23961119082089122,15.955111016491482,17391.130333323075,3.6790367973416593,40.43918137120056,5.735855046149755,0.4472155422906369,3.9943849359433905,13.512065418843642,14728.200793765727,4.515542617428942,7.479411369123849,-0.020038277414710676,-0.01862500169322875,-18.13403117943184,3.675930759876387,3.675876143022727,22.289275285950247,24295.392313104483,4.499970041866396,12.232370192880309,0.04533942444786602,0.4633342527068272,-37.20879122053481,4.721369605247984,4.721151902443962,13.051062762349506,14225.706145901808,4.682698041680207,9.779325931465811,-0.016836383776748814,0.02354190612349805,-18.398629686317346,3.6126646988294095,3.6126254666584945,10.936937744140625,-0.6863251125292876,0.7374505951126202,-0.7728797575394735,1.5325050773323552,1670.436142784991,1.8761122940595718,5.485916273032359,2.660608979930413,0.3692747410578853,1.2379438910275196,3.7595890246356825,4097.965784749236,3.510973865577552,4.132160861927276,-0.04666088787243981,0.18094798973491233,-4.0066001610750535,1.9395273298133042,1.9389659678900202,0.6158263600995442,671.2530117803083,0.9181403678645823,2.338559779023647,-0.02337715902167627,-0.31636423776042677,-1.6793948733734214,0.7850941673859696,0.7847460481579657,4.229818098764537,4610.517239382883,3.109246567135516,3.606120683594726,0.0582065966877966,0.181278189531187,-4.956312798018587,2.057475663686575,2.0566521579412833,0.00543304244115103,-0.5479502990428012,-0.14088390255335043,1.63599760306136,1783.2440685222307,1.461690063868585,8.335635325353964,2.4713479214121024,0.2334638441606012,1.2790612194345352,1.9908234530465647,2170.004845932499,1.9992832644475218,4.328261740373385,-0.0016866245144077797,0.14358308147173232,-4.215596345000676,1.4109664410427405,1.410965432973666,3.5028133874607983,3818.0794047033974,2.1010442928398207,5.210451600645274,-0.014017583878422656,0.19524307115644185,-7.624120525626443,1.871632944815459,1.8715804517735266,2.248066790293835,2450.4010243193597,2.1430998280313274,3.4068172645524823,0.040683947301604996,0.032117618288877,-5.832124255423986,1.4999073217575392,1.4993554582866049,1092.0
participant_01,stairs,participant_01_stairs_018,0.5650691620501738,0.3149150095667875,0.12484504180747953,18.444078282713214,19440.07597596295,3.8838094602028645,45.76425268555113,5.9947846732395655,0.4350921888484317,4.29465694587044,15.362014272852596,16191.577590948635,4.377884647569832,8.323496469313136,0.02412558616250785,0.017526720334247,-33.22794770840928,3.9195148062943046,3.919440556106521,25.014790197672657,26365.612556595275,5.391056230993907,10.637034760677286,0.06610796541826512,0.4942253289774474,-31.21215822089613,5.001915679093801,5.001478801082001,13.99858211937,14754.518810049047,4.896886605394407,11.637094823501307,-0.03438988698062893,0.0408110441973383,-15.248177110270316,3.7416259545412265,3.741467909707365,10.5661630859375,-0.7403732280718127,0.7240932960092284,-0.7571835717145918,1.7505789396198852,1845.111860104567,1.9616154747401655,6.325647598228596,2.674254640365563,0.36211707351254246,1.3230944560460849,4.061026939196006,4280.32623958204,3.541470547171561,4.405419641531076,-0.031502817044343503,0.3555322979769844,-5.03735186838098,2.015445203094774,2.0151989825315035,0.6479875960198374,682.9795398295258,0.9562740688735597,2.28460845480207,0.002128863600727892,-0.2900994382555587,-1.7503051080228194,0.8049795823994966,0.8049767673789333,4.189577284965925,4415.818425756816,2.9659163032422136,3.011256857464152,0.05126442638813421,0.2178215717658271,-4.866292185451411,2.0474875644015103,2.046845691537573,-0.036332898801943424,-0.4947955138484626,-0.08018978389586223,2.686056732780311,2831.106339964778,1.7967203470177742,11.90309884520573,2.736613661997628,0.18913888183573163,1.638919379585314,2.015551556840606,2124.393249576245,1.696902467989024,4.281470868843814,-0.003521641119272437,0.1167695654998721,-4.122049311059846,1.4197055887742283,1.419701220975951,5.417504618053336,5710.054997640922,2.500288186246418,11.695434211538815,0.033676398093281996,0.1996060646761226,-9.713090454156294,2.3277969666278615,2.327553354501962,2.7397515734009885,2887.700752826359,2.3683539079303593,4.206776992811879,0.03401202394355245,-0.1112916821722934,-5.941323140917815,1.6555689025751015,1.6552194940251848,1055.0
participant_01,stairs,participant_01_stairs_019,0.45060038947101894,0.29750388490093854,0.05577937475840053,21.05732403878134,20130.899325545193,4.479354830618076,42.55060976455698,6.751561660304617,0.11631168296689735,4.588825997875856,18.463003302889266,17650.708100351327,4.726251892920132,16.01481028838544,0.04569394055444292,0.0112385193467979,-34.681109404052044,4.29710265633632,4.296859702490793,24.75429282150044,23665.2070819534,5.236047291013994,11.960662192273148,0.061402232774921454,0.5210494425639774,-25.525267148360136,4.975747487130972,4.975368611620695,23.417647936759757,22387.36903005491,5.729005476822758,14.775950991625674,0.01032763932261906,0.18885122494511453,-26.172052277025625,4.839189456602597,4.8391784361355965,9.594956298828125,-0.7602016463644995,0.6410929493006488,-0.7456694244574218,1.8428351457417442,1761.7581458340076,2.065126721417715,6.0768168981315265,2.7604256542368737,0.4216283494008365,1.3575106429570798,3.0704324106786243,2935.3462545196035,3.2166675465482433,4.715715820817789,-0.06439537999693289,0.1898454150378639,-3.811687321495908,1.7534477966690578,1.7522649373535453,0.9990087518072324,955.0566624254715,1.2650912379320545,2.500717968025556,0.011830010397087688,-0.37813497515078054,-2.091146844170228,0.9995742598492758,0.9995042530210826,5.385351934970563,5148.418920694054,3.681448134361177,3.454308053795392,0.06086975228676209,0.36072164874428414,-5.206541840795498,2.3214342682303144,2.3206361056767526,-0.18318009431506024,-0.3702705722897201,0.04630538038304875,3.0359996441339465,2902.430645310842,1.885566405521006,15.219824571144189,2.84035114993142,0.20619907048527833,1.7424120190511618,2.698236934164806,2579.5257587913434,1.9452846635169805,5.711822841787348,-0.012324680291141457,0.0440527290047731,-5.747616343035479,1.6426773365177607,1.6426311010585444,5.846285866578564,5589.073808855832,2.505418508248712,15.040027277710228,0.008302081118723307,0.31164063464421254,-11.847677858989014,2.417923652874397,2.4179093999938384,2.5581319365907365,2445.584881873676,2.3252076563502535,4.505155401873415,0.026809315944198803,-0.0861228709166468,-6.620457585607229,1.5996407959326782,1.5994161236497326,958.0
participant_01,stairs,participant_01_stairs_020,0.5102708119349403,0.34301151394068696,0.24290698476771255,17.937545318082357,20664.067750230966,3.4943829630738596,52.66206394722251,5.442739351450551,0.34233458867031236,4.2352739366046155,15.380450904581345,17718.29277002476,4.410357066494195,14.879134209984926,-0.027886305540549782,-0.3767796135113557,-39.96814443816884,3.921890940683849,3.9217917977094787,20.260113014197753,23339.66774877956,4.164444434671045,12.309051924135051,0.02946596106879705,0.5276234783667756,-34.505812159077664,4.501219974302463,4.501123527986957,11.918266477923414,13729.85331035501,4.166502314473197,13.383060446491696,-0.02192442267877372,-0.0203569884178379,-16.10587681418723,3.4523538576213784,3.452284240604098,11.549404296875002,-0.594208426903298,0.7340988003366352,-0.6123328238613575,1.41113369388048,1625.6272381698047,1.5784292147088477,5.623230078776101,2.528575817425533,0.4555043610568765,1.1879114840258427,3.441041654429541,3964.082967741352,3.348419316753031,3.932816726259896,0.0008029542777813259,0.5011883895198449,-3.922905863359404,1.855004662841879,1.8550044890591346,0.8809522790627222,1014.8577888704456,1.1124299115015774,2.935172746227888,-0.014100982832582045,-0.3491788682584614,-2.098474000956642,0.9386964987574883,0.938590581170897,3.482397240461072,4011.724638686405,2.5674508465991477,3.015300226532329,0.015449982004185766,0.0582560207312778,-4.368710015138711,1.866182183605074,1.8661182278893993,-0.06186350625084732,-0.460854101506863,-0.000986291045403648,1.8771677123855015,2162.498831329893,1.7417476606658946,8.452055523167598,2.520176784873526,0.14137718877224906,1.3700977017663747,1.6852214248414727,1941.3765417479,1.8053828311301103,4.070758919931272,0.008582116757647605,0.05963629242091,-3.783682106105805,1.2981891532321146,1.298160785435099,4.314113804771431,4969.862841496863,2.462577522622359,6.36607573721308,-0.024598327317231928,0.2384681032664265,-7.732508080192932,2.077190141146986,2.077044487913398,2.2284339164765745,2567.157802832934,2.1256341585372134,4.534848448689639,0.0032958878377567025,-0.1779604295824856,-4.724236671269278,1.4927976350976757,1.4927939966641661,1153.0
participant_01,stairs,participant_01_stairs_021,0.5930898878561743,0.2464398518463013,0.1021087546681746,20.466555507681743,21285.237369596987,3.971570317174792,44.74346954535934,6.098137260718814,0.541751560647807,4.523997735154356,15.312791811195979,15925.318179221369,4.259313598428561,9.548298389033166,-0.022490212558946985,-0.1138285515261193,-29.3521824632504,3.9132208755521227,3.913156246713895,26.003246242133734,27043.401046949835,5.204607401220871,11.89915240407517,0.07938864033249046,0.684919884901706,-33.45905441341224,5.099955764352038,5.099337823887895,16.33064822047777,16983.889821704,4.665850172317992,13.682539571707643,-0.018409741079980564,-0.023660067622731,-23.725668988301347,4.041161607637637,4.041119674109859,10.42632177734375,-0.6457276554874045,0.7063180135431668,-0.794968706338642,1.7730154494985901,1843.937769028869,1.9386936144624334,5.704832386450136,2.7663713013919127,0.22843769592615296,1.3315462626204881,3.9173526684784186,4074.0505346730915,3.6697317197305948,4.178412132588401,-0.04986357649285727,0.1196995837964294,-4.328911558450837,1.9798583395634846,1.979230322241052,0.715919371962412,744.5568339036455,0.9667165931229771,2.376715476179876,-0.018269052682945115,-0.3562759310367139,-1.7626248137053009,0.8463173933273167,0.8461201876580017,4.786854693469944,4978.333475119198,3.166105135408904,3.286313402948739,0.053654060480150416,0.2206258783015178,-5.0655878284503055,2.188545967457835,2.187888181208067,-0.23141672259226978,-0.5323101375780361,-0.014773211394350122,1.9631325526439205,2041.6597387540464,1.5712049122944325,8.541323466942353,2.5748261794246656,0.15817629050423856,1.4011183221426806,2.2669499490250193,2357.630122561787,2.060069838174108,4.895144618252946,-0.03044016789997638,0.0771911610894525,-4.282513225936877,1.5059470617677095,1.5056393821313985,3.9177264700111953,4074.439288625913,2.2752063680794254,8.274077161845668,-0.02487314384525651,0.1479677005250067,-7.821126367265922,1.9794810287789932,1.9793247510227308,2.4054285397773825,2501.647989841165,2.5404361198885375,4.421058451045001,0.034816245840382926,-0.1313152453578608,-4.766675320202497,1.5513351381154883,1.5509444025423291,1041.0
participant_01,stairs,participant_01_stairs_022,0.5638541232873782,0.28336928175438103,0.30746393228221935,16.949751893017567,15797.242492346024,3.656412678081555,32.21076594496363,5.98208967199794,0.34629864252532194,4.11700763820248,16.50697043603061,15384.567464184596,4.524807959922901,9.416992170745177,-0.06528902324529595,0.023601672385195102,-26.260810686278088,4.063401665179918,4.0628771130850865,21.72885214711536,20251.38311993728,5.111733919979776,8.809998961494417,0.02761855156802782,0.5719588226094797,-29.762994608035555,4.6615035054696765,4.661421687330526,14.493585736927326,13508.083903517381,4.417014683620421,18.001878359915846,-0.026739031800811025,0.1442170781231129,-29.136949325488107,3.807138126302876,3.8070442257645665,9.354523681640625,-0.7941766726030958,0.691829132814482,-0.6232851770890021,1.2119788632495634,1129.569536195107,1.5570193108842454,5.085527014418706,2.3472663863285006,0.17678676267516247,1.1008991158364891,3.667162544002364,3417.8112296628433,3.3500801223622942,3.882498430771612,-0.024910018681902218,0.27477918049324956,-3.830412177941737,1.915145700210064,1.9149836928815775,0.609130126117656,567.7118859336554,0.9378575761839636,2.110110648476,0.017045593841925118,-0.2473313362575884,-2.3180633669768183,0.7806540068347052,0.7804678892290547,2.4444111402749846,2278.2016289617077,2.1880984959765586,3.1939719410418705,0.004845610597283372,-0.0356632030696782,-4.083318525554893,1.5634687781395076,1.5634612691956857,0.16633931331255203,-0.3311711691399377,-0.09176709862943754,1.8156573014812027,1692.2005765985434,1.6930560645122292,8.182606574426343,2.5497870082822307,0.1324667615471075,1.3474632839083975,1.7307714905219027,1613.0864389309827,1.5303761181657318,3.776952542746296,-0.030865838647514528,0.00505586107379395,-4.450995431934781,1.3159499194564044,1.315587887798418,4.058087622001236,3782.155010642087,2.608774217858439,4.880347367412119,-0.029440432273915962,0.31918190722430684,-7.232624933537942,2.014684680304516,2.0144695634338174,2.5259497727687243,2354.196199355498,2.2433419498408957,3.846561410538791,0.021041975817351077,0.010202484311547199,-4.9897709633775404,1.589462971419914,1.5893236840772003,934.0
participant_01,stairs,participant_01_stairs_023,0.48292004380598413,0.30526573099285453,0.054628460990448935,15.21022670810638,15027.719351474465,3.9672628513387167,36.01365470445995,5.731195720424358,0.16527235821909847,3.900029065033539,17.877505505487573,17662.993497508094,4.392241377178205,12.023471751196144,0.034987056324522835,-0.0432928240211654,-24.57051794738762,4.228324680011911,4.2281799282300625,16.37872274995543,16182.19462112036,4.399934443063592,7.661336929175454,0.04218315294234057,0.6171397509178763,-29.79819118123558,4.04728330715155,4.047063472439668,13.796657366034175,13631.111413659306,4.6012819037983075,12.612054194788858,-0.030691365842305314,0.0358618781544002,-18.520901962730157,3.7145119902850547,3.7143851935460566,9.905515380859375,-0.7906126632691133,0.76151771572846,-0.8328081563827585,1.5070742037342706,1488.990835586635,1.697410924873375,5.553681597342932,2.5350819349195253,0.3985144565328407,1.2276295058910365,3.089577130148516,3052.5053253717133,3.0320397114500297,4.47065478198896,-0.035526339742581896,0.0573232954856351,-4.231233388753404,1.7580782835141389,1.7577192978824907,1.2281496691049438,1213.4131136309052,1.6320748857858387,2.649478167263725,0.0324116231776363,-0.4438618824235968,-1.9422232474473424,1.1086930063917388,1.1082191430872073,3.612925348078851,3569.573893321448,2.860733838548446,2.8764525130044936,0.02738318872536757,0.3028736499076034,-4.496382981135572,1.9009669084714809,1.900769672548163,-0.01055872390254989,-0.5237289656844047,0.10466943561994302,1.6148170442308734,1595.4408708284304,1.7381567047930837,7.118114711790573,2.5137281014750203,0.12174334250118941,1.2707545176905228,1.6779465610603,1657.8128972230918,1.5418193826715956,4.782243631635339,-0.004317476228835451,0.023598069578096,-3.936238892606753,1.295362961359204,1.2953557662126263,4.055683505286363,4007.0193998729314,2.3568040051546086,6.838706883077352,0.003000539478514804,0.2688493791991576,-6.990428484212074,2.0138749982368633,2.0138727629337367,2.199638070789104,2173.2446357962717,2.373090621736228,4.435212374331894,-0.018714470395066133,-0.1488607492717819,-4.307998517332966,1.483235754083373,1.4831176860887014,989.0
participant_01,stairs,participant_01_stairs_024,0.2869965335676676,0.3602848114021294,0.20531372494021347,14.07569910599008,14019.45847240091,3.760695294581153,33.66671523850476,6.229718764512997,0.6473753513151957,3.751759468034975,11.951890389593087,11904.13086997955,4.897586446103657,10.364892102414986,0.034349281418589804,0.1388859683642353,-20.401889607398573,3.457321255354651,3.457150617140232,19.61541207474459,19537.02910999141,4.809258657479777,9.717670234176108,0.001442180957810459,0.3795361367764256,-27.792487850651835,4.428929233418672,4.428928998611807,21.316563351383575,21231.38241001975,5.2678148770247635,14.483039360385524,0.006871839221371181,0.02527563773957235,-23.01179730111309,4.616991506766919,4.616986392809013,9.995454833984375,-0.6516082985714244,0.664514077279312,-0.765760444735777,1.8121570380156395,1804.91577935553,2.137019496649216,5.768675966473111,2.6725478089791643,0.4178410108196536,1.3461638228743333,2.2496440005487144,2240.655080265971,2.603752236191219,3.80806320213624,-0.04181166213589283,0.2746262837323244,-4.12360407646512,1.5004640001143914,1.4998813288219552,0.7230334929494988,720.14426599237,1.1246389186109225,2.2429468246202053,0.012038061415904524,-0.3620777059255695,-1.6890815142032596,0.8503989698207258,0.8503137614724925,5.979260416321811,5955.367309949326,3.8124056977770717,4.009572713233675,0.028944592961865526,0.0986355758823297,-5.037468086903901,2.4454239317107245,2.44525262832326,-0.10482984855125453,-0.43751483775267314,0.006299340222072622,2.2281464914973435,2219.242875640734,1.8565294315546528,14.013197774325985,2.6555105076176098,0.33615000030377534,1.4926977227480933,2.718030440871641,2707.16919615951,2.287035708111298,3.4170298918466773,0.007443066780088802,0.3989610517794575,-5.216226968207285,1.6486618331588603,1.6486450317978218,4.588406917037133,4570.071644352377,2.376720097225502,13.86385525219787,0.030818821846956102,0.11231051874986404,-6.945270402230319,2.1422783938641516,2.142056702572818,1.97242712627424,1964.5453215575365,2.0217643484126655,4.323083662455075,0.003586691893064427,0.080447872347053,-7.004430421634468,1.404435826455939,1.404431246545818,998.0
participant_01,stairs,participant_01_stairs_025,0.3186522078846193,0.30268413910143455,0.1863752933724952,11.572976340477352,11573.02477979703,3.311387893653616,28.306452520805124,5.129124674643471,0.17090100869288802,3.401907750142169,17.763075129090836,17763.145958311143,4.328178834890916,9.591759284612635,0.020601738297589205,-0.08494791509192559,-23.920178191133548,4.214676685193268,4.214626333269752,11.957156725059123,11957.204371013824,3.6940536602986227,8.808356929661942,0.06364579388135011,0.3766810645591969,-23.6698283728428,3.4584978693267847,3.4579121916351667,8.155422619141737,8155.455144492855,3.213760991279726,8.004754809018332,-0.027687118349190843,0.3614045617530498,-12.716839861042391,2.8559042693452135,2.8557700571197495,10.035437255859376,-0.8305044511083169,0.6248353726224894,-0.7125866562085951,1.3699041109666192,1369.9096064041726,1.66919356641596,5.389503236016729,2.415078504189735,0.23537350315389505,1.1704290285902086,3.8567033493600067,3856.718833751308,3.3961617332898606,3.303369774471196,-0.04868050450859906,0.2022098579082863,-4.519303759979407,1.9644523768417543,1.9638491157316558,1.1664294124241754,1166.4340641965846,1.6430887420884113,2.6326139858670303,-0.0043218574756976125,-0.37132762448854556,-1.932323600590272,1.0800222640650587,1.0800136167772032,2.172784315426889,2172.7929720056923,2.2260921771839524,3.79045482372008,0.06482858307587971,0.037858601496543,-3.7204220186068135,1.4754616432190013,1.474036741545776,0.06419066239852311,-0.40335267878556647,0.05107671129291385,1.2653100788084246,1265.3151533876915,1.427705659021022,6.472261065743316,2.2883821150581896,0.25878168835818244,1.1248600263181303,1.427773597096363,1427.7793400641149,1.313868743823201,4.277756464603826,0.018207220625314352,0.0215424817567689,-3.545857962025076,1.1950335141657167,1.1948948058705264,2.7483899588371146,2748.4009907659815,2.0437425474602624,4.200933632312166,-0.0008900973393056278,0.2771459404480109,-6.3694734349105,1.6578271173769563,1.6578268784276344,2.32466708269717,2324.6763610143516,2.3889083213632922,4.630835527980113,0.028980157691016226,-0.1973066842735234,-3.696065692889113,1.5249612887666906,1.5246858964052792,1002.0
participant_01,stairs,participant_01_stairs_026,0.4846616672831717,0.428784065732864,0.1903656812787051,13.82814210375005,15321.59390874074,4.143611512502871,32.97021684444758,5.228214901983244,0.24144411515788683,3.718620994905242,11.993985325687136,13289.346546253537,3.8453619074380763,9.045472580320194,-0.019329969111391083,-0.2120833176264019,-21.652163307268832,3.46328730737041,3.463233362868742,18.87552138556528,20914.094700180558,4.353211434621391,8.845715313211608,0.03455779342033645,0.2311780053790816,-29.927247307019236,4.344734241199496,4.344596803567079,10.290060063032962,11401.395820164907,3.590123359980578,10.032093091873511,-0.03519235701700789,0.0071630903595939,-18.916360325015525,3.208005387312399,3.2078123484756653,11.108168701171875,-0.7770814290584217,0.7894067559302536,-0.7014329590125282,1.4159691519623767,1568.8950960221987,1.861665535172841,5.325647275513679,2.266226744730506,0.31364035239465954,1.1899450205628732,2.9105795645306594,3224.924779643721,3.1214843329270803,3.606996511000808,-0.05137340055766282,0.0308968299029865,-3.422251500057614,1.7068153944746096,1.706042075838301,0.5550208810961316,614.9636362733258,0.9848673998558977,1.985226492910528,0.008145044075989523,-0.3060969574159049,-1.5647704545649543,0.7450417591243671,0.744997235629859,3.081548807900587,3414.3588553239492,2.370699063458368,3.090814241353649,0.04356591487582052,0.1966268422262447,-4.003214279891167,1.7559746002831458,1.7554340796226404,-0.024808996038960307,-0.4869905989527245,0.09407523275844523,1.4202797555160234,1573.6712486430654,1.6005537537582741,6.483955978544427,2.3051741679724347,0.2731655358849878,1.1917549058074077,1.6786697473379049,1859.9675923654868,1.5768475794387076,3.652390198884205,-0.027419834283948858,0.026565654578953,-3.94326752944614,1.2959249957655976,1.2956348819547523,3.2450689894207905,3595.539363763812,2.082953964035613,5.525413184767185,0.028865685117969178,0.3506066824923041,-5.544493194934614,1.8016387587965907,1.801407502321668,1.8076829668400816,2002.9143558020241,2.233659013549429,3.601991798467729,0.03318013735905588,-0.0871701635847184,-3.480531553004165,1.3449103644314915,1.3445010103529418,1109.0
participant_01,stairs,participant_01_stairs_027,0.4178209584259243,0.23777543845258584,0.11008407201444763,17.472849029459216,17682.540449419255,3.675830171636559,38.880434665419,6.085265707985229,0.47912563171857186,4.180053711312716,14.154428748625595,14324.295852611811,4.861593164859644,7.7110554061908925,0.054125582262810196,0.1673069624476549,-21.769713899034247,3.762626519770582,3.762237199941757,27.072293474029824,27397.18769423246,5.034160710259295,11.274900382171708,0.022997530246193214,0.4405802643938146,-38.72463744487192,5.203155039053445,5.203104215180571,13.273126862087299,13432.417474301044,4.540099535964133,16.2087483077413,0.00046523623309187783,-0.03026058964056,-15.487199495353826,3.6432303081924498,3.643230278487389,10.145538330078125,-0.6786170310688355,0.7507821889809864,-0.5682145736007272,1.6889578720968226,1709.2270322009115,2.012406047468238,5.991445854902114,2.6238620640385277,0.1913755022912685,1.2995991197661003,3.5059602060912516,3548.0351861187896,3.31626145444837,4.376999570430278,-0.04899882135851789,0.3608002927257587,-4.147420387124623,1.873061955885543,1.8724209478883886,0.484374222149991,490.18719050240054,0.741493127227528,2.74809208278757,0.015856878010073107,-0.1752531503867376,-1.5473005614600068,0.6961506034833391,0.6959699865295852,4.578901312326296,4633.852643755977,3.254703068491853,3.492935782876619,0.041496235432373685,0.2342155435177359,-4.90627022549772,2.1402390637219373,2.13983674898958,-0.1597038644093756,-0.47820627014852046,0.020211155472604228,2.1548480402815544,2180.708341861619,1.848657930555512,11.027533521706323,2.583477308831875,0.26225420599692284,1.4679400669923668,2.1707539922221804,2196.8051809118756,1.9839535199209797,3.979942499808234,-0.032109539379218247,0.1653682591648101,-4.081407570098119,1.4736977352026182,1.4733478856747242,4.089003468862986,4138.075543037141,2.1202179038772107,10.853801121931328,-0.010443490641989081,0.2307495282802226,-6.740390241645369,2.022155418201028,2.022128450139354,2.566964839551045,2597.770949149168,2.335862346049278,5.863820769420754,0.03661496795840662,-0.0711445855438566,-5.706293655128262,1.6025933655889257,1.6021750339931793,1013.0
participant_01,stairs,participant_01_stairs_028,0.20215401997706278,0.2619172019012409,0.38465838352762755,5.266757590739518,5551.1674880992905,2.8465427636525265,17.753659665544646,4.291080679686879,0.361727845638476,2.294941740162377,4.6404306547003715,4891.018304401403,3.1624109390772417,6.295400020703886,-0.047355044077976555,0.1356861813955727,-6.7319301537285,2.1546863240156324,2.1541658837472037,9.713218426947261,10237.741420125922,3.649114873982794,10.0712213166604,-0.0062380089598537735,-0.0960830187751854,-13.13834766632806,3.1166099113785553,3.116603668570526,9.316681633154891,9819.79126396044,3.6867235271248493,7.839121388062448,0.08671137505305945,-0.0541848699497187,-12.813336938324598,3.0535553860571256,3.05232397250929,10.495845703125,-0.20006979528198449,0.4893375695505097,-0.8979580355399603,2.864895256182755,3019.6023129856158,3.2051794382746266,6.286430497701152,2.887401915234928,0.11677888708092798,1.6926001465741267,0.3887900814390547,409.7851140091893,0.7506793281581414,1.2827726416834162,-0.008072279945885179,-0.0441090170877768,-1.7990734523804384,0.623582587266979,0.6235303372243043,1.6946980295450713,1786.2133279681846,1.795710671996977,3.3634943624288507,0.04679051292018623,-0.3167708905759352,-1.6605747640368775,1.3026462995166437,1.301805680408974,9.102507434745293,9594.051456020246,5.369846473292268,4.617785888456853,-0.11719648780064787,-0.0956151695508483,-5.244517348690494,3.019311585692689,3.0170362004366624,-0.6446246247307845,-0.6233677208559305,0.5518389414857315,1.6368879720976028,1725.2814726741801,2.000044350628319,6.269032973536317,2.1193028146110664,0.1497017771317778,1.27940922776788,3.3004407128023487,3478.667636711018,2.665846814873459,3.563209155984454,-0.028434481955824396,0.344975606729975,-4.743306683941705,1.81693401987151,1.8167115106153615,2.035694404066079,2145.623829626561,1.4788622116771433,4.611781871171988,0.03873634758262389,-0.1278345085628027,-2.995595026305949,1.427303369536456,1.4267776295085648,0.7890586307718689,831.6685440481622,1.1961931587802719,2.56495171988959,0.028803126350395458,-0.0173327811009535,-1.7170930673669174,0.8887565757053085,0.8882897223157932,1055.0
participant_01,stairs,participant_01_stairs_029,0.04940630861385621,0.08688057883522611,0.32364431632630924,7.386098793870266,6928.192312904953,3.1185868243220423,19.963883367653853,4.876176323814717,0.19336512467494726,2.717737808154103,5.599119384969287,5251.997807891222,3.063771920107861,8.495285196063417,-0.005000029269800493,0.14821703585169224,-6.304857449628061,2.366251124724928,2.3662458420395134,12.875018335801393,12076.822078329473,4.906359399119946,10.034487561013403,0.010351085288690904,-0.0472551549538223,-18.168935511319404,3.5881925088779796,3.588177578632556,12.686666412192434,11900.147030380398,4.150910802453652,11.616597136122614,0.04751901281604343,-0.2216328754534196,-13.709994279483723,3.5621516627975636,3.5618346974828063,9.35057666015625,0.5280063020264876,-0.23032890725851285,-0.8933854658221149,3.1725942690705735,2975.9068988285826,3.1001162378826113,6.834055851322609,3.1299413728277505,0.045804363693509535,1.7811777758187344,0.249624326211464,234.14868011579483,0.6385883692927411,1.431410393245387,0.004340667650832908,-0.0114904514140544,-1.441076574903608,0.4996430401868107,0.49962418497453065,2.395070337233879,2246.586148182805,2.242630024925039,3.8464681495721593,0.04884024729671792,-0.5560865242362385,-2.128837789544645,1.5483719536951979,1.547601478816132,10.310488351336772,9671.281858494012,5.965622520133376,5.028722837388882,-0.10742458040720912,-0.08014977531502515,-5.496612589854838,3.212791370726154,3.210994916118176,-0.6966341943761737,-0.5382380566155794,0.49109775152127616,2.680887422663712,2514.6837915970364,2.478715927944975,7.428066291335322,2.4318224369514474,0.16160652112481788,1.6373415717753312,5.427083542223439,5090.627798649228,3.160491251912532,3.905746931401727,-0.049843350303838956,0.37466463652473775,-5.595089700619619,2.3301433221570194,2.329610169582765,2.581959778503827,2421.889264333931,1.6790570942531386,4.831180563716946,0.03263756361682645,-0.11837799877014904,-3.6676295424812047,1.6071792025355076,1.6068477770167986,0.5820469092874488,545.9624727891182,1.1543778020338356,2.3676290971878875,0.00282619552021671,-0.01614801590430925,-1.8034323310863056,0.7629252235105137,0.7629199887848325,940.0
participant_01,stand,participant_01_stand_001,0.2315933070349708,-0.2207275445505774,-0.16805193119663134,2.67811981627835,1419.4085366873305,1.5591985128819783,11.317320949930236,2.6282453372869217,0.022942881791700283,1.6364962011194373,3.2910326833967294,1744.253508351927,1.630504824163209,7.466400032009728,0.0186226798324685,0.0484895306308518,-10.795640743236728,1.8142159429353695,1.8141203607800473,3.720290600291474,1971.7610111819258,2.1098303722529947,5.926018786118275,0.09535873123431297,0.1510128172711996,-6.061650586162896,1.931161279622728,1.9288054853435777,2.5556535325447802,1354.5011761087571,1.7178792631654884,4.980433437689926,-0.09683212890900537,-0.0723806682060935,-5.900597199048216,1.6015711016791698,1.5986411518989432,5.31398388671875,0.16783538830751135,-0.11170046068108816,-0.0263757780135033,0.5645989828378858,299.2385221803629,1.2533718778811618,3.3991029011395266,1.6061677163705317,0.35709531058046584,0.7513980189206555,1.1707242231738506,620.4860388915828,0.9558556048580725,2.5901342580416804,-0.056939436081643986,0.0858866677444085,-3.142002823391129,1.0834972646735876,1.0820001031302402,1.218862083506866,645.9991953527808,1.5510566221386097,2.424141301759358,-0.0011335324543651068,0.1603806946450267,-3.0070267001636037,1.1040214528724932,1.1040208709561907,0.7503859446061524,397.7059611411567,1.204350322839156,1.8306558027843287,0.03403058014234465,-0.0090941174394144,-2.181122841048478,0.8669163886967283,0.8662482003480021,0.46144046048212917,-0.08376035883630739,0.08941193938566723,1.8274843749582155,968.5701538488594,1.7317323699910796,8.060488438693994,1.882212679317887,0.18011342628201096,1.3518448043167586,1.7864152256023615,946.803427492608,1.1772502089318349,4.975847119783767,-0.13177866491166063,-0.0345415740992359,-4.8744943592619245,1.3430490840353755,1.3365684515214182,1.7849618200758495,946.0331198315912,1.3088891482240677,6.416688220272492,-0.04674830072746877,-0.1147741767635775,-4.180039998271275,1.3368422583449235,1.336024633034829,1.777938365887787,942.3106759099364,1.3627144674485523,4.573643150624744,0.0366403251954826,0.1594542897558727,-3.373620200619223,1.3338968773178148,1.3333935525147056,531.0
participant_01,stand,participant_01_stand_002,0.17524274770856124,-0.21756925363945412,-0.06678833851966313,4.133819898148384,2529.904510272508,2.5638602405789293,15.439215257559068,2.9075867716946937,0.1095367206639193,2.0331797505750404,4.490749232889904,2748.3458444524535,2.02764957512835,7.036463010927153,0.07912638938326251,0.1230243009480479,-8.92753253895774,2.1206155281867423,2.119138795098118,4.513602768123894,2762.3322452363964,2.211326653193256,5.664183803437002,0.10001240528765112,0.0766391084008814,-14.300548699822135,2.1268768768631894,2.124524127451579,3.5624685860164607,2180.2365767081747,1.9989202762865528,6.710793007579202,-0.06925806338501327,0.0757901313047167,-7.835427509151299,1.8887205365962172,1.8874502870318097,6.136044677734375,0.09172519359173233,-0.14870809281146813,-0.434824028814349,0.39040817739464395,238.93044040945924,0.9531229942998667,2.9718447689079746,1.3010496211095715,0.17240909690327402,0.624826517838867,0.6592816610004434,403.4814502809048,1.1309885919912073,1.8827553679118527,-0.019793423872409142,-0.0589896532200113,-1.980274187203208,0.8122028321971281,0.811961613009164,0.7303701307157296,446.98770952592673,1.1355829473335484,1.8237213516420785,0.029877675486167755,0.0085198504913467,-2.474977567615268,0.8551390566499617,0.8546169497007005,0.6909598430777594,422.86854930535253,0.9107506683549786,2.057146744427585,0.03524491550595208,0.0870421096952931,-2.4042749129599548,0.8319868070749565,0.831239943143831,0.26310921905471024,0.032860702098202355,0.3441489698807842,1.5153144762730917,927.3749274180185,1.6548918235131533,6.975334857704931,1.855807177650707,0.16616676020625487,1.2309811031340374,1.3433528547223923,822.1341349612029,0.9641706180129861,4.180918412991154,-0.060481523241301745,-0.0465897681375809,-2.6893976304792293,1.1606079740273976,1.1590309981714866,2.127901545572798,1302.2792115282487,1.749409674199704,5.891390727456521,0.011984147613775812,-0.004480147999849,-4.617815287765209,1.458782082892036,1.4587328561367219,1.4828863906972338,907.5288862311221,1.2845946557074002,3.099207275581847,0.03731395788352526,0.0457595419532525,-5.445283417002578,1.2183097808645251,1.2177382274927702,613.0
participant_01,stand,participant_01_stand_003,-0.18182100662702722,0.02115064591762689,-0.081710283668874,3.505770630741841,1647.7196239288148,2.531034329311758,11.578102466128366,2.9057926340062425,0.17302909526804358,1.872370324145798,3.5236489609748034,1656.1224770161257,2.0532051515454457,9.844655303658875,-0.0708441458108428,-0.0889761259313581,-7.5393941382859,1.8784748744581257,1.8771385034074612,4.893838028704128,2300.1142417918486,2.0988707958689767,6.688089363681779,0.14729416821589514,0.1223818563482445,-8.11976819294592,2.217100268525206,2.2122020768239343,3.4965759096235858,1643.3980855228938,1.9934346727906216,4.7559318319922745,-0.09286602337874181,0.0375035177328083,-5.233764439808203,1.872217938147631,1.8699133428112613,4.71222900390625,-0.1837122291088868,-0.09438748400390823,0.17326447272527062,0.4421326207159145,207.80326845813394,0.7913152564451953,3.57759659685137,1.307699504866222,0.19709078712330377,0.664930538263896,0.8030950811761037,377.4563896253984,1.099618558200219,1.7853250229155626,-0.06982717402172586,0.0589095182631024,-3.2941568794884954,0.898872023932197,0.8961557237311514,1.105095938988616,519.3974326296049,1.457658076108601,2.864353736697902,-0.010964926174300227,-0.013198223987008,-2.498717427293922,1.0512926179682913,1.0512354346142523,0.23897435495841904,112.31845313205642,0.5676210622431977,1.8219071910042388,0.007012615936290711,-0.0489636538963503,-1.3377636311529426,0.4889003290453883,0.4888500331987501,0.2299311394104318,-0.2531779456364515,0.11332606174270873,1.5414066164712996,724.4643754334948,1.655605296439126,5.339463288185337,1.7503321657492614,0.08990528436108221,1.2415339771715068,1.2024679887508083,565.162502314551,0.8840612355947458,4.058446935540573,-0.1587367454832829,-0.0876656578303302,-3.98025849849568,1.108000606099759,1.0965710140026537,1.6871474052155266,792.962854916139,1.3138604297371872,4.467902201613636,-0.011793803336185252,-0.1236726299549891,-3.2112657038368546,1.2989559265089248,1.2989023847909151,1.6794109716977057,789.3267147720143,1.3253149285577477,4.205282080177992,0.10347218515137942,0.1248708417652395,-4.383289803077363,1.3000451779833295,1.2959208971606662,471.0
participant_01,stand,participant_01_stand_004,-0.15824421612723327,0.22992964790108844,-0.30840391982217724,5.889684454509365,2721.0469112687897,2.903560554995775,14.467588217295503,3.4042295792493475,0.1957100281625035,2.4268672099044406,5.071514605368408,2343.050677668579,2.1893650294947973,5.7714522694927215,-9.636033932034819e-05,0.0279860294720536,-12.612393854175156,2.252002356715846,2.252002354654277,5.879112299021143,2716.1625526484136,2.455169059397269,12.915498782894971,0.1296278606551921,0.06369339040066,-8.658186378383478,2.428150671041479,2.424688082830685,6.500316211534828,3003.160099031271,2.449701596830568,10.157471343258074,-0.10352282491228826,-0.1266297892056504,-8.43447645687264,2.5516726253210162,2.549571770226292,4.632007080078125,0.10643279923127268,-0.16908287259914845,-0.2508323711430512,1.15359609816697,532.9638835516275,1.5981736958412336,4.99868306657151,1.6316392472796841,0.130187738106198,1.074055910168074,1.893675178689046,874.8820137508451,1.0205011265142412,3.766730426367871,-0.07600412785058112,0.0187405380532627,-4.803971892164949,1.3782060100505196,1.3761087088922321,0.7855973935598458,362.94768892247964,1.2041765634917576,2.319628206538612,0.0400634544109646,-0.0063846692362637,-1.904551966794624,0.8872443146840588,0.886339321907725,1.1235871459366298,519.0996829467443,1.3404297691145133,2.673700969967161,0.07484186939938822,0.0067487157789624,-2.4827630818299005,1.0626327923378918,1.0599939367452202,0.282417926897582,0.06602486527925239,0.03609151782567156,2.4247219079459046,1120.2267471647751,2.2639571367729485,7.0774290092885925,1.9750327043365379,0.11376732585301703,1.557151857702358,1.4008573695067887,647.1991238012948,1.1431728830083985,5.172394063929284,-0.04360613222045538,0.0210663021784569,-3.4634675931115915,1.1843812157721925,1.183578205910699,3.1141615408162986,1438.749343412175,1.7080189270516013,6.606813308471836,0.05961280065013922,-0.0766339969472551,-6.030904431472671,1.765705305768109,1.7646987110598507,1.8028160600980858,832.9049051447558,1.144670585335274,5.723583398746121,0.04675403677811114,-0.0145299747751409,-3.5998786920124344,1.3435036285969366,1.3426898599818522,463.0
participant_01,stand,participant_01_stand_005,0.04328597415094152,0.09094243157438776,-0.34057351508991635,7.014150674440652,3970.0650162802976,3.009031341897085,22.768388741688266,3.4849385769971875,0.20227971213903262,2.6484241870290814,7.022665841826234,3974.8782199989514,2.5489896382315544,8.894042245515454,-0.04555578633234611,0.01895997489494025,-9.92803613217678,2.6504228288132805,2.6500312907258725,6.4350148097906,3642.264112009698,2.113897544264151,18.87611569691699,-0.002806850665451502,-0.0833474166618293,-12.57963697256313,2.536734650727438,2.536733097862406,5.698072085891132,3225.1489180182493,1.8652367593315953,11.74947957719258,-0.0333408802650678,-0.06409353337232596,-9.899347446495597,2.387296315958281,2.3870634859364617,5.684742919921875,-0.13278216755209662,-0.0632917360330384,0.12954726584758144,0.5830732710063667,330.0235686446235,0.7778740469348024,4.439569959525195,1.388029839134753,0.21796086401647188,0.7635923460894345,0.7331545702043462,414.9706629609024,0.9176421368293818,2.5997029834347423,-0.03130473390340544,-0.019998131947123653,-3.290152332804166,0.8568165244491432,0.8562444570356915,0.5354060239419803,303.0435726650222,1.0972998287472446,1.958588614873546,0.045856490667191656,0.11034662937639245,-1.765874317488008,0.733149944880507,0.7317144415289207,1.2379988975934169,700.7163047499469,1.271135550552751,2.3145275829735965,0.007603255486877421,0.1666680160453788,-4.151765606599119,1.1126799661571227,1.1126539882611381,0.19252208323474898,-0.03910035847762175,0.04062204754986206,1.9431793933872146,1099.8544345166667,1.7654881155687756,8.63066174926014,1.9621471997066096,0.06831019001272294,1.3939796961890136,0.8739327582246736,494.6521044422845,0.9568705808452767,3.748243720208579,-0.10729639616163114,-0.0518994905415315,-3.3362198060579087,0.940981017265464,0.9348437079130787,3.340660152840281,1890.8370897476182,1.5208519755645533,7.752526616896394,-0.04292014142340762,-0.025374904162612198,-5.830553310086606,1.8282511565373305,1.8277472891076274,1.5647839218605177,885.6786823164,1.3081366748372818,3.971731564443607,0.02166883958939697,0.04036495181804645,-4.770261840418172,1.2511008993960753,1.250913235144835,568.0
participant_01,stand,participant_01_stand_006,0.11936167814158524,-0.16770009956607443,-0.13800666393224936,1.9204744929855784,948.7182714592566,1.795241754755427,9.063047838832587,2.612948198922556,0.32441489891900893,1.385811853386158,2.298867342226024,1135.6451018728455,1.9463665339051972,5.252275074635809,0.059124466715567675,0.0417321414155312,-4.837515552842685,1.5173539616023757,1.5162016166150278,4.010452903759517,1981.1718200477335,2.4887443222920744,5.88398258559097,-0.1048883016080387,0.0518488754460448,-6.675017592595378,2.0053564420256405,2.002611520929488,2.417715488515678,1194.3563257531334,1.807835229008377,4.621885729474656,0.0802483043955958,0.0018636959487572,-4.538967222961547,1.5569699030084194,1.5549004754374725,4.952848876953126,-0.21849479813158826,0.08913191570390126,0.060852984927849664,0.7020987193798028,346.8381828952342,0.992629830633359,4.089000505642918,1.4697565906619436,0.18253701934032351,0.8379133125686707,1.0423613134569438,514.9285903826365,1.1304900088150007,2.459500105521179,-0.03997901788414311,0.0521425638387055,-3.259540869375698,1.0217434293049916,1.0209609754818956,0.7884951378489645,389.5181878053278,1.429065804621989,2.436163074808108,0.10625228117544229,0.0471618217026814,-1.88540650097672,0.894306818213945,0.8879724871013541,1.0160504242759096,501.930958081058,0.9292328677377535,2.482006818097476,0.04988397003285918,0.144423671826028,-3.442431185747602,1.0092268499906991,1.0079932659873823,0.6234246877617875,0.1404206346140667,0.13016035978122328,1.6277896613516103,804.1313745416904,1.6114829591984985,7.714587027187582,1.8080397768124195,0.2201430052462859,1.2758486044008555,1.2717814189417935,628.2625850326874,0.8848644511304866,4.833004577596591,-0.0019154105356063299,0.0010982045997842,-3.0731515813678274,1.127734493459925,1.1277328668358448,2.4381561737572404,1204.4540654735238,1.6331140609903723,6.1058588254576565,0.019913987300932922,-0.1657571990109322,-3.638883247551008,1.561586610037196,1.5614596292434975,1.1864408035701082,586.1041489813825,1.2115131126776448,3.1871480718771705,-0.004343262671061228,-0.0139363250729958,-3.2731976809479244,1.0892472940066174,1.0892386348133765,495.0
participant_01,stand,participant_01_stand_007,0.1851130164499835,-0.14909346211614508,0.241034771927303,3.2199675944131143,1642.2094599292047,1.9944052992726904,11.25802177867418,2.6245111976384567,0.13342011463592737,1.7944268150061495,2.776394299687444,1415.982736625642,1.5591593530879906,5.215507729271949,0.04645619967815124,0.1800921936165732,-7.270633841278092,1.6668990605840475,1.6662515715483794,4.494254405411923,2292.104785010831,1.8995500190391352,9.56694817975305,0.016510265695622868,-0.145428440888538,-6.322128488819018,2.1200299512707983,2.119965661375656,2.8316402372728886,1444.1590233105685,1.4938419612778417,6.953469817785773,-0.05750574935281457,-0.16963624150202755,-4.518109710501888,1.6837301293501632,1.6827478234343043,5.1232629394531255,0.03850615195133362,-0.15747812609860876,-0.023296224571523975,0.5405188597624629,275.6688292487829,1.065582607989791,3.80150031222032,1.481422250185334,0.0778927263034215,0.7351998774227747,1.3540842274617937,690.5934937909306,1.028333437511827,2.3107305141509915,0.001762569003879333,0.06396349555053345,-3.67282166232089,1.1636525830810873,1.1636512482104737,0.9099295933112406,464.07117785378125,1.4915281236782538,2.579931480158508,0.10614850661184311,0.00127292172394135,-1.4975811125362009,0.9597901326681604,0.9539022975710042,0.4591476056178271,234.1688802704454,0.9591403384116725,1.863995813913074,0.026433021211398188,0.1210468211171871,-1.838335362711931,0.678119687244213,0.6776043134586933,0.10557336436482309,-0.05513498426902871,0.021760329803769945,1.1521275026163074,587.5942511973253,1.5554237081551883,5.541910920396063,1.7881835081710402,0.2004702784348152,1.0733720243309435,0.8722010258266022,444.82965673451946,0.947818195052483,2.9613595344727237,0.020488958874519417,-0.0009299892551890999,-1.89512860040666,0.9341417575841281,0.9339170336955003,2.170363947380872,1106.902576188168,1.5097626801155957,3.936802498495692,-0.022383841869804272,-0.10605896515934196,-4.929335096725806,1.4733855516319292,1.4732155128768065,1.3001129201184174,663.0678560826468,1.2658228656661263,2.7864840923989704,0.07828814963128054,0.2164755759404119,-3.9261156674083377,1.1429094253225438,1.1402249427715645,512.0
participant_01,stand,participant_01_stand_008,0.04048457194427198,-0.15369823466072802,-0.0025976519840791227,4.855335829013701,2214.082197347517,2.638983567777636,11.924586849783626,2.9538427368985376,0.20353572303443435,2.2034826591134546,4.434881608885325,2022.3448886404872,1.8415932515726778,8.528859204214635,-0.012151622969721039,0.06350582516958819,-7.282359277700582,2.105950918427617,2.105915859877912,5.39516051985089,2460.240360784953,1.9572629928521772,11.59179986634912,-0.03148407182878742,-0.17376442859948155,-8.376547175216118,2.3229618521684356,2.322748483984198,3.746017478541745,1708.2166652145302,1.8463537958632275,7.418703255640937,-0.05765611280918259,-0.06141672226459305,-4.454743575732159,1.936321694834309,1.9354631173292207,4.581820800781251,-0.06334267386383181,-0.12151869458221286,0.0721975057616647,0.6680734900103674,304.6474731136216,1.3639311889844312,3.805396224711739,1.533621528420435,0.16763304054652253,0.8173576267524317,1.5386074481380554,701.618382510862,1.3297234076963818,2.6313836407732123,-0.04363462797866831,-0.0624514527587902,-3.693196180685352,1.2411734080687082,1.2404061625685578,0.8020604574740167,365.74675622875856,1.0192272118573997,2.141581651230075,0.08777351706495903,0.06349298755287876,-2.812449991123367,0.8998692392631106,0.8955782810419292,0.6696263711499475,305.35567626726686,0.991717683593861,1.9272928779354963,0.012885442413431212,-0.02221167513871785,-2.320476251100276,0.818408459008176,0.8183070152149177,0.32758427512346594,0.1850715472207184,0.3416489929744379,2.070304042851099,944.0773669126378,1.5824613100577172,8.930260188562961,2.1361855874986575,0.23097236757202108,1.4388551153090776,1.5083416094779452,687.8169116976744,1.3099527308189547,4.882036623745536,-0.1161412878456389,-0.08410103345456299,-2.900081431593057,1.2336249058041868,1.228145597833557,2.8183114398941775,1285.1745238583362,1.7321556606532014,6.314746405060959,0.007291442693156404,0.00178924417497095,-6.84444022345306,1.678798559991855,1.6787827256361014,2.2933801205558986,1045.8012838782097,1.6415794100563152,4.845034209158944,0.004215836936085174,0.27392301044632394,-6.48165911129464,1.5143968746127845,1.5143910064959771,458.0
participant_01,stand,participant_01_stand_009,-0.08014315058520648,-0.22651195287613454,-0.09714493414891286,3.805888018921747,1765.9402079213623,2.6907777019762316,14.04370245292833,2.9586218474960644,0.19863380489763022,1.9508685293790935,3.3903895991175093,1573.1480495046856,1.9669773427369037,6.012253205708709,0.1310217755953818,0.1309087690030883,-6.742086388795332,1.8459567451047372,1.8413010615099068,5.537343986937428,2569.339492651385,2.490016375143891,6.807444427660791,-0.06359791734831013,-0.0996793203412325,-13.09190501620848,2.354015437933335,2.3531561756367614,3.610332576846512,1675.2020631515816,1.8587757452599183,6.571712371392214,-0.0073274640984867245,-0.1152528272709997,-6.223001344144283,1.900101646906456,1.900087518207125,4.65199462890625,-0.18534791835490924,0.01666704911798096,0.2956248039458077,0.8152521666322378,378.27875478552716,1.0485280389810496,4.481261919841973,1.57267948465758,0.2921149014465196,0.902913155642467,1.534218318870395,711.8805922698521,1.3465841025056955,2.6615161605377247,-0.04905816434153996,-0.0618764448289534,-4.150737481384531,1.239606801513672,1.2386356683344764,1.2451947213543035,577.7730228000737,1.2358533362467652,3.766243702255608,0.1351565945805131,-0.0656477977946372,-2.106071240040757,1.1240382673258527,1.1158829335348326,0.48819304999484153,226.5226228221772,0.7013604618813216,1.8109924597517824,0.017112256670766688,0.0143068693119836,-2.6214265460214885,0.698917648455959,0.6987081293321565,0.3788770027453158,-0.09371918701332795,0.14251058878444461,1.8685927976501098,867.0310679654399,1.9075730349015356,6.599574425837023,1.8854888741531248,0.12079137451367877,1.3669648121477413,1.2469276723645581,578.5771157876105,0.9174816846691138,5.321221204409725,-0.10917331023262464,-0.130547768566336,-3.52044496153632,1.1219832815295008,1.1166591567548971,2.3835511706896493,1105.9728581166728,1.238884056097681,4.484317656706165,-0.03646170074975949,-0.0781069754340844,-6.450484825069128,1.544305872005677,1.5438753740796727,1.7699872835033543,821.2778978015295,1.8470002580772067,3.834536065049058,0.09973313571252114,0.1233275597331364,-3.524054430782188,1.3341416648401347,1.3304086904043262,465.0
participant_01,stand,participant_01_stand_010,0.1515764946392676,-0.07027768954793448,-0.1972060327156651,4.0005003793639515,2096.296311351839,2.350003462435896,13.821847094946737,3.116994708789392,0.13799901772390277,2.000125090929053,5.436315379800042,2848.6706763362067,2.1091736860655796,8.161003947768114,0.07638083442643098,0.058692399751790844,-10.648490036082578,2.332841488757374,2.331590740202929,3.5974362196519487,1885.0838995770937,2.250447906833023,5.835536677096321,-0.004835481557980321,0.10001524952656325,-10.028445487982282,1.8966970241801528,1.8966908603280475,4.673873184571682,2449.1454315213973,2.0784827227998077,7.166432326231655,-0.05171263106602443,-0.08691682386638785,-8.343543039480984,2.162532631148823,2.1619142407995007,5.2635871582031255,-0.15592187973460883,-0.10097387798648992,0.02620621301206927,0.5672376343657088,297.23681766450756,1.016769710191956,3.7743957089964555,1.7012472624433848,0.2952146388440084,0.7531518003468549,0.8839923515966731,463.2188839719881,0.9803331009336258,2.4504370698729554,-0.057833595597693764,-0.00612781666362705,-2.642511946869009,0.9419857092209153,0.9402086744955468,1.2805055189445835,670.9945990414458,1.671703341536988,2.95630389941454,0.13995515623290203,0.1706352563925103,-2.0311402596388213,1.1402161920884828,1.131594237765721,1.2709983662422766,666.0128028681007,1.6263752008805472,2.3172212770534832,0.055240157651408266,-0.0375944443456216,-3.056223747716684,1.1287381632866098,1.127385633331504,0.07310767411681217,0.06913026986489376,0.2817973751593673,2.2685877258508,1188.757361857177,1.6050957652775537,9.371425295005311,2.1496486230021556,0.20265964186090826,1.5061831647747228,1.0805199280036892,566.2008877942868,1.2723891899423303,2.941130439487408,-0.0022431603383886787,-0.0638689956132183,-3.0779773866693394,1.0394830252447573,1.039480604919442,4.0175375133927345,2105.220148125364,1.7486511161610494,8.90015504508705,0.02302119296608618,0.16083753528606132,-7.00133996746629,2.0045117831328194,2.0043795831610174,1.7909748195883632,938.4844525512789,1.576340178077818,3.374604172967459,-0.003108077732698273,0.0041140323133375505,-5.272015714993701,1.3382766828035062,1.3382730736244988,526.0
participant_01,stand,participant_01_stand_011,0.23303000866675727,-0.18630401988244946,-0.0936431127687046,2.182665444713553,1174.278051228937,1.925311228142765,8.908847493487535,2.488367470416354,0.19391493526932613,1.4773846637601031,2.91194112760741,1566.629719136356,2.0044945780092482,6.087630963812173,0.14291081916091544,0.2684009114626743,-6.235218043309667,1.712414853311152,1.7064410706518436,3.727671161392783,2005.493987924061,2.315223440520291,8.161959454934493,0.004420989287787257,0.1770738747121744,-6.320193707210327,1.9307228456044814,1.93071778398418,1.712844011043479,921.5132498747454,1.398708897092222,4.381284533485102,-0.04169850257070994,-0.1512548356342429,-5.028878391469575,1.309420778879012,1.3087566660932348,5.393945556640625,0.025810794249993035,-0.17757321179886884,0.03266046213496695,0.5882432929056696,316.47598092268146,1.0304114658665073,4.279423679759837,1.4905383284624523,0.1366291402406969,0.7669702034014552,1.4332078791318288,771.0684930615889,1.0026293716839088,3.0765670882804863,-0.002320821309471855,0.0105092166294101,-4.221612350169835,1.1971688541485612,1.1971666045842695,0.9156562945061141,492.6247821040942,1.3589954566074964,2.828456243858699,0.07324430342649214,-0.0175251991103163,-1.864172698037536,0.9596984018380703,0.9568993126270465,0.4556989040787548,245.16685428122955,0.5823615913743743,2.447673356050581,0.0038222517749584174,-0.0642367146438674,-2.24308151428479,0.6750655625103282,0.6750547415423099,0.3462473969551988,-0.15631661397400112,-0.28677353006823453,1.6130195396695792,867.8074994154549,1.3714129497721028,6.633014280954938,1.6203086637371116,0.1405600859360835,1.2700470619900583,0.8332726381411685,448.3022224174267,0.9780925006617542,3.1249328327512087,-0.06831649428328085,0.0649277153248901,-2.575665057790709,0.9153905076699922,0.9128376844440464,2.243395610140863,1206.9509926920991,1.1278159785776358,6.318051119449308,0.005459140333347267,-0.1172474424604398,-3.4658747432817045,1.4978068675079714,1.497796918858115,1.15496202278501,621.3717070768961,0.9866437906083187,3.5010167207497127,0.04574372940354766,0.1159345278843167,-3.0298884012167413,1.0756646836095136,1.0746915942655408,539.0
participant_01,stand,participant_01_stand_012,-0.046344482746570964,0.1671325416374045,-0.041611093347351955,2.755196101950787,1421.686507518,1.8847617733919912,9.46070416575609,2.7275357968721443,0.13575460435388514,1.6598783395028647,2.810994577168277,1450.4786284492889,1.7426105200169655,8.215355301178485,0.06962771971849353,0.0135183751695376,-4.19198381851521,1.6780472569392897,1.6766020926768155,4.141760453110572,2137.1563894816054,2.3639143584230506,5.031258493806312,-0.03934944780127989,-0.0182917210671122,-9.163975664324774,2.03551193367979,2.0351315567084534,3.23422337957928,1668.8655075373863,1.8218879734569524,5.266596586909419,-0.03567655975791021,-0.0941818293995229,-5.713224982183036,1.7987485084067312,1.7983946673573297,5.173322265625,0.03299555895202654,-0.08152040970241035,0.4822131497869759,0.6754481164607755,348.5325320476529,0.7139750640670043,4.795092313003738,1.4581863013445107,0.13171010679661052,0.8218565060038008,1.375561243010057,709.7922569168246,1.1962368061620707,2.6555337641459493,-0.04877545566805028,0.1045562761382948,-4.794624283237723,1.1738570134755268,1.1728432303637417,0.853495672264166,440.40541456335274,1.2578853765501952,2.766158957460212,0.0991762441466876,0.2000862907592515,-1.6431398205837788,0.9291563913934023,0.9238482950485789,0.5573792735418668,287.60878116936675,0.7336483945424006,2.6109393034803148,0.05571574817590036,-0.0095015820262875,-1.4905734053238155,0.7486544717936755,0.746578377360252,0.3059695162847328,0.14092683914953733,0.033511616644160684,2.4137958429659405,1245.52331480796,1.627565659113531,8.605038227933928,1.8342818577574846,0.23772531007007747,1.5536395473101026,0.6272189892401192,323.6462092953711,0.7592965029888021,3.59988035829148,-0.010736432236866251,-0.0096755323839294,-2.439730128266603,0.7920443549557663,0.7919715836064569,3.8044372585679023,1963.0969698945098,1.332553230483661,8.463433995223506,0.03217760035621796,-0.1063513184421128,-8.306645648671003,1.9507620707130293,1.9504966697146402,1.334013640995656,688.3536140696676,1.02226622968436,4.435294454506596,0.10754170780981104,0.0969138583812255,-3.449797130082244,1.1599908878583085,1.1549950826716346,517.0
participant_01,stand,participant_01_stand_013,0.15716410138959613,-0.020126074736935902,-0.050732406846107206,4.974906076607814,2208.9098072638017,2.694704855781713,15.814253444128374,3.393441450383601,0.12808698293431084,2.2304497476087226,4.214196784442645,1871.1410155879873,2.1192563249164666,9.46406803129738,0.025451963867526683,0.0154376664575183,-6.791999866067461,2.05300866703172,2.052850891916567,7.628772047122366,3387.24357257152,2.6284499379000033,10.543541003462446,0.022329647369339702,0.13706975179329406,-12.108521560346643,2.762113440877113,2.762023180047982,4.641905643149088,2061.0477824996133,2.154867085953626,9.095609791309316,-0.06580321769427655,-0.20755184022104667,-6.321445685201145,2.1555128639393475,2.154508213757629,4.461450927734375,-0.18468096571138834,-0.28446507704957535,0.2952468192089925,0.744735493409121,330.66920853094405,1.039784771208571,4.105050923693298,1.5775580567549796,0.2012896991801463,0.8629805869248283,1.1050486306214777,490.65146229324625,1.4448319806930066,2.3373421566923014,-0.09771571936777712,-0.00176482825407935,-2.565144275851196,1.0557447572368237,1.051212933054706,1.2093195667349461,536.9486974592728,1.2987647874153239,3.688251291722748,0.1599573622692134,0.09209535374957475,-1.6856274280541907,1.1112632111606457,1.099690668658667,0.879631336830489,390.56417557539515,1.3662955673578505,2.1143417757484926,0.0655031457188894,-0.080383301262681,-2.352999281159996,0.9401712604252265,0.9378866332507831,0.14498560472864344,-0.25468821648188933,0.08773397307929101,1.9405492989574038,861.6212164141991,2.0284274424764517,6.939045267155969,2.0296185000819835,0.1170830097539292,1.3930360005963247,1.293676750234754,574.4041874696752,1.2159848746113,4.150909288407624,-0.07673160203910015,0.016423538191396553,-3.403372283536922,1.1399844248875688,1.1373991165086923,3.3102489522466243,1469.7801510167387,1.8518972420874218,6.037754887520404,0.03893923300825782,0.007773563385405351,-4.751905274711516,1.8198256004666755,1.8194089568446739,1.437632799729659,638.3218853194118,1.1293959194708663,5.147978615988873,0.10458513279930404,0.12683156470886764,-4.148603232925652,1.2035658892359433,1.1990132608648074,446.0
participant_01,stand,participant_01_stand_014,0.11060989966532345,-0.022103703387456087,-0.01268031082933753,2.8943664902847552,1435.63124829167,1.9595620066646702,10.393718814675596,2.7562923073380015,0.2976011305755531,1.7012837771179607,3.226880769615699,1600.5587574022215,1.851078854438693,6.475520514143683,0.12224297717965023,0.18860519949217175,-5.794504661979862,1.8005066273372736,1.796352072845326,4.808071724653712,2384.844388571804,2.1078355319763173,7.215118521526775,0.0113738380754588,0.19708561265049496,-10.231079651907232,2.192761065151942,2.1927315669396727,2.441286074193831,1210.8986250026396,1.697653877797836,7.783990622589008,-0.014230096621042045,-0.15668336582247205,-4.245568920913963,1.5625263421279256,1.5624615432687714,4.9830029296875,0.24566315052114407,-0.20362746744307889,-0.0997255182902998,0.5454311298233829,270.53820929436574,1.031600097298448,4.269613564888861,1.4940156504559101,0.22627340777521945,0.7385330932486255,1.4939237830974592,740.9981530240091,1.2268109297176495,2.672541698615374,-0.03856432371218164,-0.0343103249170024,-4.261262179194198,1.2228699808895618,1.2222617490118306,0.775061602610901,384.4367945454694,1.4223601194583246,2.447930916178678,0.09345977919790541,0.08610996420352071,-1.8762721671242069,0.8853227281272192,0.8803758303195862,0.49735867271169265,246.69388260300246,0.7031027884915465,1.442721269501856,0.030787949256603307,0.058089603437494294,-2.087781966800301,0.705908330118805,0.705236607608888,0.3600830722549768,0.3039006657481299,0.023724072299429355,1.2371055738007062,613.6148580855528,1.7242805568159068,5.4408281712193896,1.8060224168700851,0.09174218330547486,1.112252477543074,0.7504176287441439,372.2134117610987,0.9739384169657956,2.49323407666523,-0.04515451064327146,0.0313424914733973,-2.224466279255443,0.8674425390627192,0.8662664882956883,2.561508980062861,1270.5290265445444,1.6830153718838183,5.321933508530434,0.025790675791214215,-0.09462371812234721,-4.379296845938573,1.6006792742522247,1.6004714868009555,1.1841916874126104,587.3685802033614,1.1432149788903725,3.229509444071394,-0.00039878459337524484,0.1263126706077345,-3.410197914958254,1.0882057923213615,1.08820571925193,498.0
participant_01,stand,participant_01_stand_015,0.11888661042709849,-0.04214765889810512,0.15623756766490285,3.3587396593294043,1652.5320143200388,2.4000559670672263,11.627584198612324,2.876787431483714,0.11927121395997635,1.832686459634982,3.494488094877928,1719.3164399928307,1.9247379087716632,6.711692203990919,-0.06561236797027671,-0.0032425297645866497,-5.126127196493315,1.8705061020238867,1.8693549943437517,4.476996008904354,2202.718639299602,2.227373745155535,10.112474140392845,0.011790431661099644,0.07303380190632205,-8.628156367353114,2.1159241534570916,2.11589130366008,3.658658222556823,1800.0895468258127,1.5329965745152758,6.331899392037736,0.0076981701423834885,-0.04113550866572055,-5.600458564391496,1.9127774267750977,1.9127619356722945,4.942842041015624,-0.08750998811589536,0.3951919808874048,-0.07895470845774132,0.4132633628232416,203.3290757323179,0.8919165262872248,2.9714316371072687,1.3355831276409607,0.11516385865233861,0.642855631400427,0.9426969277753116,463.8146941350344,1.2426423126161303,1.6299211597781025,-0.00523317351240252,0.05882162640003545,-2.5322238184445025,0.9709399126003228,0.9709258096143657,0.7155010742452192,352.03230364706724,0.8963671345695134,2.4445975649275167,0.07474496126010115,0.05725498180004225,-1.8678580717931983,0.8491689369489402,0.8458729657845906,0.5331392740721047,262.30893454360256,0.6895181265762624,2.595235088139196,0.009704753012398457,0.0574559929663777,-1.99928833659364,0.7302283590104787,0.730163867958491,0.3438021091079345,-0.06103019031156317,0.18757821621818357,2.033249692329398,1000.3752763562712,1.5689365965284905,7.124818843638775,1.881813777727498,0.15337839730353103,1.4259206472764878,1.117778880325867,549.9562949515772,0.835419778609434,3.863970086392255,-0.03249946200218529,0.03876707796246835,-3.5003062053100877,1.0577500155312212,1.057250623232669,2.947036956254567,1449.965950615874,1.1754655016366893,6.484155079199095,0.05944919327066485,-0.02795573806769635,-5.655230863445374,1.7177226676140418,1.7166936116426155,1.5048592740441902,740.4031021071938,1.6705527185339772,3.881402974744711,0.014396323796253578,0.1087251627092463,-3.8932129483753553,1.2268115292020354,1.2267270576799838,494.0
participant_01,stand,participant_01_stand_016,0.11888661042709849,-0.04214765889810512,0.15623756766490285,3.3587396593294043,1652.5320143200388,2.4000559670672263,11.627584198612324,2.876787431483714,0.11927121395997635,1.832686459634982,3.494488094877928,1719.3164399928307,1.9247379087716632,6.711692203990919,-0.06561236797027671,-0.0032425297645866497,-5.126127196493315,1.8705061020238867,1.8693549943437517,4.476996008904354,2202.718639299602,2.227373745155535,10.112474140392845,0.011790431661099644,0.07303380190632205,-8.628156367353114,2.1159241534570916,2.11589130366008,3.658658222556823,1800.0895468258127,1.5329965745152758,6.331899392037736,0.0076981701423834885,-0.04113550866572055,-5.600458564391496,1.9127774267750977,1.9127619356722945,4.942842041015624,-0.08750998811589536,0.3951919808874048,-0.07895470845774132,0.4132633628232416,203.3290757323179,0.8919165262872248,2.9714316371072687,1.3355831276409607,0.11516385865233861,0.642855631400427,0.9426969277753116,463.8146941350344,1.2426423126161303,1.6299211597781025,-0.00523317351240252,0.05882162640003545,-2.5322238184445025,0.9709399126003228,0.9709258096143657,0.7155010742452192,352.03230364706724,0.8963671345695134,2.4445975649275167,0.07474496126010115,0.05725498180004225,-1.8678580717931983,0.8491689369489402,0.8458729657845906,0.5331392740721047,262.30893454360256,0.6895181265762624,2.595235088139196,0.009704753012398457,0.0574559929663777,-1.99928833659364,0.7302283590104787,0.730163867958491,0.3438021091079345,-0.06103019031156317,0.18757821621818357,2.033249692329398,1000.3752763562712,1.5689365965284905,7.124818843638775,1.881813777727498,0.15337839730353103,1.4259206472764878,1.117778880325867,549.9562949515772,0.835419778609434,3.863970086392255,-0.03249946200218529,0.03876707796246835,-3.5003062053100877,1.0577500155312212,1.057250623232669,2.947036956254567,1449.965950615874,1.1754655016366893,6.484155079199095,0.05944919327066485,-0.02795573806769635,-5.655230863445374,1.7177226676140418,1.7166936116426155,1.5048592740441902,740.4031021071938,1.6705527185339772,3.881402974744711,0.014396323796253578,0.1087251627092463,-3.8932129483753553,1.2268115292020354,1.2267270576799838,494.0
participant_01,stand,participant_01_stand_017,0.0722717675434766,-0.012096036088225083,-0.06200032062639863,4.955876709035212,2200.42037064282,2.0761062313127807,17.35908869463542,3.231812139129857,0.18676339089602806,2.226179846516272,3.9632198062814985,1759.6784801320491,1.8570384642512143,6.723766389068624,0.028417156723233493,0.0744934233386162,-7.274674929743448,1.9909865245846674,1.9907837166004494,7.644805901918067,3394.31096127203,2.5852549013042605,17.10734271881628,-0.02590927415454788,0.0280565980425856,-11.410460231708017,2.7650456040371707,2.764924212689756,3.7908730235989494,1683.1561221932332,2.0536643362323854,11.334063622229444,0.010433339846391084,0.0074148825612007,-5.841874092866134,1.947044395533728,1.9470164415327749,4.451510498046875,-0.15476225441509533,-0.43373106362906355,-0.29497161883037676,0.557970887043755,247.7403249032277,0.9378658510326106,4.397188611842709,1.5158206211162442,0.16767941585270046,0.746974488884162,1.1498539431594768,510.5377289106622,1.49609116127983,2.323285510100519,-0.08859585037202876,-0.023074318561388,-2.3978202620967943,1.0759661555377193,1.0723124279609357,0.729825250935065,324.04404779465534,1.2784226777770686,1.769880001692861,0.05373657549838209,0.2092226036655512,-1.963589107755937,0.8559864896605309,0.8542981042558067,0.961919193880478,427.0942788524252,1.146385627564289,3.6257260407108944,0.05786026460823707,-0.1140551039116378,-1.8585472940980463,0.9824800273293158,0.9807747926412455,0.33821026487251477,0.3811089495797503,0.27721360855164473,1.5057855650137986,668.5721670669449,1.5674716363862178,5.636818032495103,2.0043016695124547,0.1267472991449176,1.2271045452665386,1.8776803398029602,833.6942809181193,1.413038215039938,5.485801114781049,-0.11979866245840601,-0.1159617709034077,-3.321174837728099,1.3755115627757488,1.3702847659530337,1.9678072978263692,873.7108523588939,1.6589283130005628,3.807225929719359,-0.04853059664901253,-0.1108348751548091,-4.805665862518257,1.403624777722835,1.4027855494787396,1.6600526517370497,737.0670994623973,1.577036678089423,2.9621188163074,0.02763186059424876,0.1154136170322966,-4.763613849766331,1.2887265697024135,1.2884303053471886,445.0
participant_01,stand,participant_01_stand_018,0.12911735060776727,-0.037789604288830284,-0.17002965916798216,4.484078828002227,1892.33975684878,2.6244045806309813,14.180222662236064,3.0107822686241943,0.15076934320123958,2.1175643621864784,4.449336919709322,1877.6619774174985,1.8579318732135515,10.014961609478068,0.1126733854847785,0.1184778966526517,-5.57851530152081,2.112352293417441,2.1093451400160483,5.320857424224565,2245.4518985359414,2.126415570062072,5.853528417759599,0.09934679326330038,0.10019743332117326,-13.026675778481952,2.308836765463567,2.306698381718894,3.7510795050399555,1582.9908712116808,1.5981917544360542,8.087768975097717,-0.07106174049327627,-0.2418167553915787,-6.296546709664884,1.9380735992221476,1.9367703800502412,4.240928222656249,-0.07854077217589421,0.012343568746832123,-0.034193421521587004,1.0850880672828778,457.91735484969985,1.5194820418050194,4.383295413636819,1.7452538302630771,0.22359429986562238,1.0416756055907606,1.8207098353032212,768.3567813957926,1.3036248912081083,2.967807774922917,-0.08757877507421295,0.0387723105621868,-3.605723547007429,1.3521759786162157,1.3493368131431163,1.4255165704486434,601.5816056416161,1.2512922664217423,3.4017180720965783,0.12601335477882847,0.01237973815821195,-3.1046870402234124,1.200581499120846,1.1939499865775967,0.8569986096928683,361.66170201823024,0.8423902256354705,2.4956355478347163,0.06499674191812167,0.05698279182001815,-2.042758563304708,0.928021112988729,0.9257421939680984,0.3592459127623855,-0.12113701862286315,0.12734656148427195,2.3488179899581842,991.2232518420078,2.175260870303581,7.787125504028915,2.239192354575517,0.09429005074554034,1.5325853940182859,1.959377059412549,826.8756048383206,0.8658113286528986,6.035699267647323,-0.12275368557688035,-0.059380997971562,-3.1040851157371057,1.4051496456731065,1.3997775035385263,3.006365660975269,1268.7145611395824,1.4982417540399298,5.732553545576156,0.03167193393091828,0.1157136481807286,-6.420264712300527,1.7341766843012836,1.733887441841387,2.3682507299401006,999.4243331503841,1.8119924258600189,4.823135354621764,0.11285105980043542,0.15804932716257286,-4.454998414175666,1.5430444230929263,1.5389121904579548,424.0
participant_01,stand,participant_01_stand_019,0.23696297691426274,-0.23926137444246215,-0.056300907222892854,6.536108044160003,3006.6671604581506,2.6146288107013795,18.020024051328562,3.0304439121921316,0.2297988584158331,2.5565813196845517,3.69238934463473,1698.5309482285656,2.009948664671794,9.629466202886338,0.014061361883463472,-0.0321231597871931,-5.926792207597608,1.9216105397641707,1.9215590921527055,7.712514866551082,3547.8240586189963,1.9753370709984481,8.226785962809116,0.06279557762611704,0.18851672524781954,-17.970583111186347,2.777851355116123,2.7771414919933557,4.3084187265343985,1981.910046512169,2.195219758054989,10.654563407704115,-0.0472694924314912,-0.03908767865317925,-5.773721634043367,2.0762112444183347,2.07567307795192,4.621878662109375,-0.021467390785092806,-0.06525640601485261,-0.2434696817443309,0.6860195187602093,315.5749725217735,1.281382700446169,3.2915924652562176,1.4701563200501853,0.19317764545378047,0.8282629526667297,1.1043162415319527,507.9951451933902,1.1511449633368036,2.288393083729768,-0.048847332573796885,-0.0184109785114773,-2.841727323740812,1.0519991936458544,1.0508645210168401,0.8568397476386123,394.15373114333244,0.9564502170264586,3.1748966246158457,0.09818728745814169,0.02206814662584455,-2.6990524369852205,0.9308493385381976,0.9256563874562808,0.873154284241382,401.65850091912773,0.8407907435782626,2.664063232446937,0.032280728210533516,-0.07854072154872624,-2.161335748916245,0.9349846681391006,0.9344272493037551,-0.026502029003866903,0.20644183403142144,0.3286626270351433,1.7249963840568558,793.5142203635669,1.7013877588263804,6.702485271243764,1.8382571672973032,0.14839616123866342,1.3133911770896194,1.5006237478085105,690.2998979034755,0.8041020138253074,4.488743136581546,-0.12077313878699804,-0.08515415098070944,-3.622880693211724,1.2309386251397647,1.2249994889013263,1.9117590093485273,879.4265246035758,1.3338249304132863,4.556295024365618,-0.015517337852852522,-0.0035873496330258003,-6.097615606429663,1.3827508080354054,1.3826637369037085,1.676884826203922,771.381519276633,1.4899765455410554,4.3274926451610405,0.009553794497362897,0.14687002375923108,-4.161500837714375,1.2949811200141954,1.2949458777122393,462.0
participant_01,stand,participant_01_stand_020,0.09547598521604393,0.0010837469495669837,0.09304562488252094,2.5829091510448414,1301.8076044055174,2.292833310560546,10.936181631194234,2.499973383780174,0.16542449868629547,1.6071431644520164,2.7262421261681182,1374.0477029215533,1.3728127957906824,5.210213510069102,0.05668208478695767,0.04260466082380415,-4.915557160970613,1.652106226882495,1.6511335882260159,3.571830411831787,1800.231550182796,1.9048432847132837,5.265369891865725,-0.019857243702242313,-0.0051183185813606005,-10.65207660912714,1.8900329949393047,1.8899286790330971,2.5310762601811554,1275.6824222788714,1.572067547179205,5.134251837861144,0.0044837049219207436,-0.03540492424663555,-5.650514554692087,1.5909419737347377,1.5909356555754086,5.0629953613281256,-0.29034991501989266,-0.22626792790773165,-0.23401386962366874,0.4271131272528072,215.26850784593105,0.8592455509339552,3.044490128047485,1.2216147765232157,0.2421376953914678,0.6535389255834783,0.5574914962423779,280.98012411752904,1.0259936875279165,1.8358892052704696,-0.08866452528820591,-0.0070691979286544495,-1.945074281498724,0.7518995240635284,0.7466535315943922,0.8796530371086829,443.35224199237086,0.9531705974665403,2.6070476915629803,0.07358288382238144,0.06812411670418865,-2.2876168473066705,0.9407802495271151,0.9378982018901001,0.46765747893183857,235.70318893048005,0.815926110000471,2.0672216248769293,0.03712059204233094,-0.012010697620690399,-1.2699312230948168,0.6848616044759785,0.6838548668627273,0.19866826557601586,-0.14508472963883376,0.0865081948050446,0.9566051864286702,482.13667116021975,1.4354248455402399,4.117201938644379,1.6002470526240025,0.13845007322796185,0.9780619542895379,1.3502191936249963,680.5211940592725,0.940559445399707,3.681890600287501,-0.1415615950162733,-0.1227723753629844,-3.7495887356275577,1.1705805733944794,1.1619893259514031,1.2312464894319404,620.5579256691835,1.1266110724685583,3.844854170779751,-0.008821980820545208,0.03231439816756345,-3.600042029045157,1.1096505381324062,1.109615469174768,0.9157963675588441,461.5687718001055,1.2993920687014666,2.7000676721189434,0.00403146568216023,0.053676021307019456,-2.9495148059736125,0.956980992640079,0.9569725009418213,506.0
participant_01,stand,participant_01_stand_021,0.19661607180648094,0.0695498318871514,-0.03698204117994068,3.250115731812289,1774.5691204376328,1.9833544069455997,10.332729016663114,2.247834543504254,0.15098503938324606,1.8028077356757402,3.035340154397906,1657.3012632431441,1.6671137289729037,8.649248300475264,0.04172362832113376,0.0373806781149238,-6.395242079334923,1.7427223001838779,1.7422227625645081,3.3678672903908606,1838.8616862966398,1.4060436576838002,9.689921222290245,-0.07816912226464223,-0.1812223756045243,-9.683196461056708,1.8368390517588866,1.8351750026607436,1.8876444570989752,1030.6573181827137,1.2993883409898994,7.358261617030352,0.06459637806890713,-0.0557481481924636,-5.24066418658818,1.375433440468348,1.3739157387187089,5.4740205078125,0.18769078204959067,-0.24352751706764375,-0.5278768192534257,0.5017632821357603,273.96366767255233,1.152672593458246,3.259429067294477,1.4540533231536261,0.08382925165600642,0.7083525126204891,0.755091524489512,412.28135027551525,1.0608208223712634,1.9083614191482323,-0.031486994864747125,0.1422716113081701,-2.3535099608317607,0.8695303073125885,0.8689600246786454,1.2021168708211822,656.3580051122901,1.4988415155893344,2.499681473525578,0.10323531706844831,0.0021147638248596,-2.1756908193499185,1.1012603695363805,1.0964109041874686,0.646392155067598,352.9312962146365,1.0243309670467924,1.5894778822231246,0.028014938795867358,0.2229455036416305,-1.9364083492405444,0.8044731144440652,0.8039851709251844,0.09059646815651293,0.13918793909924498,0.27100061471047704,1.2558612797006377,685.7025504342118,1.4484734469264637,6.742226086784745,1.539749166355539,0.13053358603513773,1.1206521671333338,0.9800431223332476,535.1053331938112,0.9151921409246158,3.404953781211507,-0.040094343937073944,0.0101686953731303,-3.365248741333686,0.9907828615539289,0.9899712734889067,1.8249590960820488,996.4309966781269,1.15922880521125,5.410233513722529,0.010441535536668855,-0.0705118160006725,-4.00159326577917,1.3509508213648682,1.3509104693065521,0.8186918532406278,447.00724583261854,0.9510241258505187,2.442054940262872,0.03575082176932113,0.1098220664577062,-2.8337080888202517,0.9055219348518343,0.9048159222961474,547.0
participant_01,stand,participant_01_stand_022,0.09695569639266151,0.04999679337403021,-0.11500267703097403,2.282344386092234,1214.237916025063,1.7733739305306675,10.457941014390995,2.0807591010026028,0.19809889618645202,1.5107429914092714,2.394580152849653,1273.9346122160637,1.4928957919554855,4.275882307713849,0.0857049093976749,0.11174943081882165,-4.701745925337398,1.5498146612884125,1.547443101651771,2.7500191780467502,1463.0307916066513,1.290556365602997,6.952032859273008,-0.010686468560672553,0.10779417683854431,-10.294619398375028,1.6583526098683143,1.6583181775662805,1.4593236435162287,776.3714082165384,1.241246087372499,3.663459597681767,-0.022810435760825754,-0.069931980351542,-4.111921368130717,1.2082400256140446,1.2080246866336088,5.343674316406251,-0.131357016522269,0.023261179591814223,-0.44430628224257596,0.48784402822387046,259.5366637770165,0.9845252472250233,3.367892163154231,1.4790484471799585,0.23457268831642258,0.6984583224673255,0.6517111348944774,346.7151883001193,1.1809601420225864,2.110459192737131,-0.025637699430057757,-0.0384584691720538,-1.7476251953077555,0.8076932750286729,0.8072862781532196,1.413388062526788,751.933049290335,1.5362300206301904,3.3195860482739303,0.13594585500912504,0.0562792919562103,-2.463080087528902,1.196607428533247,1.1888599844080834,0.5911063205980976,314.47299083056606,1.1435036866230932,1.9924428672585948,0.0091788988297182,0.0353449361283438,-1.4242766230904902,0.7688891810799682,0.7688343908788795,0.3141477781964147,-0.14611463722917323,-0.06265244624205923,0.8717556005792997,463.780887111123,1.2981517111338183,4.915041044724137,1.5260460888652585,0.16489084691418457,0.9336785317116912,0.9269452487263597,493.1420727002579,0.9993731512503031,3.30819149094161,-0.08337043417629064,0.022577909184148752,-3.156444240461844,0.9663828837583491,0.962779958623132,1.397004318972423,743.216758670588,0.9746269529548757,3.811939203622704,0.0014815915124150182,-0.0254662137066787,-3.544799607195208,1.1819503010219308,1.1819493724235497,0.8693433751990951,462.4971934687953,1.171662923566585,2.675508076143369,0.018069272653359104,0.21496787772750614,-2.894107530678407,0.9325609223065894,0.9323858510290121,534.0
participant_01,stand,participant_01_stand_023,0.0925903037459926,0.017284748427710984,-0.1810197540597824,5.1757134483324245,2246.271507478677,2.5903601697897765,19.47691480140135,3.190395705155195,0.17942939746698705,2.2750194391108893,3.6255095966262787,1573.4794803247883,2.08630001275595,5.991343026648545,0.12007070029060846,0.0597072424316963,-6.758915473561367,1.9078591587678992,1.904077098393413,7.707113877193724,3344.905099568767,2.7533437206288953,12.507344540535115,0.12451894069317794,0.1597952698252018,-18.074933344283487,2.7789600291808942,2.7761689208680593,3.9893933630171197,1731.4058695342076,2.0383857685701114,6.553868592260031,0.04898394949766359,0.0050854711295624,-7.976520967827123,1.9979471440269658,1.997346580595646,4.351618408203125,-0.27445080181259524,-0.5256945974430506,-0.01309615754430263,0.7156010824373273,310.5725110646864,1.2238005078749388,3.651788327444187,1.5040166944585727,0.06611413412081175,0.8459320790922444,1.8269302575559352,792.8919219862887,1.7633316767723395,3.6282311831876406,-0.0396316353653578,-0.0418502252910407,-3.345631811892664,1.3522207379261966,1.3516398401778247,0.3079753988164003,133.6620294519113,0.8054303390798869,1.0722075960040671,-0.01668497531754022,0.1092701772847229,-1.556636675378852,0.5552060763516076,0.5549553124499308,0.8362151143867596,362.9192775684278,1.0514320304202558,2.138654723125876,0.06853812052606421,0.0917068392698332,-1.9982670566188303,0.9170128616066433,0.9144479834232013,0.3839961015636422,0.20847040657931837,0.045877061748319695,1.8042093632893794,783.0310017624604,1.7257925066789104,6.897499361018258,1.8331653146057407,0.09824070538997777,1.3432086075101586,0.9147184353264733,396.989898909752,0.845392019706234,3.455339719646303,-0.046892165583434425,-0.1125690706263269,-1.91105887484586,0.957557993293136,0.9564091359488749,3.0432494848411107,1320.7772563510532,1.597373580319798,6.828185737272655,-0.09195389334542825,-0.0522532986951291,-5.401537912778855,1.746912992493471,1.744491182219363,1.1919471050142227,517.307777399808,1.1778166119095759,3.489959795675043,0.06430408297029633,0.0343775552495899,-3.317677794690355,1.0936553936688072,1.0917633008185532,435.0
participant_01,stand,participant_01_stand_024,-0.14900751354162503,0.048871011943613034,-0.09634865433152967,4.8572671636006275,2389.815599564709,2.423151328061423,15.166974425930773,3.215247523495134,0.23933031805805963,2.203920861465,4.698478979609131,2311.6895627267786,2.4072409504849768,9.38861867345838,-0.09328791810274319,-0.1750145855731542,-7.926106510404124,2.1696040226901028,2.167597513287264,6.259937881244902,3079.9401376498276,2.2309272284852337,10.918193348679312,0.076935656600949,0.1687985309131603,-13.987330437355292,2.503169386298403,2.501986786784635,4.198501522858236,2065.6973401579266,2.1030401626007307,6.622812616575884,-0.1534395200376549,-0.1786319782606503,-6.8187330158365365,2.0547615942409534,2.0490245295891985,4.943082763671875,-0.41672583186735324,-0.005083588786636775,-0.39401092208309063,0.2990928785522612,147.15615863564557,0.6487664886864444,3.2855504218653637,1.1549216464500491,0.14688960072876606,0.5468938457802036,0.517967154259964,254.84413178587525,0.9288698386592942,2.4622642689006518,-0.054500835451554853,-0.10005804820448125,-1.4498584589816288,0.7217599984239093,0.7196993499093659,0.6704407947138826,329.8623777056444,1.210581763345785,2.0261540921640977,0.012441728777027929,-0.08701084548556365,-1.7109434623042687,0.8188990116790005,0.8188044911417393,0.4413928655728335,217.16886214585756,0.5679783792859857,2.211255755291738,-0.003306926759762709,-0.06137559421384115,-2.4014740557793544,0.664382270486975,0.6643740404115994,0.14044785276937563,0.12144142276294055,-0.11847976671510894,1.2949139782105803,637.1081286215469,1.2690435196913348,7.632020345478655,1.5806242774162165,0.19979495506785683,1.137942871242041,1.053478018735122,518.3196852294909,0.8606158784700453,4.480214429623987,0.02477788350346146,-0.06051926359719935,-3.714936831974748,1.0266898081923448,1.026390772919906,1.1468883216395898,564.2783308066327,1.1979541325356085,3.268501728952408,-0.021984976752898042,-0.0874880183982305,-4.224756093464853,1.0711543590176045,1.0709287192150512,1.5759360036972776,775.3740142543949,1.2440919665945758,6.32663010176569,0.1260454591898912,0.1352373825686031,-3.38017389132318,1.2616748636156894,1.2553628972123072,494.0
participant_01,stand,participant_01_stand_025,0.12068492448888486,0.19055166927859882,-0.09996217921241908,6.03038689988492,2737.8483248442303,2.650432118389646,15.633684575741253,3.0073317066595635,0.2510936647877838,2.455684609204716,4.464362945908934,2026.8600503863208,1.8796277258080247,8.98968745050341,0.11783365799065339,0.0030697869204741003,-9.133418350217848,2.1161870703849393,2.112903913080037,5.544272292702859,2517.14931381855,1.7681305196715171,9.180099181284511,-0.0265726059927085,0.24217542068527956,-12.64743073627853,2.3547777806179724,2.3546278459032246,5.0431689224737495,2289.6464446174177,1.673409159889303,9.556381078046648,0.08964294916276716,0.00132901569150565,-7.025169084896523,2.2474885496501082,2.245700096289295,4.5621354980468745,-0.18485386011378693,0.06921245847449801,-0.35346679860648966,0.6234470638978716,283.0505142776286,1.1297667361406525,4.124848468884345,1.4059347680320324,0.08040808042381511,0.7895866411597093,1.4800721798907561,671.9656980399384,1.4284634554003088,2.8723820135372504,-0.057984116741490184,-0.12934186432833786,-3.9605931510991432,1.2179631922537917,1.216582171450312,0.7866462562795661,357.14463021316624,0.9511445308004267,2.260339516406431,0.09090922188954362,-0.0304268737489636,-2.3536588538228824,0.8915776707074535,0.8869308069289092,0.32135764818884294,145.8992056141633,0.6447836149133507,1.9012790498755023,-0.019922526976740323,-0.10647997530080949,-1.5502066808477428,0.5672341273847881,0.5668841576449662,0.2449381840463774,-0.12893646576794196,0.07454313911060917,2.3186587030874777,1052.691359163563,1.802037196680808,8.487795758945657,1.8922438003762054,0.17135069615132442,1.5227142552322408,1.4739091251931455,669.1678652561163,1.0182127428978742,6.176848810075103,-0.10087993553805485,-0.059910333669073154,-2.888145686142917,1.2182306376820882,1.2140465910306513,2.8063745540072365,1274.1185574449214,0.9773784536728369,7.38778551901267,0.0845139647874842,-0.032956129863438946,-5.274501807913351,1.6773542154987233,1.675223732522685,1.601388713343334,727.0448315529804,1.4635414004882932,4.903250270954496,0.015922907011111615,0.01970509896946365,-3.4842809400521912,1.265560054802228,1.265459882154837,456.0
participant_01,stand,participant_01_stand_026,0.014609996245414257,0.07483000947986224,-0.3363752379242361,4.868246702706488,2229.667572984577,2.747749047759823,10.993050930631167,3.272514771626836,0.2610941783996107,2.2064103658899192,4.2499244147077455,1946.474620902266,1.9836287813175262,7.136152770100693,0.06725759151147029,0.0779679859902976,-8.46374923213276,2.062631328745801,2.061534480601221,5.7942422302678676,2653.7755376414443,2.555433911907965,9.842056229747891,0.004631222397962867,-0.1903940983842089,-5.911553749058392,2.407127682215625,2.407123227063348,5.524715519362037,2530.331718118942,2.112155004592469,6.030225303859135,-0.06459440415283486,-0.2637799132577423,-7.093195298833961,2.3513587468546557,2.3504713398299577,4.5921533203125,-0.05650304915067624,0.1389843089904451,-0.1588042138543717,1.31685639186366,603.1230902048428,1.7404401508588436,5.918584160327236,1.8518570740952829,0.5251642942002209,1.147543633969384,2.287093298628435,1047.4937027137764,1.2044510474733368,3.396870104010039,-0.09870061963908706,-0.0180398767489543,-5.917172031829387,1.515531296590596,1.5123138889226784,1.751453886354981,802.1696874590298,1.5633234737594388,2.8438313685999748,0.09479918903382169,0.1582135573503881,-3.885944559490961,1.3268160281653412,1.3234250588359664,0.6877954803663552,315.0118252153567,0.8030339188466884,2.3358693112250224,0.03405364638362891,0.0037223888671354,-1.8245399113747789,0.8300332109008509,0.8293343598129498,0.3098096488579931,0.06915534148404716,0.2993046476468069,2.7211570335921538,1246.2958369439748,1.9017944068632369,10.032363232486059,1.9599789187167005,0.2074447843818137,1.6495929902834074,1.1426879878059573,523.3535825194498,0.957345552868613,5.58152781933018,-0.03504854092227426,-0.0078614671097124,-2.688408744136383,1.0695402694741036,1.0689658496911663,2.7187919969544208,1245.212645022509,1.40222281708523,6.428955164093983,-0.014622816853344848,-0.0852487738345016,-5.135169883787706,1.6489408187461267,1.648875979858528,2.6996488855211793,1236.445058370625,1.1764766575474606,9.385348105297629,-0.010163568811044552,0.0329160070987655,-5.295493803008746,1.6430922626718671,1.6430608283083068,459.0
participant_01,stand,participant_01_stand_027,0.3153461840556536,0.2351786710626314,-0.09887844440270173,0.596430330286921,56.07066386291107,1.0697920399251701,3.609917168896636,1.618391759219626,0.2519355130367446,0.7722890199186578,0.5907880318817333,55.5402290388817,0.7104763282999024,2.932385496203288,0.5464955941590977,0.2811225477334882,-0.7746622833636708,0.9431041651466919,0.7686273686785642,1.573206665312621,147.89781410881682,2.3443378234882335,2.5408573081875208,0.34402531288951665,0.1129006522034517,-1.7496409074703227,1.300599892826903,1.254275354662054,0.3364885387609797,31.633427732477525,0.5713696196063989,2.758056235460261,0.54601110821809,0.5117394177421692,-0.5661822796951115,0.7966283129907739,0.5800763214965594,0.9360959472656252,-0.32615800491575325,-0.3450051756701545,-0.3174343731770878,0.033229026286251045,3.123874606598079,0.11532263982554469,1.2427950464576345,0.9168809159884487,0.3825779004906595,0.18228830540177568,0.028505360156625068,2.6798007855577204,0.20626292522356365,0.3796348263454386,0.05027757252235238,0.0205989337463602,-0.2653605186810298,0.17616240931414814,0.1688353048287741,0.4077545912467486,38.3331790208532,1.2623696467326913,0.8512837595198162,-0.13432686325368323,-0.1975788850801818,-0.97497623425892,0.6525322194637766,0.6385566468581693,0.4006442601118801,37.664733828226225,1.1685845180453593,0.9879864642433256,-0.12815571928126981,-0.2463021622096327,-0.9110184494807132,0.6458081359787748,0.6329646594493883,0.3758234955462603,0.5907931798640504,-0.023161708237914393,0.02885973863522104,2.713116053988228,0.2292331259278363,1.0152547289120357,0.5288035839273062,0.18864663678169666,0.16988154295043661,0.14566375856714256,13.693910636129806,0.3511838248249527,0.6510189159656331,0.19901764935246719,0.3319833390593483,-0.6243897731772963,0.43043208909295333,0.3816592178464219,0.0693722792836309,6.521716880570509,0.23004305660128618,0.3112991496642179,-0.01510521321097449,0.0608658800102827,-0.9881709776950384,0.263818965864435,0.2633861789912882,0.050711208611555286,4.767381851242566,0.3828504473485181,0.2869472303037999,-0.05394006235930006,0.024793595394361,-0.5438766077561941,0.2315615230103664,0.22519149320424003,95.0
participant_01,stand,participant_01_stand_028,0.3027892305976084,0.25857919713923616,0.616295353088116,1.1905468989045171,130.9707887625228,0.9318186855568049,5.214867001201618,1.5458339890631536,0.11205207835597553,1.0911218533713443,1.4657808404343533,161.24897977671134,1.2386309769992585,1.8233547640048144,-0.1267558621920852,0.1117314656761563,-3.782452611722616,1.217311746856331,1.2106943629316003,1.471690440090282,161.8990885031461,1.3694731240228082,2.999029583171517,0.22685451143965685,0.2995308083654282,-3.7030050065182416,1.2341610143943162,1.2131324907405134,0.4785010735122146,52.63939041735713,0.6276201349041846,2.202258697890497,0.31088140608596154,0.3280109760163822,-1.929476081477326,0.7583853388365306,0.6917377201744999,1.0954316406250002,-0.9287462331059116,0.4675600742782529,-0.320835821988007,0.04347704593936471,4.782863241240291,0.14702566784522686,1.2675436725480513,1.0023313218417718,0.4151189462587858,0.2085115007364455,0.06901398243701125,7.592154264342994,0.4559689105742959,0.5212586115693083,0.07311955711952431,0.0658418029129365,-0.2997125771864912,0.2726911294310224,0.26270512449705136,0.4444970663867265,48.89864602634693,1.210101041605198,0.9551420282129154,-0.07337580234365428,-0.0508842405961716,-1.016989831341972,0.6707317457495966,0.6667061319552464,0.516725994639704,56.84447303531959,1.4067743877557353,0.9875241906543478,-0.08472073664732684,-0.0955060904825138,-1.0843628390421718,0.723811852526449,0.7188365562766713,0.4360939134906994,-0.6057555761215042,-0.6127709816710063,0.05849613643417773,6.4350972946919995,0.22760991648271167,1.520459693923123,0.5041913361813234,0.23490278349314864,0.2418597453777245,0.13199369965603408,14.520485477339248,0.5155574733426416,0.4689588899313883,0.08024253278600271,0.2712066231210875,-0.9636852265602,0.3720652680968042,0.3633093718252174,0.1367739096962906,15.046351262214257,0.27804908001422346,1.0222236888315317,0.06814349499981252,0.1143589591085707,-1.1678983110886447,0.3760551098005185,0.3698295684451023,0.03267136342773699,3.5941416856531023,0.19739990794329182,0.4839932134039525,-0.01355238561000341,-0.0159300163062443,-0.3587013454808201,0.18125956687430103,0.18075221555415852,111.0
participant_01,stand,participant_01_stand_029,-0.3479192884968934,0.3626774911083607,0.050811551074746886,1.1220351480810515,78.55804418717472,1.2055714596788114,5.13594874139139,1.4835127436137774,0.10581280334449836,1.059261605119836,0.31706477865398885,22.198938183260523,0.661195991540778,0.7254917947030537,-0.17180552429678606,-0.0073390583315566,-1.4752099202285134,0.588712083138169,0.5630850545468143,2.127363414725878,148.9449857449049,2.0104620514798706,4.858943971045189,0.4608919807058771,-0.2266397485234462,-0.9928417737109236,1.529635522797789,1.4585483930010268,0.5277675726916929,36.95106019359477,0.7517875529078336,2.6523386066706767,-0.3297133397605985,-0.3182352176285978,-1.434489237435082,0.7977960009349387,0.7264761336008864,0.6970961914062499,-0.6013168905559413,0.17942545608763186,-0.01966608894099542,0.04057066741477522,2.840510200526138,0.22594393683025316,1.1242600582610094,0.8696237371988771,0.3132558216128387,0.20142161605640846,0.0388262529903692,2.7183769628395997,0.27189221389814716,0.5694568774768346,0.16827048286355079,0.1293346783930181,-0.1386191962063034,0.25911620635055177,0.19704378444997753,0.3641249330237315,25.49380260239764,1.2131600165437426,0.7895422172169686,-0.162439530255992,-0.2541841776389931,-0.8925336419185724,0.6249092206180982,0.6034276535126075,0.22236255621982204,15.568467304223933,0.860472468058133,0.4875053175419951,-0.34176133936955816,-0.4208198718071129,-0.9282492536002784,0.5823773427147526,0.4715533439811683,0.14775764424994545,0.34356847076425934,-0.3501689167868167,0.024059248586268876,1.6844815572691856,0.15840092868802058,0.8867950752853673,0.6614955972148714,0.2056430149691095,0.15511043996542875,0.12976736801386507,9.0855180855263,0.19582234247182462,0.7359699766773672,0.40441601794640186,0.5307643298865276,-0.7116330305284071,0.5415899589038644,0.3602323805737972,0.08104076438391285,5.6739790730459,0.48220075306864163,0.6803778117351079,0.08312329383971485,0.0125017388881671,-0.3504138486461335,0.2965640678886713,0.2846765961295604,0.07907843592801594,5.5365888265712275,0.4228840353298121,0.4568424973541208,0.03587907251792158,0.0987430009469158,-0.7739362564803627,0.28348852494018567,0.28120888308873876,71.0
participant_01,stand,participant_01_stand_030,-0.37374761509483373,0.27712752342838,0.08395537688103763,0.6939690379480816,59.716626580965254,0.7556977052262579,4.943446572771665,1.6083517397119278,0.09591938758809973,0.8330480406003495,0.44643908777007957,38.4138187618892,0.9273698897518551,2.0466151520204683,0.39770737924589317,0.5355086588890314,-0.78217604228852,0.7775668764014555,0.6681609744440927,2.236881400336658,192.47136126312535,2.6445215813050478,4.190198813976567,0.12881884960272938,-0.15158241213163937,-2.0926825258729123,1.5011581183704896,1.4956207408085307,0.42104571719445777,36.2299298087603,0.7136104169377705,1.6405073412568258,0.04040663016960539,0.02716861925867565,-1.7288834786961764,0.6501372262500595,0.6488803566101056,0.86639404296875,-0.7224608027347743,-0.22635297245588104,-0.3147503239333346,0.05180391942808881,4.457515027649259,0.26510873034298776,1.486375225845057,1.1376769760398067,0.4122494359677681,0.22760474386112609,0.07084678771663651,6.096014186615443,0.3594386648671579,0.6166837502958242,0.04969075971264561,-0.07900515187331715,-0.2309955275646781,0.27076919935150745,0.26617059889596467,0.5057414230969234,43.51623978497833,1.3575153513779137,0.9199587887814732,-0.21020328894342735,-0.26198799480067025,-1.1836857745017286,0.7415705265040927,0.7111549923166703,0.7037519530384084,60.55407662688887,1.5690454547813097,1.2942710353952172,-0.1382680841833915,-0.3327783548172357,-1.1537959555893211,0.850217628694062,0.8388992508271828,-0.1675662149973464,0.09391216276383675,-0.3293058323608841,0.06114769337956651,5.261419764437861,0.2560961347579227,1.5271368158553649,0.6988732550807042,0.2372702671442745,0.2472805964477733,0.12119381689077487,10.428054649163082,0.20484773876215534,0.8677863320382013,0.3428125013711254,0.4168657826673398,-0.5375546669757874,0.4885839006630312,0.3481290233387255,0.20258652059667287,17.431921276937615,0.6161160627909738,0.5475892768145094,-0.006211997748659089,0.14064286650144892,-1.2632528823655018,0.45013898910525646,0.4500961237298905,0.10221577817983074,8.795101854586036,0.5321838921414792,0.4147020788050467,-0.07756548437952225,-0.03833210934290015,-0.7398994951466585,0.3289865993423754,0.31971202382742936,88.0
participant_01,stand,participant_01_stand_031,0.05969768319120754,0.20859124407613971,0.6474630527900611,3.2666295072350118,280.96725841206603,1.2898072232144127,7.055412574947802,2.2195876470641194,0.15331044185552317,1.8073819483537539,1.375353556529223,118.29603487920095,0.9403822644136592,4.505691096812682,0.46520725930583473,0.5939116161661999,-2.0953625815571617,1.261654211993155,1.1727546872765946,5.47079512325283,470.55054872614414,2.226660083993486,6.253848326332688,0.3478464061873939,-0.0273044968780545,-5.354598100991487,2.3646970726818934,2.3389730916051237,1.0079291359453781,86.69335943148373,0.7490526195616642,2.6162232471142643,0.04130494036894309,0.2020959778958886,-3.409189988650174,1.0048060678779065,1.0039567400766718,0.856438232421875,-0.8645159616088617,0.5610049755479954,-0.3498260214184554,0.09870214257316191,8.489505876548437,0.29991625183664494,1.843224871492821,1.4066100522721638,0.4731890169415356,0.3141689713723523,0.10570979849097957,9.092243917934372,0.5815117890561265,0.5467785306804883,0.02349738179829561,-0.1135110075276405,-0.4380422431800541,0.3259784125403927,0.3251304330433858,0.6403220847447777,55.07497567537751,1.447830952264899,1.0033801462506085,-0.23685175341482537,-0.2644226106470224,-1.3965881825895754,0.8345183268451658,0.8002012776450546,1.269008949692133,109.14919022976991,2.200416661550813,1.7391270420081726,-0.07458061914009273,-0.3820772404276346,-1.4329429690462026,1.128969095433286,1.1265029736721217,0.43653374068119466,-0.6243806276225327,-0.32369251281820977,0.06469283006379728,5.564318531282749,0.3445944707252653,1.4878561292847392,0.860305215807494,0.25614240885942136,0.25434785248512964,0.29920250045077607,25.734815067180953,0.6004546258608857,1.1130703316079151,0.4043072482744104,0.6385490654084658,-0.9690274850598886,0.6801961860066563,0.546994058880694,0.1303615325425693,11.21257317971258,0.47968306776815894,0.7128613439632973,-0.003807442890856652,-0.0085445458163768,-0.8166208971682832,0.36107620963438786,0.3610561348911957,0.20402145691695375,17.548163720504807,0.48611909734451697,1.0370585668093837,0.08805428365777654,0.0796869696983833,-0.6655471985259466,0.46019019305873726,0.4516873442072002,87.0
participant_01,walk,participant_01_walk_001,0.24037927614654925,0.38899577822628567,0.35218731970580164,22.99739087337165,29712.64678072296,5.152479661132889,41.16206952348353,6.974887553851794,0.30442954786496007,4.7955594953427125,13.521011482219938,17469.157284032393,4.823531233227127,13.256514207259569,0.06273249560699316,0.2640818399757837,-10.051022710705997,3.677627883327107,3.677092803046986,24.274912114147725,31363.205211070905,4.928834728377808,11.705899202101756,0.014817082454219933,0.3391107564982215,-23.43499943510208,4.926979973582212,4.926957693561791,33.84634947120939,43729.5096731777,5.668859774631496,14.230206274390808,-0.004391210962989545,0.6771990004097365,-36.18764918088517,5.817763208823742,5.817761551594341,12.953562255859376,-0.4458880927297069,0.7287860740323909,-0.2020902211737053,1.2519722048527109,1617.5490561907259,1.9730372010393025,4.772039865141632,2.1766831889887635,0.2263454326603774,1.1189156379516334,1.227411752608079,1585.8169329104048,1.6243230849845052,3.554291730952391,-0.037000264092709775,-0.0216419512986441,-2.569119866592802,1.1085038439946924,1.1078861641017452,0.1309060805168327,169.13075719164308,0.4465056197134985,1.3433065747811963,0.01459350746978063,-0.0140350018314104,-1.3639418526203726,0.36210364673267686,0.36180945332706926,4.629963876498284,5981.916906460414,3.4265578246116624,4.440774591738033,0.00762957748548991,-0.4733153413083868,-3.710578221455317,2.1517486114671693,2.151735085111149,-0.28927487698914667,-0.3466877844880973,-4.6278915665321655e-05,2.7905821081370084,3605.4342402679667,1.6906614092604044,11.298616438373372,2.8071545693271056,0.2183109543781686,1.670503549273993,2.492033761230456,3219.709545347277,2.025291522681115,5.4599593294757325,-0.014571016599382,-0.0124907038977541,-4.5369218527424096,1.5786849197212203,1.5786176741790445,6.609587384107616,8539.592008139824,3.12771419915551,10.94596101653698,0.02378345135202979,-0.1744230251069139,-7.747682737138125,2.571021788446343,2.5709117806933044,1.5675913513821227,2025.3292374164225,1.551601374486653,4.50217028902857,0.026616168542987557,-0.0972942936898494,-5.49950211774701,1.2523177599195947,1.2520348842512827,1293.0
participant_01,walk,participant_01_walk_002,0.30921236216909453,0.4533573583669079,0.3118668452530646,25.00656366946604,34659.170871919116,4.8071188667841875,44.303174711788095,6.571760069338159,0.13654389358352503,5.000656323870501,10.92091860950462,15136.424652711752,4.456957577357892,10.714665255780613,-0.01990339134594562,-0.11837067150613025,-9.31609280578038,3.304741253788515,3.3046813173897145,22.94267067465341,31798.60758559842,4.495662116115388,11.10226160531645,-0.014871377597225708,0.5763673936400449,-27.209350709399107,4.789873884824636,4.789850798788351,34.3288260476685,47579.8516980997,5.748546117365674,11.45720751280762,0.03951510759528642,0.5526754486721122,-38.83718297436677,5.859213897051103,5.859080648674201,13.906124511718751,-0.37515228960001695,0.6770955932580395,-0.21546912294287446,1.2661896935259338,1754.942563679535,1.888530649485189,4.550471284614588,2.06466784418131,0.1671386129180812,1.125250946911814,1.2738443743521917,1765.5519728544707,1.3922871814261,3.382368254706371,-0.00956739063350962,0.0100157239720542,-3.1188904670693423,1.1286876934368186,1.128647143420915,0.14403662635488176,199.63519387122423,0.47172828384654775,1.2746789069050006,0.009243186545820839,-0.00087167458349405,-1.630262777403517,0.3796341170817009,0.3795215756118244,4.110119812922667,5696.637907074152,3.108258165316835,4.182340150874618,-0.029414541156348478,-0.39684252546403,-3.407565845768575,2.027556417995343,2.027343042734176,-0.2113402190647166,-0.3650596016991147,-0.11126741389589125,2.894391112966805,4011.6575211733903,1.5798733770456237,11.700485692361653,2.650990351689526,0.23469586370509726,1.7012910136031416,2.431995382021374,3370.7526785295026,1.8412061064804717,5.532545494493262,-0.004807376106120651,0.03896874489227645,-4.455798336334029,1.5594930243147611,1.5594856145605749,6.354719912981896,8807.660143812049,2.942554169843002,11.458380736216151,-0.017036722084477537,-0.23685991072988993,-6.914390995827955,2.5209145489050755,2.520856979874482,1.1351122051540448,1573.2687846410356,1.2755897587510048,3.2668225927846475,-0.0003111206175770996,-0.10051360740401061,-4.731982052293165,1.0654164922461467,1.065416446819761,1388.0
participant_01,walk,participant_01_walk_003,0.10989587157932657,0.3932491132217812,0.335314332279557,20.703529423432638,28943.59774919048,5.119983279488332,39.821992731669724,6.503452448486576,0.346746677001533,4.550113122047916,13.220096105214653,18481.732136099054,4.223336534236211,14.154305979119613,0.013602088637596137,-0.026627736065102353,-10.511243620300826,3.6359704512041837,3.6359450085520617,23.51984935410887,32880.81656336631,5.047541812768191,11.872173839217997,0.041036529258703436,0.3334389961126176,-27.71717716632268,4.8499003444238395,4.84972672983838,26.256495612095897,36706.65581289846,4.911883541634703,8.828404413188299,0.010634293129691557,0.8255825444379121,-36.52497492659728,5.124120285501333,5.124109250601113,14.026145751953125,-0.1882999913238102,0.6947312167889623,0.15629339923996252,1.2567637629579098,1756.9593266422303,1.8894529129590243,5.67703283921983,2.1210003098216386,0.20694966384842264,1.1210547546654044,2.0835593355006417,2912.822023680635,2.0466022751056485,4.022076177942129,-0.04301490987456104,0.03797563229528381,-4.700078212434964,1.4440947399572364,1.443453960298229,0.27100497907397403,378.8657597018443,0.43280855201444773,3.135909312661384,0.015172227562882461,-0.0785783698471938,-2.218242656920066,0.520802434290772,0.5205813856391468,3.398718686515223,4751.418466946576,2.570396356777871,3.9003662546471873,0.006526650811979791,-0.37581448026661424,-3.2348824112465424,1.8435729667376999,1.843561413817078,-0.20536374740583688,-0.30474313810070114,-0.05546151295324424,3.0909105549484086,4321.103979143843,1.708105948046506,12.675412291483605,2.6000760307223976,0.37680728981915707,1.7580985623532057,2.3064070645372117,3224.3636759637684,1.8193459140522354,4.184493485616965,-0.016485415364155192,-0.0624408872503146,-4.661263105953091,1.5187754387851222,1.5186859663989827,5.877139906725145,8216.258390020717,2.5591782575510953,12.221669420641945,0.02055015312737747,-0.0132072172924881,-9.69157625500891,2.4243684157979586,2.424281317571281,1.666946722819133,2330.3966281735675,1.3077096890596578,4.140257134465458,0.010869622383843537,-0.1447187439538284,-6.822941401771745,1.2911486635976126,1.2911029094611834,1400.0
participant_01,walk,participant_01_walk_004,0.20805754308873176,0.3964505088921708,0.2746617696905463,23.921804936699587,32055.29062180842,5.112417037506271,42.30364483581323,6.622136182403265,0.1756780912250418,4.8909922241503905,12.118401911460492,16238.694678190703,4.16895110877725,12.379014202894323,-0.0032818529336710767,-0.02113897449248485,-11.852591714379257,3.4811510570527058,3.4811495100699843,26.37399640333372,35341.233679085475,5.092548579933496,12.160661815328009,-0.01986072567789589,0.47762503372884824,-40.33838938049317,5.135600339956193,5.135561936471385,29.28107928765264,39236.733392222864,5.16845983562426,10.841683614164454,0.024692783644025794,0.8080036020961259,-34.05032617488408,5.411255771188119,5.411199431517253,13.444399658203125,-0.1877315401411275,0.709629450580812,0.0029280272863608605,1.214061207737938,1626.8457540923746,1.7993068513819939,4.680319738303751,2.131226447989072,0.31490080822908534,1.101844457143538,1.650498956571816,2211.673822983499,1.769926259699003,3.781217073363309,-0.006668803079398024,-0.02106240521871565,-3.718356947130261,1.2847347701009448,1.2847174617680792,0.15348878245745867,205.6754475047184,0.4660223001260327,1.2985188807872683,0.002223441742285947,-0.0370843058379001,-1.6228477934419436,0.3917827537687692,0.39177644449029686,3.952003065661262,5295.695905291368,2.7879507772861105,4.279452065423223,-0.01213091207720899,-0.52813730042294,-3.417122085463876,1.9880015655650496,1.987964553421731,-0.2051269845363053,-0.3560052745116979,-0.020630596174609227,2.332608503891644,3125.71643227919,1.4578826412476273,8.756933794179117,2.6935730069632684,0.2179992100971907,1.5272879570963833,2.53364821960296,3395.096241077482,2.017015574599079,5.340589549122855,-0.015888514649175307,0.01257035326851835,-6.290527110945278,1.5918230631890962,1.5917437669433356,5.682453966736437,7614.505719983788,3.1462744919193444,8.459565410623345,0.0014891198919182106,7.588636776928941e-05,-7.434271840713235,2.383790297869024,2.383789832752971,1.3714765045844144,1837.7826272992586,1.4135001899033848,4.040774856937295,-0.010521142198638872,-0.09076917015932515,-7.094933455844782,1.1711478126255364,1.1711005527214196,1342.0
participant_01,walk,participant_01_walk_005,0.21754454948835822,0.4124790132475623,0.29911163708646593,21.88043674809599,31945.452618319134,4.5090228789114,46.68001875228987,6.323190847295389,0.3215691762575164,4.6776529101779225,11.29746704058344,16494.309606657454,4.289405296874457,10.486520060604342,0.002857158101187426,0.0489926667159428,-16.622981116244027,3.36117170104948,3.3611704866881476,20.99855433336072,30657.903689602903,4.416764254910968,10.607389782134174,-0.03321373956742988,0.506773084848223,-22.971026119545428,4.5825383234466,4.58241795707907,29.565353667523116,43165.43657712386,5.256099731833477,10.399974447150942,0.026322653749610035,0.6196511858758268,-45.20906177609019,5.437466924002714,5.437403209945269,14.63734716796875,-0.2601244640424243,0.7068316929619557,-0.13687720478215712,1.2080411638372555,1763.7409254959382,1.9406638215910044,4.6819008260210655,2.061801644257301,0.24115630996301726,1.0991092592810123,1.3346874678102207,1948.6446159218465,1.6549568138556996,3.1878143635198817,-0.027549609887315335,0.0593414250389784,-3.3036561297130875,1.155615181976753,1.1552867470070887,0.21467545752299208,313.4263148204066,0.5292355363460945,2.261524843845073,0.021105714263861732,-0.0313117674372976,-1.3985700240880383,0.4638112856513733,0.4633308294544969,3.908490927351175,5706.399427319122,2.7228818419578165,4.404991808006717,-0.0029831586357368972,-0.3452224176402088,-3.587119756032885,1.9769926217835567,1.9769903710820584,-0.3042829520421716,-0.3734634469950542,-0.04467586764281584,2.6413762152945495,3856.411081016918,1.7247667606553805,11.39571166574799,2.5131114648388135,0.05593682518926653,1.6252311267307642,2.2598838371343444,3299.4319479643204,1.9050880646117037,4.556446482700622,-0.0065784402367728,-0.0382536039141771,-4.14584809024181,1.5033053957896556,1.5032910021464057,5.332190609416211,7785.001936936866,2.5784528777555087,11.047608569549,0.006537203609225164,0.0012048116226787,-9.445427698485494,2.309162909897706,2.3091536565192476,1.364762539985183,1992.5542418684752,1.4330233361023388,4.186027241943755,0.01350749999526676,-0.0347773840608645,-6.0702413595898825,1.1683086032985057,1.168230516629823,1461.0
participant_01,walk,participant_01_walk_006,0.319420196175745,0.40836837406806303,0.2825907616655093,23.404734587778407,30098.506851260805,4.9301412663427495,38.754033630622416,7.100895787089769,0.39493090563418737,4.837844002009408,14.21594004533211,18281.709935517618,5.182441433725508,10.534897117221975,0.014159936542934105,0.1479254493575784,-10.437507253565515,3.7704297565576006,3.770403167478527,26.014645472389216,33454.854275198646,4.752205660977085,10.01987615307094,-0.009288020720517386,0.7319287585396161,-31.075972970539592,5.10046387495472,5.100455418135641,33.596434995925215,43205.04148894848,5.87237449263843,13.994657638435047,-0.012177114161162276,0.7542436194969176,-35.570399996142804,5.796255970713725,5.796243179502152,12.892784179687501,-0.5443632506887992,0.7087882514821446,-0.39901743700412173,1.3104999133633868,1685.3039060541926,1.9891444955317001,4.814980599873137,2.125434528292384,0.24152992596251188,1.1447706815617644,1.407554167025997,1810.1157516169906,1.8305307588048938,3.6440185418696456,-0.02723657970891796,-0.0797626998425106,-2.530720937659612,1.1867164776391357,1.1864038802305044,0.2889824541080854,371.6316603482572,0.5254569149057029,2.1404660627704697,0.022872485891251546,-0.1036732668520062,-1.5192098226889676,0.5380572504101501,0.5375708828685621,4.129793208443131,5310.917272419053,2.8918290742059476,4.324193045932035,0.019417413796859125,-0.3231418082076399,-3.603365166242931,2.032282028755283,2.0321892649168114,-0.21363609889522014,-0.4640763270094958,-0.04818455746820625,2.8578129410546125,3675.149660995099,1.8048848971744005,14.697814363550158,2.783995319174215,0.24031637588784557,1.69050671133084,2.7187163013998217,3496.271274404753,1.9690346061703272,5.992299239922443,-0.023098845111616244,0.0808627403685147,-4.605094659343473,1.649014814380184,1.6488530260153031,6.5632752218883255,8440.37703105896,3.0413401822404396,14.404079726308508,0.010083828104660832,-0.1680584085879941,-6.8577626566534535,2.5619088401966157,2.561888994841175,1.3257374603089034,1704.89940325652,1.5244751637185054,3.5937639177756022,0.008868731970661159,-0.0591290129533701,-5.399165645913265,1.1514408863314134,1.1514067310507192,1287.0
participant_01,walk,participant_01_walk_007,0.22473329901221212,0.39744006544425325,0.39898471936750923,25.07563803223268,34955.51775522346,4.602208430163673,40.42120033361209,6.866450081101057,0.5292513714585502,5.00755809074969,12.763337414928822,17792.129107244076,4.826372128269018,12.094257509422071,-0.03538050670253829,-0.16807507743589994,-9.14160774203864,3.572756526155029,3.57258133776249,24.81033751251478,34585.68169549753,4.511418815777878,11.910336323279909,0.010200630252153621,0.5405650794840848,-32.419366142646766,4.981008087262288,4.980997642291631,34.64841448234511,48299.98921472018,6.125045891718193,10.046533756760338,0.018152288687769257,0.7442826972557919,-36.10684099618484,5.8863183729670725,5.886290383793948,13.985517578124998,-0.3152973124055231,0.6016807572233086,-0.08220817421835218,1.1688641322935924,1629.3999773789049,1.8390613384285572,4.8149425567264394,2.0761951167229875,0.11276250908754314,1.081140200109862,1.1962655882964652,1667.5976927189918,1.4714317191476858,3.317984713110584,-0.03154848364269538,0.0203494459699034,-3.327464572006761,1.094194176148191,1.0937392688828838,0.26611860286968814,370.9701124898366,0.5099383735470217,2.5701112594694955,0.01829510983266578,-0.0304329218120841,-2.232697248154393,0.5161911602434485,0.5158668460656182,4.015632933018253,5597.803802539059,2.7059560722679996,4.598104744456777,-0.01015642405695311,-0.4239890389131244,-3.4625322580531144,2.003930159952656,2.003904422126528,-0.31082463462599463,-0.34541861311469774,-0.2132945621902816,2.5938427911804682,3615.8293072336683,1.5588506582467214,13.80143281940249,2.6573394816612677,0.31989112052285024,1.6105411485523953,2.5615186531361966,3570.7644537305487,2.0932731396480353,4.42449398991714,0.008839312030470036,0.0752450762562646,-4.177947847788924,1.6004989180169316,1.6004745087430154,5.813136337364154,8103.528799337607,2.9086719859632812,13.556894096459056,-0.03340063757854922,-0.14445901747209064,-7.042356613660456,2.411275998295261,2.411044656858133,1.279167204695755,1783.1628278164198,1.4867622442820463,3.5530326189265,0.016732625386087316,0.08285003620136891,-3.979612279084205,1.1311265116900346,1.131002743009828,1396.0
participant_01,walk,participant_01_walk_008,0.1447578047513089,0.4053027718928542,0.3179166961972463,24.216938399149427,30513.4215104718,5.370817605816584,43.915850614343164,7.332171133021492,0.580479128353168,4.921070858984803,15.89198588763343,20023.952524349177,4.896433196522494,16.95978009168178,0.018560649791472483,-0.3551872528605074,-11.019123282677718,3.986518579582204,3.986475371507195,28.880659007986885,36389.7226044808,5.248773975975676,11.992493267121429,-0.005864321271489609,0.4729851474655275,-24.783450541257668,5.374076050657532,5.3740728510122455,33.20435544287562,41837.59299384408,6.300148189219518,11.228534942913384,0.01710837755373123,0.5660191157065884,-38.10151877887134,5.7623474504283525,5.762322053033449,12.642144042968749,-0.39181319901229794,0.6304663702207437,0.10788523920418995,1.4310132217154632,1803.0812569988002,2.041932584611163,5.422371735477022,2.2388833614981305,0.15296538589368297,1.1962496485748546,2.0380369332395656,2567.933269881255,1.8502756123581459,4.292810960266101,-0.04707404173913978,-0.05045126860748775,-4.792983694271232,1.4283742151989527,1.4275983094832962,0.25647430159380236,323.15843386131525,0.5073599618360285,2.5703964480137405,0.020505987095393554,-0.05458498748047685,-1.851156144098279,0.5068479033206695,0.5064329191450753,4.146451496007164,5224.542006830682,2.9318846252808908,4.269289871246244,0.003568803116413379,-0.45156976079360156,-3.455416227155587,2.0362868737883786,2.0362837464378987,-0.31780368345494714,-0.32898498564539824,0.029721564160310538,2.828341799138459,3563.7678725751903,1.609608402644531,10.537895405635204,2.8614983329109798,0.3652033413447174,1.6817674628611587,2.949686496029518,3716.6143229308723,2.0802560856948644,5.163612396380003,-0.02256286552492201,-0.00016583125750664997,-4.483485098681528,1.7176133380159266,1.717465136772656,6.3316353987220415,7977.880672010593,3.1460697451935458,9.711665280705695,0.013599760796641438,-0.034586424107775945,-8.0716547979879,2.516310861601914,2.5162741104104778,1.7343563820274386,2185.294611559198,1.6789366400655603,3.875952595226723,0.011924563612693947,-0.0017202531264175088,-6.436172356997302,1.3170036360028743,1.316949650528614,1262.0
participant_01,walk,participant_01_walk_009,0.2523696577057015,0.422519834405573,0.30406494104435866,24.993387717476846,33491.21498380823,5.444755350735692,41.157714784578815,7.220741074195049,0.29066878252879197,4.999338728019621,14.564509905873857,19516.48662559924,4.910463853130826,11.877225470748243,-0.020108816009813454,-0.22652134255381284,-10.95631094242825,3.8164006957282632,3.8163477181559147,28.65108090288374,38392.53368551243,4.651108135319418,12.669226243174826,-0.020759780776487238,0.5035096961387314,-39.72961103393384,5.3527107031280545,5.352670445944131,33.916060289994896,45447.62191344211,6.158702748766408,15.667243040984111,0.0017164826289401847,0.5793812364897208,-33.50714262811423,5.823749929066968,5.823749676110306,13.444151123046874,-0.45832152559983225,0.7277948903224291,-0.15406962676898459,1.5308914031037841,2051.399192014142,2.2949910979343633,5.197556953005142,2.22143629862845,0.07292072404299728,1.2372919635655055,1.7246575267154824,2311.0468066902504,1.6837128633521,3.778782086669088,-0.02729969958379273,0.0301775652962835,-4.20323722207378,1.3135458881641127,1.313262169833382,0.2210917579648029,296.2636578045578,0.5376730721371432,2.553056367832285,0.013599106938793107,-0.03740756153380295,-1.8372537183982771,0.47040056725554197,0.47020395358270106,4.518714360429829,6055.090806770306,2.9642988831696053,4.194795254229521,-0.01663663279752839,-0.4087648442155912,-3.825952750986672,2.1257918849173993,2.125726784050535,-0.2643852863523746,-0.2966722920233892,-0.06796269547748819,2.903428156524025,3890.6063455596036,1.8349904468106073,12.388406850027991,2.762786660026332,0.20600737711797398,1.7039448807176907,2.7091675976152723,3630.2927483228377,2.0314885504577322,6.376933894571087,7.542394811979177e-05,-0.00375540000214235,-4.393870083528991,1.6459549214070366,1.6459549196789298,6.290204477151133,8428.892786234917,2.807764646888516,12.012532017333342,0.018241779946960208,0.1482468234621846,-9.258198864567854,2.5080943442555674,2.5080280056552664,1.5366100935609117,2059.0622102235793,1.6016805301618198,3.9885483307495817,-0.010166060778864533,0.0432419791980911,-7.117647870758783,1.239642465532974,1.2396007799129976,1342.0
participant_01,walk,participant_01_walk_010,0.22533393821466513,0.3836685815002335,0.3000151709150863,27.550365127352936,38625.631531315994,5.552006696465551,43.97931934961964,7.012638825032907,0.2116523350354756,5.248844170610606,13.546728495481112,18992.52299933154,4.49747476681477,13.211915289781766,0.021563154581045796,0.0075510907963852,-11.388839317081365,3.680651228399208,3.6805880638127806,26.954639602263082,37790.423920834095,4.701316670632794,12.914161534373624,-0.009085241167857009,0.3832545845454499,-31.21076822972146,5.191793730867026,5.191785781623032,36.22503239793955,50787.52122321639,5.722861686410043,12.34091384566018,0.0228125137924915,0.7789436810036509,-36.957340774671565,6.018766718250931,6.018723485751738,14.055586181640626,-0.5278903815755727,0.6225543162938818,-0.2611737502594064,1.5240871431746263,2136.7712602629795,2.186502048615946,5.076133598931598,2.135003583614992,0.18455733984141784,1.2345392432703897,1.439969921297129,2018.8388552781778,1.4147865357345384,4.154302280102284,-0.031123002091130687,-0.0122527496996323,-4.34226104705171,1.2003910040300594,1.1999874671416901,0.22703587332312686,318.3044561054863,0.5026530339032236,2.4295421720712698,0.017852943288092324,-0.0208956234582008,-1.706566904412527,0.47681715668290986,0.4764828153492284,4.413809309278889,6188.163795347828,2.700453863516182,4.478593972098771,-0.014999082676175125,-0.3286063725057525,-3.815632929671249,2.100960323699621,2.1009067826248002,-0.3832180186237265,-0.21593998405738718,0.09054288220135556,3.2614108351359663,4572.500313802815,1.7619834670522563,13.31753277598761,2.7267327833538317,0.3972296503053633,1.8059376609218731,2.7154720906409815,3807.093805175587,1.9442504910943423,7.288465224866885,0.022279454604482427,0.0523158374430697,-4.467253990436932,1.6480195583604142,1.6478689543288876,6.247847962887526,8759.48729400247,2.6687562483273024,13.139070789411084,0.006153999249225157,-0.0679405115078561,-9.24456247749209,2.4995771311552453,2.4995695555210156,1.7323853314430935,2428.8054685759034,1.5271438635448291,6.995668384010131,0.015584485126760661,0.1118260607824084,-5.18516532900964,1.3162933592553596,1.3162010984052146,1403.0
participant_01,walk,participant_01_walk_011,0.2691413344764652,0.40739207823900514,0.37288055947197457,27.806853507043083,36148.930916186335,5.4111773564065295,43.21073441511024,7.268804176736641,0.32271730152799016,5.2732204113845915,13.184784098828823,17140.229455039756,4.674086030280433,11.01069849009551,0.0032738169619304404,-0.1295798671811735,-9.530533938901968,3.6310872774840215,3.6310858016341094,26.649775010463806,34644.72798194013,4.6597444842502735,12.391892040891385,-0.01946274332816036,0.7572081850832468,-29.568647418587325,5.1623786967677665,5.162342008281106,40.80741427676954,53049.66990190045,6.714513740457316,11.589957752229964,0.0021827665021412882,0.4128235961095115,-38.568081837175285,6.388068490650295,6.388068117730864,13.033097656250002,-0.4934346595105402,0.6869704468833024,-0.20707359911456327,1.353814697010955,1759.9601459104758,2.1684951668562036,4.875046682835842,2.2087457198966645,0.26803086834266526,1.163535430062598,1.1201516167218264,1456.197962069877,1.3924783388702808,3.385640701460028,-0.0274205165024963,0.0249741231391325,-3.247370564232345,1.058727302683316,1.058372154169707,0.23387034160779765,304.0316237140552,0.48356085085817313,1.916911010536961,0.01870780678777767,-0.0332181034465544,-1.4994021938648767,0.48396314285553443,0.48360142845921955,4.877239115644822,6340.41459629765,3.1550846786958373,4.532922055921998,-0.003067806752805477,-0.4335354567706804,-4.40015539420555,2.2084493489965067,2.2084472182157358,-0.3605648465620247,-0.30298422985639184,-0.0723605194080364,2.9404698231892454,3822.6130285713816,1.7020870076149202,13.356955478846842,2.7131921576199614,0.19363507084277082,1.714779817699417,2.9043582886534587,3775.668005939425,1.9730064790717528,5.332841206547054,0.0026062344245466706,0.0934013780099522,-4.930185619369816,1.7042197866212367,1.7042177937850134,6.194598669087916,8052.983027570564,2.8469101856617294,13.173275936363694,0.02638605623213915,-0.0132299415296057,-7.881630756771812,2.4890349320673266,2.488895069923181,1.2022118704350828,1562.876354923419,1.4464058506187394,2.963831091467781,-0.003108498333090677,0.0322773988569096,-5.710337909690448,1.0964586326884247,1.0964542263291628,1301.0
participant_01,walk,participant_01_walk_012,0.27855032887560444,0.44507921201282274,0.33552807092962167,27.526036967687038,35673.834551197026,5.4598047151153,43.66130434937835,7.258124927322926,0.47342637645049335,5.246526180977947,14.06428606628382,18227.358025791804,5.12981566098403,12.15297485992952,0.01232531613443119,0.037403299121831754,-12.629629471367894,3.7502583883916096,3.7502381346100973,29.892337420525873,38740.56128153093,4.569273841483082,13.15163201229857,0.00404716057356822,0.7381458922877779,-36.09758257636237,5.467390035477127,5.467388537549336,36.24899465409669,46978.80861338952,6.2740445316059095,9.921882191013523,0.025059818047097403,0.5632653686756345,-37.84243540011872,6.020765951984618,6.020713799384313,13.002888671874999,-0.42023044893155725,0.6029619486415613,-0.2119240603748014,1.470696867659477,1906.0277331114896,2.239452506134243,4.769955839733727,2.3063774326996853,0.3839793829689158,1.2127229146262046,1.6578529732805414,2148.5827715733694,1.7012601504698286,3.734986406893733,-0.034195172352741846,0.03488212313779885,-4.47798484486002,1.2880303890408702,1.2875763951240102,0.22106491838671416,286.50084906923536,0.558924795519523,1.6948858265883855,0.019093640208859102,-0.03759043487728635,-1.6040667252798049,0.4705629452933364,0.47017541235874316,4.909612556583721,6362.873066052154,2.932761696118137,4.379410374683022,-0.003066686523103069,-0.3549339673318306,-4.011866514125236,2.2157666757016528,2.215764553508274,-0.3200524988790444,-0.3134926172537524,-0.05865754827950302,2.641376796799672,3423.3212480096554,1.7227596583782376,16.430767933348147,2.6843126132326627,0.15243049567919786,1.6252313056299623,2.781606962385543,3604.971266215382,2.1109278945873866,4.638070243934331,0.0006196009492065156,0.0861691857175351,-4.734265355188738,1.6678151415222489,1.6678150264299525,5.610597162458673,7271.351258307299,2.7248297298375164,16.348607492807165,0.019953668352319646,0.032882946246442196,-7.724256301826886,2.368753957535351,2.368669914204736,1.4543077804658764,1884.7874696620268,1.5610785076341744,3.364805295185024,0.0007511747446769006,0.11923266590552375,-7.138516357587388,1.2059470737679052,1.2059468398175255,1298.0
participant_01,walk,participant_01_walk_013,0.2224645825347241,0.3669376122241621,0.2982254490340129,20.187481736166703,27091.61551038343,5.007489813464668,33.56185525356643,6.829921535227233,0.6577534189704405,4.49304815644866,12.02897193256817,16142.88928363441,4.714238092163093,11.429836076211457,0.03246827683405718,0.1830668497696012,-9.413989366564794,3.468432804822481,3.468280832425219,24.154595396677866,32415.484994510887,4.5151542966674,10.342979333548346,0.03960329530411444,0.3954802737177866,-28.06933807029658,4.9148920453736125,4.914732484752132,30.64842831994179,41130.213609251994,6.132290892869814,10.618213014899094,-0.02629932204622724,0.2065353271922794,-28.22765833272249,5.536164735110569,5.53610226783626,13.4543203125,-0.20966407039735702,0.6857234205062985,-0.14959008458044365,1.1166809229746466,1498.5866294957577,1.8939422731198419,4.271573907690161,2.13346079910845,0.22555762758292802,1.0567312444394963,1.2632061920425581,1695.2236496066728,1.6062364469037542,2.885016093264919,-0.023732393984254155,0.02354276451641,-2.7719661992234665,1.1241749946368589,1.1239244601140053,0.21488622468525068,288.3774734131902,0.4739333565295158,2.35269273174036,0.00511649774356156,-0.036729908773236,-1.3729879776462857,0.4635864571300703,0.4635582214622567,4.188576453638198,5621.0727172828,3.12015297803155,3.851520915658656,0.03282725799882212,-0.3441208529603493,-3.5639182423269284,2.0468644514246463,2.0466011955528116,-0.29257088933668474,-0.306410965947529,0.005133520591024147,2.833041010069576,3801.943143430789,1.6280518819152179,9.963510184952328,2.6568098416082155,0.21366363809699568,1.6831639878721194,2.485481038790565,3335.5174033731882,1.992105375008884,4.905148562545642,-0.0002739448071276043,0.0402378160007381,-4.368865290144271,1.5765408697005996,1.5765408458998342,6.0595621514294775,8131.936915821152,2.7589197931234457,9.74483332930553,0.0173935078210091,-0.0470069138241053,-8.12773665497199,2.4616792409946098,2.4616177915000286,1.3459873405296485,1806.316012469464,1.4910076332689064,4.109273449974632,0.01861194847611038,-0.0311254331631591,-3.7110531412993417,1.16031622636061,1.1601669451116285,1343.0
participant_01,walk,participant_01_walk_014,0.15539835930244478,0.4769033892987963,0.30039948491150514,24.658405603861755,33880.66722005897,5.2615876041790255,49.75043251205659,6.902717788525741,0.4439912947347236,4.965723069590345,14.346196299138468,19711.684141031004,4.98161515032317,12.376262533787116,-0.06940563086225461,-0.2346834145506148,-11.386109629323125,3.7882731475876787,3.7876372977277626,26.35017736950126,36205.162855532944,4.827696590025697,12.19631553026572,0.01159447117638262,0.4538998667170401,-27.292829715344396,5.133255477887607,5.133242383669532,31.604561669555007,43424.69070240003,5.661953263244859,12.852139266427985,-0.005617858973757072,0.7831320681353243,-41.82181503400524,5.621796263641583,5.621793456678661,13.774756347656249,-0.20806489188215985,0.585030033529936,-0.09992206638672145,1.5210038880469232,2089.8604475572047,2.1771929133516736,4.858193467620881,2.1959458227961863,0.2016103468667072,1.2332898637574718,1.899415961581859,2609.7989116029803,1.7357544943911085,4.689846549462681,-0.06275406298273677,-0.0337254256734405,-3.4282221171968272,1.3796209747618005,1.3781930059254615,0.34182799748878123,469.6719169710952,0.549834514017405,2.7812454003909863,-0.00387228072266472,-0.0445366644716684,-2.595486505607232,0.5846734063105455,0.584660583149558,4.097964757273838,5630.606554666313,2.76683669935369,4.368692915293233,-0.004490142495534335,-0.3861285022292534,-3.662237482778982,2.0243480231060733,2.024343043378231,-0.2696166195817526,-0.37018835019533136,0.008059550515011761,3.0791079240664674,4230.696525391108,1.7823726413313143,15.282520718612849,2.880303596890548,0.2556646245552476,1.7547387053537251,2.5550793691828115,3510.680910146259,1.8843564569373132,5.426079184769915,0.008686070712469473,0.0833788191867076,-4.156929410469859,1.5984851632114807,1.5984615632484915,7.059177900754557,9699.31556585326,3.2614999851205413,15.073266888577002,-0.014083853963058317,-0.115139913709702,-7.569516372119197,2.6569486738921038,2.65691134604724,1.7601152196649168,2418.3995909730975,1.5635783345793026,3.8352300420491336,-0.024707123627310028,-0.0538620085039627,-6.804693150040368,1.3269233819715636,1.326693340476584,1375.0
participant_01,walk,participant_01_walk_015,0.1595595901604072,0.36836025721840016,0.2853496879826233,22.338137709519753,31586.142496781915,4.842101948758175,38.52249730516314,7.0719643552849805,0.4096344602300131,4.726323910770373,13.067446128318839,18477.378053865243,4.925723922025898,12.632687542962854,-0.01832621359221435,-0.2256343028904595,-10.173120067594276,3.61493872402057,3.614892270638067,27.45506428108737,38821.480282627235,4.625639428955405,13.080884238645458,0.03782259100866177,0.5732134650892764,-31.36214051135815,5.239894543736351,5.239758036502007,31.825234517864672,45000.904083708745,6.369935278617023,14.03813064041586,-0.03614175113279748,0.4403737233534638,-34.14167553181862,5.641501639106348,5.641385868549028,14.175482666015625,-0.49902921582763066,0.45768938772890144,-0.212589550942011,1.3155381928836447,1860.1719337898696,2.0271772845742433,5.145136564422408,2.235231567558144,0.1706662490507724,1.1469691333613319,1.4279428949151363,2019.1122618442505,1.461656423481481,4.893947800695777,-0.03697960579059599,0.0217380894785879,-4.05224673962052,1.195537697506676,1.194965645914198,0.26405204348670835,373.3697759676375,0.48162926322754607,2.266491896577897,0.027395666030002954,-0.0323726448607123,-1.9327965861840968,0.5145897064690819,0.5138599454002115,4.617679587200996,6529.402197375363,3.066027577790881,4.124167181293301,0.0024112502119698256,-0.2899679998699387,-3.8267187029780345,2.1488800341872465,2.148878681359419,-0.2912473921342649,-0.2084838460330706,-0.07973599869925364,3.0860824397419995,4363.722749231938,1.6534558911505068,16.26335416077411,2.846477761282548,0.3740139067984115,1.756724918631827,2.6421361181117216,3735.9823369253104,2.1634735477117824,5.0780154770835,-0.0218483087487595,0.0091605107114244,-4.497462757144362,1.6256117207706464,1.6254648929188602,6.809331586299005,9628.399671876787,3.2040339547188985,15.96794596803999,0.0018290455321794707,-0.0997737541256116,-7.778404397109622,2.609470239666773,2.609469598653911,1.7365409824533453,2455.4701755597803,1.462258780662051,5.310900334132034,0.005357644192260704,0.1221739248066255,-7.679383155022313,1.3177896974876666,1.3177788063454903,1415.0
participant_01,walk,participant_01_walk_016,0.23791680705862445,0.46500286837840504,0.35400766038015163,25.46537895730652,33461.58983831742,5.115968628864867,41.54178538754807,7.0670462602741635,0.6724521801761534,5.046323310818137,13.113441693828682,17231.1028881544,4.842054648713351,11.981962907988256,0.005760650729919073,0.06559230762729851,-10.867946816354891,3.621253219387663,3.6212486373941077,26.967970701320585,35435.995371995305,4.794436422735788,13.018324624970342,0.020834645447030918,0.5880340686294583,-36.81754667288366,5.193111281666463,5.193069487434246,35.32655685867131,46419.20324825443,5.901170476325898,11.14681114313797,0.009234760053981274,0.5982118631937243,-37.09360040174665,5.943621971446751,5.943614797298973,13.182921386718748,-0.48953897696007376,0.6172458496388075,-0.10458032772816256,1.465459897388766,1925.6188475668291,2.1335926960364233,5.740255577273934,2.3210340154683546,0.26727852233915295,1.2105618106436227,2.1336991331792805,2803.6872071564094,1.8826833791328474,3.972213975390268,-0.04409409295806181,0.03871705832674345,-4.821850698764362,1.461384077582986,1.4607187043299201,0.2982529227306715,391.9052738682457,0.5712763789271709,3.1077684288101404,0.024695615516621534,-0.0435036273628622,-1.8152732017934368,0.5466834515113991,0.5461253727219342,4.418065583097833,5805.351667623381,2.6710714676567164,4.312820952764138,0.009327211941277325,-0.3732960454622064,-4.126481657101554,2.101940194196883,2.1019194996711534,-0.3024023777743961,-0.40916664568466987,-0.08169087341173718,2.4412615352621323,3207.825133579721,1.5030038654149867,11.228185938659522,2.6389568336561804,0.3132656216360727,1.562453690597623,2.54889209461411,3349.2521230836683,2.1742688241108827,5.357747490769905,-0.019298343076675495,0.0296658288462772,-4.273583875611245,1.5966416381453963,1.596525005947013,5.391026544641114,7083.825253106498,2.735206277517011,10.902358671441595,0.01848233725122137,-0.0770547566447662,-6.332575013446153,2.3219319846695297,2.321858424762611,1.4646431844513825,1924.5459209831884,1.496910131877235,3.680499905772578,0.008880237632326026,-0.06272728512471025,-6.294901009954967,1.2102570152954244,1.2102244355702716,1316.0
participant_01,walk,participant_01_walk_017,0.2189053966683381,0.423188079226999,0.3286546618691248,23.720724809182457,33019.26595068386,4.848461674465508,37.65744563589884,7.006240343202735,0.5420957991190164,4.870392675050181,13.23902916604191,18428.73809628182,5.018753302695952,10.926075477885114,0.027015997090886094,0.0580387469710185,-11.717264213310226,3.638647967328074,3.6385476726355956,25.35802203534559,35298.38486403465,4.455767800392415,12.025075575268389,-0.04236719196410045,0.4036598186323267,-34.34973046377121,5.035853156546615,5.035674933446915,34.20849841509223,47618.25433362072,6.385621334762622,12.813644185579069,0.0073550234922388465,0.565687836937717,-34.817607812288,5.8488077854775495,5.848803160911832,13.95477099609375,-0.33043154076512704,0.5999321610972542,-0.23813692507436074,1.2822794051674389,1784.933851849176,2.07020942445096,4.725829859217247,2.1273698961512153,0.2691452350291635,1.1323777661043328,1.1679813328106217,1625.8308531356085,1.452134673552842,3.4960759931133336,-0.02190123472988638,0.1062586858127559,-3.853288370614135,1.0809537441043975,1.0807318505580474,0.21065786286433186,293.2358962246987,0.44611294495644627,2.230691180984561,0.014406356408607202,-0.0015061819952366,-1.866193360224052,0.4592008340250523,0.4589747954564955,4.428620815254398,6164.643351750059,3.1961669306348086,4.398038003187851,-0.005904413675893158,-0.4114729292428301,-3.636984496222608,2.1044371402717768,2.1044288572566185,-0.2791949424885345,-0.24362539926770618,-0.0907692176850098,3.56687835844318,4965.097233689176,1.8045727652562544,16.85909973527181,2.7996763926370427,0.240097806069259,1.8886181081529374,2.942811813430012,4096.396155350397,2.0659638263698232,5.687669667561826,-0.008325699346448466,0.0100774560242485,-4.77475233344367,1.7154827689894236,1.7154625654411735,7.185568142204787,10002.316008589052,2.9208293213803582,16.667540901343,0.01655613300193096,-0.0251811203931591,-7.731427833120641,2.6806421334718973,2.6805910061411433,1.276259239715394,1776.5537772213036,1.343356928105143,4.564995813982136,-0.00914569694258493,0.0433848327080847,-6.0864843590548485,1.129753461374631,1.1297164421727224,1393.0
participant_01,walk,participant_01_walk_018,0.13078664701902012,0.4139190887594567,0.30687430986728353,21.33802756463609,29190.437283624768,5.19748032665669,36.969136391201175,6.917926575996712,0.5006602528179407,4.619310291010563,12.307671939385202,16836.904196781106,4.239276744418849,15.055160692789318,0.039927570782785304,-0.0353979153253212,-12.154192230816925,3.508456377139926,3.508229174296514,27.539251384511214,37673.71599565469,4.887484658004758,11.503553346459777,-0.009826900351058175,0.3457059282976919,-27.930530716890782,5.2477945798670245,5.247785379044308,29.34712073696285,40146.882589421184,5.987844517831755,10.475207935589868,-0.0009142096549812649,0.2820485974306332,-29.93705496378786,5.4172983647517645,5.417298287611902,13.71415234375,-0.24379625886535283,0.48220039992452585,-0.10314216390004025,1.408892756867136,1927.3663197831158,2.2050176292165395,5.298657795386285,2.254193828030706,0.3439662504073517,1.1869678836713047,1.641413042876686,2245.4542407670174,1.5357091607473545,4.276303901880629,-0.047953047119662744,-0.0187230028223821,-4.975628631447479,1.2820735304984447,1.2811764292542562,0.2706912955364742,370.305889878784,0.5201816077614857,2.189105775305533,0.01871752435733802,-0.0439391861596415,-1.9947360151353488,0.5206165971754472,0.5202800164685111,4.574974540570826,6258.568510898364,3.043213905875145,4.258383047392349,0.02353405551007593,-0.305164656713966,-3.8133237720641313,2.1390484782584003,2.13891901215797,-0.2439850439929057,-0.15776873452329906,0.007236229467771359,3.1257071836560137,4275.9697087795175,1.7481603433663142,14.17717742255692,2.8459932941834265,0.22209541659485707,1.767966963394965,2.9798288259245025,4076.4080089222557,2.326312665171046,5.500506835392265,-0.00558006457835991,0.012358345817986,-4.540428328416839,1.7262270890717712,1.7262180702114385,6.724539016688915,9199.174283253078,2.997115576573603,13.95963570288341,0.00246529645720318,-0.1785401737250373,-6.958309093330672,2.593172785291319,2.5931716134280265,1.5209799276628555,2080.7016512471127,1.4544849398931223,3.9964138145650367,-0.00017061491949814245,0.0600926275564878,-6.749166725246843,1.23328016150926,1.2332801497076225,1369.0
participant_01,walk,participant_01_walk_019,0.23595765448709596,0.42790373039582913,0.3820148064291863,24.114593319863808,35207.322741251024,4.589929991157053,54.62996587236461,6.660732107304548,0.3585946881020785,4.910661189683504,13.186804963948955,19252.744267067905,5.084575192848057,15.691040394536538,-0.006588649233886793,0.1052887304337572,-10.20819963658242,3.6313700409415293,3.6313640638125166,23.637957506355278,34511.434127512286,4.096223381903545,11.528866668860626,0.02281782638439861,0.6204991241789838,-30.55154903964197,4.861941809560887,4.86188826551529,31.654618927194214,46215.76528528966,5.777684186158416,10.787174142443554,0.0002532654629691131,0.3874385055716587,-44.28870528160896,5.626243772832599,5.626243767132225,14.636418945312501,-0.40394997761498247,0.5556147206806423,-0.115702473436244,1.2359785638607212,1804.5295486392265,2.053602364227474,4.606181135340809,2.2036699665959976,0.09838286426922441,1.1117457280604774,1.5686531375497028,2290.2346537727276,1.698389583789905,4.259045798462532,-0.025173549613275118,0.0248885409887019,-3.927956688030076,1.2527117965237793,1.2524588366687757,0.1901724386533992,277.65189051087015,0.4943680229666046,1.9379755862109207,0.01782317353759382,0.0087165950411001,-1.5477460759940185,0.4364517203177808,0.4360876501959201,4.332337551238319,6325.215788103124,2.887495214778845,4.332965282717385,-0.005038351061696918,-0.3273871978934004,-3.785404965245325,2.0814329045683264,2.08142680660126,-0.32648781651536374,-0.13939416950582675,-0.01713099120240839,3.0312328288996784,4425.602003540196,1.7918895734100808,14.30223795223824,2.675254227795324,0.21675965188419316,1.741043603388404,2.556259375334889,3732.140436456362,2.094919581012309,4.600955617021557,-0.022303996494666054,0.0379358707194884,-4.509305404654738,1.5989861924339819,1.598830627469617,6.009009337066065,8773.157742245956,2.6060768604521876,14.038117263970042,-0.034208067540731975,-0.2026435186888554,-7.671176193491107,2.451566749846093,2.4513280761795357,1.621232237323144,2367.0001754057685,1.5035255086171206,4.814213427458559,0.007028681798934148,0.070731027863049,-6.677557871931838,1.2732955822160756,1.2732761826576133,1461.0
participant_01,walk,participant_01_walk_020,0.15795762894151186,0.397560326685016,0.3342806505679908,25.994998000614864,35093.26652789959,5.103388613252319,43.266750543328726,7.056124265958819,0.30337634991831747,5.098529003606321,14.197213608387953,19166.248872221382,4.751262300126161,14.371599917207522,-0.01896041252931716,-0.2576647230452463,-11.243299546357374,3.7679667070757454,3.7679190023656233,26.047088992458562,35163.58940541743,4.766988242804668,12.289687153273546,0.04774529394654186,0.560921243317274,-35.386612694485216,5.10385820782206,5.103634880402257,35.53654373897647,47974.36033204408,6.3157977892290855,13.801921921791184,-0.020055101780840065,0.3716646662537056,-36.04755786272314,5.961287272568225,5.96125353755202,13.533688720703125,-0.26164950544405985,0.5223870058515158,-0.05918916728803935,1.426950479741797,1926.3842030881708,2.1117809105343595,5.831079413832949,2.2221959479466413,0.2752600849604032,1.194550325328237,1.7598931061840943,2375.8569950446117,1.6517538807318395,4.01521276115977,-0.04330499528436173,0.0616318747532722,-5.320183792451679,1.3273162504846663,1.3266096284077296,0.43564005449566606,588.1143957881242,0.5168753209990509,3.8246254882524138,0.024171289503054184,-0.0416532415233435,-2.237496260238095,0.6604727895469324,0.6600303436173719,4.166870064887985,5625.277669603268,2.5967060911209057,4.528674830594761,0.015572777263646823,-0.2598196246839451,-3.6419371524518023,2.041350674499531,2.041291273896987,-0.35086275210574347,-0.297445293962225,-0.06550157907010253,2.8990283641750163,3913.6904358880206,1.672020436711131,12.214700384518846,2.792810179586844,0.32636801271756605,1.7026533305917022,2.967964527955016,4006.754307979306,2.2743712603403115,6.291603342039997,-0.001240482573842934,0.107514094799276,-4.66420895784978,1.7227785890102163,1.7227781424069137,6.24765349332846,8434.336837038905,2.9878263855017746,11.43944095008828,-0.01364621216709605,-0.115850935193862,-7.385108330545514,2.4995679051458013,2.4995306546086726,1.48300970220701,2002.064194880131,1.558432004381702,3.779151616719971,-0.0012577698133785376,-0.0451016336170855,-4.846121320419477,1.217789507341853,1.2177888578103389,1351.0
participant_01,walk,participant_01_walk_021,0.287914761094672,0.47121397238105367,0.2630994365640323,22.092904582974818,30532.459542683162,4.794550135898856,38.72386198465077,6.522752297719828,0.42298313029539314,4.700308988032044,11.68115058491278,16143.3839166399,4.598384015311938,11.436746714458796,0.03334283602809835,-0.07870433865896509,-13.276227920783985,3.4179324641699953,3.4177698262043306,22.67630500924383,31338.718974117153,4.5392580601963335,11.623232147771622,0.04892729610102197,0.4053221427554774,-30.625483712882808,4.762215754199676,4.761964406549447,30.278012312252084,41844.300425615445,5.475020650586542,9.534783266288086,-0.015119158616100954,0.45716870476913674,-35.95956667203691,5.502566755724945,5.5025459845649705,13.866775390624998,-0.36931107761212284,0.6444321793184064,-0.029106899316316135,1.1413233994717598,1577.3122324246294,1.7963641643761776,4.458669720485791,2.120755372228204,0.1443243550345398,1.0683273840315803,1.5820569776739,2186.407315031959,1.7678467015713082,3.452599941587314,-0.034508965041022695,0.022141716897869652,-4.401359123518728,1.2582717696674683,1.257798464649206,0.18828084532034256,260.20468214668205,0.4910148964967837,1.9046739828952828,0.01826067631640129,-0.01566605488285265,-1.7597998281086626,0.4342974759538385,0.4339134076291519,3.8662188987690875,5343.1256764655,3.069779039782234,4.057850449634837,0.029081017442331374,-0.2637751075977969,-3.182367229791791,1.9664853430281573,1.9662703015529395,-0.15672768937800458,-0.42124843602746587,-0.05295991636816224,2.5503108745581233,3524.5389522994406,1.439039991544966,10.346985882895366,2.5439128771627426,0.13307026717402506,1.5969692779005247,2.280889158674455,3152.1954086731976,1.914279755817954,4.529026414881631,-0.015955056240760487,0.08270934021342141,-4.185170503874067,1.5103455639336651,1.510261288212889,5.500747474723803,7602.048970134624,2.876122101999208,9.932655835074472,0.004181545059853839,-0.11146793344527589,-7.03011999780778,2.3453709642704483,2.3453672366441474,1.239737590837936,1713.3209866147372,1.3819324851353654,4.945198690836529,0.012543037017375042,-0.03679165768349415,-4.126800675741388,1.113505688631879,1.1134350411397766,1384.0
participant_01,walk,participant_01_walk_022,0.28668326958170653,0.415136782718338,0.4041665065581046,23.817406666641137,33010.99426637428,5.0743188421072745,38.127811315136,6.937765688559896,0.606566382148751,4.880308050383822,12.19977335700395,16908.92098255401,4.5265899021922875,11.615123558589731,0.01711986953453768,-0.19228922501628765,-11.453931635148818,3.4928593511529815,3.4928173953134096,25.486566027052778,35324.45385653116,4.731353952029206,10.969385643754972,-0.002484902835719526,0.44643331361443545,-35.997137039017105,5.048422743966166,5.048422132414521,34.26332296707044,47489.0642355343,6.59302162805874,11.048177633386366,0.006148186558667281,0.23502381667309624,-32.47668577800277,5.85349133144215,5.853488102582121,13.90464990234375,-0.38923270385304964,0.6462693466291495,-0.22683598277090572,1.1543973131916772,1599.9980241753447,1.967680997202373,4.3276453734078695,2.1442445350167554,0.19750725014077722,1.0744288311431693,1.2433609966358483,1723.30196800834,1.7001500037281947,3.636663879555888,-0.02538754920726195,0.10194219240963501,-3.1642980888956367,1.115349955973729,1.1150609833707967,0.16510777904506446,228.83987064743062,0.46246839157108477,1.847678620240772,0.019622070448396076,-0.0121107726422667,-1.3129941525557782,0.4068080686192769,0.4063345654077,4.34252198958023,6018.7480671063,2.9840104150553266,4.147092787223134,-0.012713008153959655,-0.3579827212834391,-3.604651631554153,2.0839106531126887,2.0838718745595255,-0.3385519544205836,-0.1904316280161292,-0.160027219285443,2.9654667906159045,4110.159275027888,1.8244442826271778,12.462921354837277,2.7601962796666277,0.3009446348101607,1.7220530742738172,2.7511823243539046,3813.146625617315,2.05054051297597,5.47282328949024,-0.019167396111583097,-0.012901936745784999,-4.776748473672153,1.6587795855470377,1.6586688410752475,6.516101254481349,9031.335200629923,3.0724819250348063,12.132942780067584,0.028833528210756434,-0.057852458548132,-7.876158811281134,2.5528283582784073,2.5526655195072756,1.3156668686536241,1823.518088801298,1.5155335356085464,3.77942477252675,-0.001041148280306431,0.044421656611252996,-6.6332194511691975,1.1470256983360774,1.1470252258139855,1388.0
participant_01,walk,participant_01_walk_023,0.31692974527551465,0.4185075907737338,0.16633963605329108,19.18925412531563,25099.55904419843,4.4057592475919085,34.52277546551422,6.789515862828897,0.4105568193032704,4.380554088847167,12.48677224344422,16332.707626312245,5.075647837503277,7.885614713978445,-0.03702372871439259,-0.1225317108310494,-9.75385822795212,3.5338566750693405,3.5336627234986957,22.5923821075018,29550.853042705567,4.393264452938094,9.403466714828877,-0.0026849766137060785,0.6594584213121503,-32.508015182983215,4.753145202558114,4.753144444207623,30.20624563385178,39509.79234728088,5.986801410567029,11.595632631552832,0.001351493889657517,0.6832288941435463,-29.323059344250765,5.4960210571273755,5.496020890958456,13.114113281249999,-0.6184709940924428,0.7397882174582776,-0.4918114885269144,1.1598078408029429,1517.029541119746,1.752154884728019,4.702589041300901,2.0370093413922294,0.26728387639987417,1.076943750064479,1.280233556152631,1674.5464687251654,1.7854311548593436,2.6120422770613514,-0.015012566367211242,0.0654537424839631,-2.2314531937695112,1.1315736535027496,1.1314740634025293,0.1962383984079528,256.6799749179064,0.566181264513187,1.2168213305907942,0.00800485712524199,-0.0925461415559452,-1.2443878664975794,0.4430603527123007,0.4429880341588842,3.8322939058387697,5012.643354252305,2.819491301058892,4.345297229260854,0.012632594201841488,-0.4075273219459979,-3.272230500014992,1.9576653156949575,1.9576245569155415,-0.10167211998728418,-0.4800603054029546,-0.049007819545576564,2.942007905075472,3848.148585646278,1.6423266349002446,14.538676986778496,2.7093058646963653,0.17248400735269517,1.7152282370213803,2.492219905563103,3259.8255389344813,1.9032864052977607,5.114479008363015,-0.00537270249098772,0.0598497654909532,-5.85051703319196,1.5786857735138935,1.578676631094254,6.657650682284362,8708.212174604038,3.1693297326522165,14.099862773169225,0.001257298957746731,-0.1710317780333212,-7.446919469275388,2.580242675231349,2.5802423689034257,1.1322748869092787,1481.016416409311,1.273623799486943,3.743678843166871,-0.013048067447767755,-0.1068826205682205,-3.25724721562836,1.064164056418652,1.0640840600766834,1309.0
participant_01,walk,participant_01_walk_024,0.24364380636825653,0.4402574491167903,0.34383334307659225,23.010798718359464,32215.134618541142,5.125667934917343,37.69476408749575,6.824704702018426,0.24760460159728984,4.7969572354107415,12.99465215080669,18192.522279782825,4.331730115470325,12.04250324920621,0.037181018328280496,0.0076771122327632,-10.407123722231008,3.6050013285615603,3.60480958592915,26.079214452990716,36510.918835623845,5.007756955601357,10.731013250966344,0.008295374896675393,0.3888289532754855,-30.24171079535042,5.106787959787971,5.106781222354323,30.51094735926364,42715.348065413724,5.6108881893681755,11.123837130436106,0.03358249070948713,0.7447721534834926,-34.577983017462884,5.523773632485848,5.523671547011429,14.036039794921876,-0.22575759996623262,0.646539005326919,-0.016370521761520516,1.1567689113995747,1619.4773010442202,1.7711417491788728,4.4504838706726355,2.0446186807729245,0.08320294859832861,1.0755319202141678,1.2477587725558341,1746.863171563027,1.578332290788234,3.484248795231388,-0.027741589347508613,0.0304307066383515,-2.2822382952552056,1.117375661241715,1.117031231683266,0.1314956167564877,184.09395725053548,0.4746372299112186,1.2784102642440327,-0.001643313878942465,-0.0269914936422277,-1.35301867210955,0.36262696705704667,0.362623243541403,3.95683169655232,5539.567197449778,2.7659134571299373,4.124809386404557,0.019392757424282186,-0.3764807946931409,-3.17437846523452,1.989273177719148,1.9891786487272378,-0.23330076685652942,-0.2849142219922075,-0.054153092583178616,3.3935855154389696,4751.022142146311,1.7070209002071601,16.321619977950608,2.7530268276429486,0.08620928865535159,1.842168698962983,2.7104514283160355,3794.6339329173634,1.8739986856745416,6.00067262323981,-0.011045141029065767,-0.0135955979286087,-4.588135932170014,1.6463819190747897,1.646344869192368,6.845452308389364,9583.638114378711,2.9955123004569684,16.04968810060373,0.017533095400601887,0.0788804479931475,-8.181665030067329,2.616440275990203,2.616381529591845,1.4161590958393526,1982.6237442743065,1.388299909174934,3.873292664161568,0.015811136623883462,-0.0726347374144517,-4.729624050918811,1.1901298617716856,1.1900248299255578,1401.0
participant_01,walk,participant_01_walk_025,0.15898672946982456,0.3756509133786097,0.3105233670436042,25.284748123724718,32566.77518393737,5.230707770324246,40.08597778287301,7.3403588371636,0.1908597513279346,5.028394189373454,13.930499175865796,17942.493737351713,4.624535183031847,11.420151017401604,0.010720643526896313,0.1055198477028052,-10.020312042117308,3.7323737899711262,3.7323583932770705,29.67781326786666,38225.04649506904,5.5917202945796305,13.30073596767484,-0.003195533252012861,0.5246217380669677,-26.980752113640747,5.447735628616666,5.447734691398495,35.5571245320476,45797.60396093973,5.801137743204624,12.468058269839291,0.0073391171140200495,1.019666425685533,-36.48166575565924,5.962984017644825,5.962979501226513,12.913038818359373,-0.22381943983166722,0.6930688553261297,-0.11607786646641029,1.2726042401657947,1639.1152478484573,1.9151574338719934,4.763076872174913,2.052295549755039,0.2318385910711716,1.128097619962827,1.1562408689887156,1489.2391355682162,1.614220516655859,3.5251189538396788,-0.03020044523839514,-0.0568533076674865,-2.3222633902366705,1.075710433100522,1.0752864125379413,0.13908970726037928,179.147650772847,0.4854440275947235,1.666814248174439,0.022387622373927017,-0.0152804236870093,-1.007724718297212,0.37361867310927704,0.3729473250478937,4.187657820938642,5393.7065196153435,2.841630176142851,4.566310735233821,0.0109359039059134,-0.3420118394016185,-3.548653097787291,2.0464059751019303,2.046376754397548,-0.2658669310899465,-0.3524925936183854,-0.007385122743647194,2.8763022015375888,3704.6794652720423,1.695919107679843,10.61796057929757,2.8018749762361153,0.1494697149971351,1.695966450593168,2.5941795163667276,3341.3052280722172,2.021946840787914,5.522890533902583,-0.008573431574307705,0.0036047814946119,-4.623419973386597,1.6106685009944435,1.6106456830621463,6.76278048704804,8710.466509783366,3.1879601518565783,10.376242603683368,0.010232376595823212,0.0396207986039489,-9.631244402013252,2.600554784767827,2.6005346540755885,1.3695923410562634,1764.0359969799558,1.4301223424452534,4.010058978633118,0.008662232098541093,0.0180713677239858,-4.679062626429713,1.17032789222559,1.1702958348453025,1289.0
participant_01,walk,participant_01_walk_026,0.19667805387927387,0.46561187184633995,0.36226906258572356,24.523517776742498,32910.579103053446,5.144131010171938,42.888951777727065,7.020516626170816,0.21850423231501107,4.952122552678043,13.682725809937752,18362.22821753602,4.3284723474536015,12.21314555906226,0.013317732023635039,0.0106884909589674,-9.798055110544404,3.699040844857489,3.6990168707289985,27.909714447628946,37454.85755487462,5.1511405418995055,11.76464950107032,0.0016741680251649758,0.2505661289867359,-39.16690418248466,5.282964816319291,5.28296455104792,32.21813164452237,43236.756638773164,6.007422081878796,11.610295686090744,0.020479457255068778,0.8756716119516973,-37.80418909360617,5.676138745017763,5.676101800049254,13.455629882812499,-0.08759360960444569,0.6269698781378367,0.09944897145843837,1.2109353339931357,1625.0761192123402,1.9041848832830786,4.641331185951294,2.177238522539538,0.38655339260874977,1.1004250696858626,1.6977272092197084,2278.3511779627365,1.7202667501846856,3.833251774133813,-0.008006754076103104,0.0524042339154122,-3.6639135122409794,1.3029932146141605,1.3029686140578016,0.1755085212229742,235.53256606792868,0.5074049718168508,1.415122664770922,-0.0071840513358625005,-0.0363550090862638,-2.245041270546728,0.41899896398030684,0.4189373714804806,4.077905982948795,5472.5528632735195,2.8314502560111947,4.182476513484774,0.006744325568719986,-0.4274674216490953,-3.273919882588632,2.019393836990737,2.019382574686826,-0.21193732464439427,-0.33616332186589587,-0.16584857285859944,3.157615102725617,4237.521817273778,1.7149563759387076,13.359545777148224,2.832456952229652,0.4396314192751383,1.7769679520817525,2.7768983154980673,3726.599605542986,2.139053767895982,5.555853630434272,-0.006233302317345634,0.0038823853212672,-4.451899176209504,1.6664144651184012,1.6664028070961916,6.791687960187831,9114.450295911325,3.022494036969182,13.012412389126212,0.009114890418198822,0.094267920451819,-8.02099488385336,2.6061026536602827,2.6060867138657975,1.611423718859054,2162.5318296848322,1.4677602330064246,3.972892372466977,-0.017191833225116165,-0.0610063445165993,-6.519153872141143,1.2695350637098193,1.269418653895969,1343.0
participant_01,walk,participant_01_walk_027,0.3085156756101585,0.41951083281954676,0.31714658869726475,21.736020409572458,29082.904330370417,4.842061028249961,40.87250523539512,6.773345581892425,0.38493476312367114,4.66219051622437,13.17448314600611,17627.498905632714,4.800415282535036,10.98556275347473,0.048388380649927856,0.14234302104344054,-10.986545227528469,3.629989611746572,3.629667084734647,24.762303188952416,33132.03563107256,4.957053289616317,11.381704758214212,0.031958883752338234,0.7018047661608455,-30.713846940158263,4.976276173927961,4.976173548918126,29.673381220545934,39703.07287031784,5.575165963171885,11.108272539028484,-0.026465452518626597,0.636008201049629,-35.7196004276695,5.447392187159187,5.447327897285598,13.425329833984375,-0.4179929926766544,0.5940927166206665,-0.15539638912033812,1.2831599259434279,1716.8718122539392,1.918427672191088,4.918078811712934,2.1232960331566195,0.1337098188169831,1.1327664922407565,1.5136330292693794,2025.2455517499993,1.7305952389686636,3.1524789668005333,-0.03947644818438033,0.0791388438672252,-3.691287980364648,1.2309311188001681,1.230297943292347,0.2735706992778968,366.03841169702486,0.5256654143153217,2.805212371044956,0.022450800293282662,-0.0582049177223729,-1.667622159920827,0.5235214777940879,0.5230398639471917,4.001572816853091,5354.116377850581,3.0244121103478556,4.503074562597252,0.02658940703801375,-0.2532234257125202,-3.6413367236198666,2.0005698721663596,2.000393165568482,-0.11594862481207839,-0.35307869474679376,-0.06336509279661963,2.8889344845893272,3865.4334529347866,1.6058912840325172,12.428265315146666,2.639225964261802,0.2949632498570049,1.6996865842234936,2.5868729294233637,3461.243724537124,2.0342517255845474,4.502898313841266,-0.02343960330697043,0.09897603728760974,-4.627385484874113,1.6085466559682227,1.6083758669612533,5.893353636863041,7885.324732841763,2.4400050431439677,12.133604233725205,0.0025002351057140265,-0.2822230996939022,-8.091836872335769,2.4276243300887033,2.427623042579519,1.3735903282353656,1837.868157922169,1.3983775517745383,3.7540452719108046,0.008695649626400353,-0.10739444309129635,-3.522617903724832,1.172034957907737,1.1720026997560056,1340.0
participant_01,walk,participant_01_walk_028,0.26879552534835344,0.45372894562301147,0.3268704150771433,20.346885501552617,27549.837445580968,4.987774787163204,39.253495082229854,6.737974942109776,0.3301381201370624,4.510752210169898,12.405941949250062,16797.68197852423,4.317061857364891,12.969947410439904,0.020727088434884966,-0.1294173581086165,-9.4497093463187,3.522267957076101,3.5222069713817303,24.309211241291063,32914.74364211164,4.927586221349161,11.132021480309511,0.013921816349282029,0.7164420208830187,-30.22804179570586,4.930456881290164,4.930437226178938,29.03069748267749,39307.64999602704,5.644827843311759,11.86070425882648,0.026790290550678605,0.5514299938825591,-35.26136233626448,5.388080845936267,5.388014242991335,13.585585693359377,-0.3814439267245925,0.7139575021810336,-0.030590854835824768,1.198600041024731,1622.9080114905933,1.9114067506921926,4.668993416952501,2.1019545993782653,0.09999318311142659,1.0948059376093697,1.4242760803283425,1928.4741476049949,1.8317933708880214,2.8251301359225818,-0.02761834652197962,0.0919559941778187,-4.033229414014616,1.1937499124158923,1.1934303835282318,0.14370486721170497,194.57681606462543,0.5030683997579926,1.5525205427048374,0.008151807611374347,0.0046030176185463,-1.4459930186112215,0.3791718860609761,0.37908424817143876,4.047682922147298,5480.574607816388,2.9968291453505866,4.211806013191028,0.017890895810136403,-0.3191055144102414,-3.210251449571335,2.011964961499128,2.0118854147657856,-0.2661643019514357,-0.3630849165126271,-0.0666398305646972,2.848835511683979,3857.34447809804,1.6559490398815364,10.904367933806382,2.6867543500466717,0.21459847184885322,1.6878493747026062,2.562049105918153,3469.022056317841,1.9281923123583482,5.426773546387137,0.005672455697518157,0.05969373711846345,-4.690819047760991,1.6006502686945059,1.600640217512403,6.144029903210048,8319.034611335603,3.0043011279466763,10.603223158942694,0.0376363254910904,0.23499071142226463,-7.998972776589518,2.4790010883834883,2.4787153735776215,1.3599023701718358,1841.3118279373787,1.3347291827762862,5.342960665038019,0.007375644280107274,-0.05347026944081795,-3.2914639310577765,1.1661718442409688,1.1661485197743193,1356.0
participant_01,walk,participant_01_walk_029,0.2620250809929311,0.2703257495749717,0.18450946629807174,14.77577843945312,14834.940199934787,4.583693991699141,28.446870139637603,7.236094989957903,0.48960455235374883,3.8439274758316033,12.340451528428357,12389.862310789738,5.690151116039034,8.838749402494926,-0.11813856349328185,0.1534881695089118,-6.901720511694724,3.51488381722819,3.5128978818673846,36.55214818799006,36698.50183042831,6.949254425335678,15.554982679314367,0.05445945054998905,-0.031030241111370253,-27.74902731058114,6.046082534976203,6.0458372611235625,18.215483835085205,18288.418654776124,5.881437130782829,13.870970212598811,0.10882573089526026,-0.9364890944578985,-8.693022530057965,4.269347359350149,4.267960149191321,10.008921630859376,-0.24848275163741787,0.9215577343996508,-0.4038645475629755,1.2486155311760772,1253.614991736089,1.8020546743338883,4.555135272130319,2.3519669983271023,0.2047543366154777,1.117414663934601,1.5637074878960036,1569.9685393859934,1.8289411586108164,2.422734412275837,-0.022488202626584606,-0.06919643875125314,-2.5097473822920606,1.250685095119222,1.2504829018807109,0.10908020068133466,109.51695438755007,0.5089620973888909,0.9772276452154024,0.006135029779282971,-0.0070571140388219,-0.5312863056721475,0.3303298946079924,0.3302729184800574,5.105644780344134,5126.087659669497,4.15699694531182,3.781807642596735,-0.03726212053328038,-0.42821882439212267,-4.116908542479463,2.259874608461888,2.259567387874089,-0.4198499568762692,-0.7475919879307512,0.36306666458893666,1.3721089599003446,1377.6033004105082,1.6254853205188502,6.588916155228835,2.5283544847135957,0.10904263325477152,1.1713705476493528,2.9575536102928397,2969.3955618381183,2.838486092945718,3.4502609713765486,0.027957539637313955,0.30379015416033006,-3.990970198188408,1.7199811726630647,1.7197539388798735,3.167727863518768,3180.4116269978085,2.2066199908639565,5.515157397462959,0.04037437535056073,-0.3196941148732628,-4.277112587792534,1.780269067782653,1.7798111876035525,1.6351238556772696,1641.6708686600934,1.870530443247868,2.868302192279344,-0.04322402775425553,-0.15316485571827632,-3.5042166319377155,1.2794499491002258,1.2787196157396155,1006.0
participant_01,walk,participant_01_walk_030,0.30496076347020473,0.16046632221519938,0.24089594828462163,16.6607467610002,17460.534790912283,4.871466845713226,30.50246892900863,7.333529541267665,0.3434347450012223,4.081757802834485,11.76610401974809,12330.922236507431,5.256753247331424,10.03406192899723,0.07374670061351384,0.35057390189660514,-7.487540523894936,3.4309681717555276,3.43017550859254,38.93161331851653,40800.47883318341,6.595093512826301,14.4838203213174,0.02998073873533511,0.09600042235909605,-29.541524370414447,6.239592307451797,6.239520279518012,19.73729088521969,20684.755989811893,6.011240910717854,14.6806892100355,0.0075265938459336485,-1.1285698276878198,-8.038153948430207,4.442673467050511,4.442667091423764,10.446610107421874,-0.08976276168335841,0.909557555183243,-0.26956169451129347,1.2796478971095882,1341.0759297465759,1.8153684331669582,4.7467961239534295,2.478205391484975,0.2626936723307879,1.1312152302323322,0.9890881078900925,1036.5681090474677,1.4941127397068223,1.9043597063303248,-0.013732551932458828,-0.0932808476218081,-1.907838884329769,0.9946238941794381,0.9945290885087739,0.12394958309374228,129.899638464904,0.4846544120569606,1.1184242607974977,-0.002870593879792069,-0.05900977435451925,-0.5422266738730439,0.3520764453964011,0.3520647427586896,6.306924889789694,6609.681324587646,4.628835795641445,4.140218521048536,-0.03147150186209627,-0.4011055795316858,-4.44436161649977,2.51155635915644,2.5113591718011374,-0.44543022556993284,-0.6672530239998341,0.3933743463060159,1.3746324608964577,1440.6216029299462,1.6873832777221138,5.546010848481723,2.64218021787117,0.1450383203984197,1.1724472102813235,3.8574264191120458,4042.59770505093,3.456725275718076,4.594279133427723,-0.020982747026084422,0.33290752746780555,-3.917633462640127,1.9641452835227864,1.964033202140953,3.1567097838861358,3308.2438738838923,2.4575116048178365,4.54454126870313,0.028024048479917584,-0.3343132157459158,-3.819739650201692,1.7769341943863146,1.7767131968570886,1.339633552919056,1403.9410729415374,1.7038611280713445,2.3537267513345674,-0.02744787283194915,-0.06654607574823355,-3.359044100452166,1.1577508102532492,1.1574253984249074,1050.0
participant_02,run,participant_02_run_001,-0.07350439030354058,-0.5950806375462044,0.17481403177145138,36.321090898895235,49614.63671839594,7.273768771768223,38.184026318136205,8.740291536516414,0.08559436886379994,6.026698175526565,17.476434142803694,23872.821814241,5.25962795000658,12.89524184197657,-0.002287566270167905,-0.1490238839075605,-12.271513297529973,4.180483150996203,4.180482525116412,75.2756283543813,102826.56335812896,9.243857937412901,37.97243246529239,0.02309218998521561,-0.3001820470128066,-16.18513989280915,8.676183585172666,8.676152854484602,19.960239653031536,27265.701956859535,4.138806241527642,15.202693638489142,0.03076377384823641,0.4655583350812708,-18.128395000667776,4.4677943174247545,4.4676884015149865,13.75298388671875,-0.40534306798753167,-0.8653784936551333,0.6406276075119172,1.5215946407910306,2078.499391597332,1.8884012543595512,5.638029435299397,1.8094985473962126,0.029013276423332606,1.233529343303608,1.245113565684224,1700.8260408953845,1.745935854077185,2.4059153168880743,0.018373873543164745,0.0029726397975045,-2.439626982848756,1.1159978337403724,1.1158465690605603,0.12169399541968987,166.23408670089535,0.27031732668411634,0.6152499413767422,-0.0023365506884676303,0.0388510124953151,-1.5135768452478142,0.34885448956378595,0.3488466646245738,3.4266110806661674,4680.753241022643,2.7281586394002293,3.8244333156066914,-0.04602100989606398,0.1170470741061102,-5.072591335320949,1.8516827519902057,1.8511107694209354,-0.27336179313480746,0.7440290522669665,-0.21503199729104885,2.515695996719836,3436.442570478358,2.1091570786107017,8.954207424664933,2.4831685643478028,0.027967129088726297,1.586094573699764,3.7465193433713324,5117.748161728969,2.491704494060609,5.229256925934989,0.014053735025507113,-0.0563536415003371,-6.016344168596777,1.9356437820114267,1.9355927627916292,3.165416857664584,4323.961741471032,1.909061152604476,5.463834798765794,-0.01328296397814994,0.0054945394911314,-8.263928843627989,1.7792114249848523,1.7791618413355723,1.7692348075843716,2416.7760404605483,1.8802794797391849,4.205906454855271,0.016648197033419715,-0.0303933580988646,-3.24057300800848,1.3302300440333,1.330125861557609,1367.0
participant_02,run,participant_02_run_002,-0.10560421021247829,-0.3660049891419033,0.2797222474353611,18.759849871657313,23299.79495108833,5.753162445242476,24.439149906673034,8.204706310938201,0.2742303396743072,4.3312642347999635,20.54577566583483,25517.919388872633,6.012157654721598,14.410791711129816,0.05863456203031288,-0.07060889941802789,-11.514674815753231,4.5331240527586845,4.532744826905088,47.20482730949749,58628.547319275334,8.15507790411927,23.693524636465277,-0.03441379022353057,-0.6828886287471356,-15.374779123363991,6.870663113445094,6.870576926976183,18.321825007577047,22755.765657407595,4.691703018149667,15.859669461269812,-0.002284004176905144,0.31283092836863946,-15.16446393862602,4.280400708374407,4.280400099006756,12.378551025390625,0.3853852087283448,-0.7136044504318795,-0.2757100129183917,0.5673903412842018,704.7007077536015,1.1522244853845316,4.0288210976660235,1.4864784513596583,0.08762908081936666,0.753253172103644,1.7370715396130072,2157.4484396003127,2.0928551830067708,2.4435262024982665,-0.0024758983700828427,0.0395037432550078,-2.620506360127058,1.3179824238910571,1.3179800983372272,0.018045434697497236,22.412487847048332,0.15502462490460261,0.2765926491973128,0.00023067496677883903,0.024452826070032102,-0.4214788705184477,0.13433349510988515,0.1343332970543686,1.0218460641632254,1269.1361547931876,1.6051883081464875,2.399530021316323,-0.006269440437557669,0.1402631359507186,-3.364977175268768,1.0108834601706695,1.0108640186312032,-0.28771927311990686,0.5298943220635269,0.039706462038691416,1.5107809917388564,1876.398350499961,1.63081561265833,7.003631411343002,2.4712830871385956,0.2392778122339336,1.2291383126966862,1.9114605851467965,2374.040193662427,1.9106091427082004,3.466372423490157,-0.0023565336783714554,-0.07662332823635501,-3.3222584206149857,1.3825578246126902,1.3825558162861984,3.8897697378858465,4831.106542622347,2.431153614683878,6.848406577705773,0.0047713335177374935,-0.20610381894521845,-5.155215707033987,1.9722556891816496,1.9722499177046113,1.816678067647423,2256.3200400761384,2.0734665980654836,3.382586509552568,0.009185802171903111,-0.4428184341415691,-2.2684633487842505,1.3478733051028813,1.3478420039631585,1244.0
participant_02,run,participant_02_run_003,-0.09428183873759333,-0.37887910671223907,0.2850775310557346,19.17900380314851,23782.02652802778,5.737762790739783,29.55705013727496,8.230861610168585,0.21985317998615841,4.379383952469629,20.771090230658764,25756.218898202726,6.700014517400893,11.001929226414608,0.07454968963502001,0.08199311846105989,-11.623731540498342,4.5581408366661345,4.557531155204401,47.5917287759119,59013.8967108167,8.453748344156523,25.39520846147623,0.037277186093036374,-0.6647116242168198,-15.152320225156611,6.898776584620995,6.898675871202524,18.553956150552036,23006.96548708485,4.595150857234431,14.551768091926784,-0.04862352254920558,0.3509024853015835,-16.424057308741457,4.3077047713947545,4.307430341926847,12.358627929687499,0.47190981428819795,-0.7277099574350495,-0.46582925056294794,0.5144846741957276,637.962652406504,1.1528069952168207,3.125685301562608,1.492777141281232,0.12088259346601671,0.717275870356537,1.8086979703670754,2242.7912992531033,2.2777870357707997,2.410611822237193,-0.013927750113101166,0.012194511786367001,-2.490546878067837,1.344950539086954,1.344878422150893,0.019839124430376942,24.600578258748687,0.18708136926771782,0.2212956867552417,-0.0010971254166818921,0.02574801039466695,-0.4673864057407702,0.1408556996168663,0.1408514267956734,0.9140750811090801,1133.4560440411447,1.5595319537712382,2.139407997474241,0.007804224085047881,0.1298725780085949,-1.863515635035578,0.9561045900018731,0.956072738398643,-0.24892181172455857,0.5388293652284293,0.1431348895513006,1.6809071149528276,2084.334105796112,1.694395816904203,7.738051950101729,2.4606254797285634,0.10967788307941782,1.296498019648633,1.8994021936970502,2355.2648289378308,1.8739522946599756,3.395753216997155,0.012991010187447834,-0.09663875180880604,-3.287471892428631,1.378249237272686,1.378188011011941,4.013155959767396,4976.3262979867295,2.263612495079319,7.353355443235441,-0.0014890440133635441,-0.2519613503127956,-5.440880073767712,2.003286843419951,2.003286290016331,1.8228215291609684,2260.3045627549445,2.050970864708518,3.705374356010728,0.005848095337085601,-0.33879988466164096,-2.540289158873984,1.3501317451937942,1.350119079622597,1242.0
participant_02,run,participant_02_run_004,-0.12481474238414865,-0.4985939709661133,0.3904468891548593,25.61880146488072,27053.56086072723,4.4741320620381195,31.30741672655288,9.286576365071555,0.14848664271237497,5.061501898140582,16.50416409249336,17428.459783900522,6.228716240562685,12.158985127518116,0.05369979055769743,-0.45268786597181954,-10.939680331919869,4.062886628986748,4.062531734336774,76.70115488907146,80996.70900178427,10.401905711822561,29.00560353040852,0.044327527141559186,-2.063120824861438,-13.549094719164328,8.758031732000857,8.757919552557643,18.648784813152144,19693.187137430403,5.188513246828217,15.641264762542349,-0.01869912567336165,0.6385151650341521,-17.91044673499914,4.318464364846964,4.318423880671297,10.526341552734374,-0.09884739092079597,-0.7446236181778395,0.2670180390289458,0.7555897397152114,797.9056216481263,1.2620183066864081,4.55597104028766,1.891559281124448,0.10928154495368601,0.8692466506781671,1.3772743646405932,1454.4069263966676,1.9802036942907177,2.597486922125853,-0.009391940253108555,-0.16299899951969735,-2.0842734251375434,1.1736109121775884,1.1735733315990924,0.04663833680044933,49.25026014332004,0.25367057750144567,0.340406405771456,-0.00493409781335844,0.0403465924495731,-0.9486484645981732,0.21601546732047017,0.21595910909347937,2.90949029144053,3072.432733782558,2.957030236148066,2.8585934163157,0.00840874418255142,0.4113964440222472,-3.924933355122653,1.7057435324277967,1.7057228061559504,-0.05892373968226326,0.6700359421175799,-0.031554174022937316,1.680209245994512,1774.3075145207913,1.6224821120053392,8.322040643355937,2.74000291885263,0.17947510089436336,1.2962288555631338,3.65724826103847,3862.06798625808,2.8756330202690945,4.061606461147859,-0.01590537408116009,-0.0723592075336047,-4.811624916688925,1.9124594745936794,1.9123933332446206,3.572860292117772,3772.9539706854944,2.2420846162268795,5.4733928969449215,-0.03252181873346647,-0.05624377549958365,-7.789237126939525,1.8904808808373346,1.8902011247795225,1.9560901338379544,2065.6386903301445,2.157397897742047,3.043248505718879,-0.017773708190810485,-0.14951354615785015,-3.290702227614363,1.3987158533958233,1.3986029221469383,1058.0
participant_02,run,participant_02_run_005,-0.0933617512230692,-0.3782368557153989,0.31836454387459145,20.133562927891923,25932.126787955087,6.189234639730329,26.78085268353194,7.868157159869535,0.29053921480691897,4.487043896363387,20.04647270297636,25819.918924132235,6.041793898016737,12.57116166389291,-0.060578159788963214,-0.3251569359655121,-11.437213894043008,4.477738538193111,4.477328746359413,43.12148211804867,55540.602471093356,7.621245835851566,23.897823971280005,0.009401059849479577,-0.3533983374836058,-14.435892548545985,6.566701645268723,6.566694915865109,18.869747083011564,24304.292779160012,4.428525445706965,15.060225975583116,0.00015130051391532763,0.42426652947215926,-14.59304446320946,4.343932217001481,4.34393221436656,12.836633544921876,0.4814541971451829,-0.7234160097505414,-0.4174826115035411,0.6444907614008437,830.1060961505706,1.2392679344648903,3.249424042826664,1.434556460567699,0.014211119550013406,0.80280181950519,1.7758190195876742,2287.260399136986,2.0297353344654496,2.719131984032258,-0.005169824498135179,0.0813205546819415,-2.742329401578622,1.332608624718081,1.3325985965727543,0.021486157747272208,27.674237733547407,0.18213795415086614,0.2241074326910374,-0.0010947367545362735,0.020899102150461098,-0.4293355489223301,0.14658566163112252,0.14658157369626038,0.9049236927128391,1165.544522659037,1.4564362794763532,1.9668797779207532,0.013645672415804106,0.1323707068268148,-2.219404219816652,0.9513726383959751,0.9512747724568539,-0.32238326186193395,0.5153297706309137,0.12533445908425944,1.8384064357928933,2367.8780679935344,1.7829944275863447,7.764372429962017,2.3622036777901183,0.06340411620282574,1.3558784738290128,1.8761200169540668,2416.448394120283,1.7292727692921273,3.664751615499708,-0.0018301345323479407,-0.13898462980788762,-3.0598879940991743,1.3697165277335577,1.3697153050740387,3.694546718450086,4758.58764903292,2.0514884143491514,7.350968775811318,0.002274600560043611,-0.18615127750670352,-5.571307834010625,1.9221217162962896,1.9221203704373162,1.847718943491092,2379.8677355973427,1.9389144325540317,3.684946839911174,-0.004295237210584995,-0.3283071492209788,-2.825063278339607,1.359315045364314,1.3593082591859331,1290.0
participant_02,run,participant_02_run_006,0.04323792253037602,-0.5299412520416158,0.2244358403616919,23.518341398453178,25823.160235811956,5.651979612371948,27.822288601297597,9.361986325052982,0.40825546549346065,4.849571259240674,18.860808008609943,20709.184339642823,6.356245581065292,12.294836547562864,-0.03155543917435851,-0.6150133612194068,-10.95875460103407,4.343017816490215,4.3429031774390205,72.17795538663327,79251.46063084641,11.515821024526513,26.589648529894163,0.04613834619324777,-0.9863438321378296,-18.90070862675091,8.495886306538166,8.495761024571799,20.122865251249955,22094.924339386314,5.181305489866011,13.658316832327031,0.019396126110998207,0.7879779663742094,-17.271464437774508,4.485893607850956,4.485851675128142,10.935392333984375,-0.5251980198765501,-0.8011246017360706,0.7076129977996246,1.0526163557977666,1155.7737155899076,1.6364607558732454,5.307820576929835,1.936112057864709,0.032293790238340274,1.0259709332129086,1.8069230812756738,1984.0031858980356,2.2175545390359424,2.667737925045356,0.0035772266272522967,0.0480575916302719,-2.53549154847504,1.3442231503087634,1.344218390469225,0.11377451766222024,124.92452382449751,0.35467511662720147,0.5000028976858141,-7.114853003934444e-05,0.0745629069522358,-1.7421549641523997,0.33730479202693453,0.3373047845231672,2.8801696793238607,3162.4289262336697,2.553232691910743,3.2081121847194107,0.016314917489042156,0.2878508094032358,-4.287719416366985,1.6971846852527672,1.697106266361615,-0.11537677137579196,0.683097041448403,-0.06651123417951377,1.4939263315179094,1640.3324701215115,1.5543404181597837,10.215816242673549,2.797378082332058,0.23981446529873143,1.2222627915133102,3.5616819955570054,3910.7300690143156,2.883632054210522,4.035876685166213,0.014310398145095982,-0.0117490234392548,-4.826816779515318,1.887296156688737,1.8872419017065634,3.44804067613172,3785.951796975062,2.4003334761317876,5.628679418784806,0.02882547472448505,0.1539552344147525,-9.422245682693536,1.8571137779158315,1.8568900549390963,2.308492097945622,2534.7264221734745,2.4695286269098755,3.521852335107516,-4.367127563930074e-05,-0.1483611461069593,-3.4410920573368107,1.5193722716479994,1.5193722710203783,1099.0
participant_02,run,participant_02_run_007,-0.0656079521512965,-0.25039302731752255,0.23157631356959,26.56405431423008,30654.941657907257,5.9147053657270465,36.6075907421919,8.941614345029356,0.49121845774114126,5.1540328204455665,19.424331888148718,22415.695801978887,6.428908717980233,12.59845562090124,0.038870633283745286,-0.2466441873584753,-14.286747249532414,4.407475787146266,4.407304378886114,67.08974450737051,77421.62319761673,9.541157813215218,36.48146801996785,0.014093382583840791,-1.4592456406026626,-14.861408992324384,8.190845080381093,8.190832955650512,19.99692236703246,23076.46570993121,4.53301703293835,13.6914920423079,0.06175028217455012,0.5967158784195327,-17.439165684094657,4.472218181661209,4.471791851935023,11.587223632812501,-0.09778838902160317,-0.6953333341558284,0.1559476288489534,0.633287028782323,730.8137790409503,1.1900879944410638,3.910936314436432,1.661191615433435,0.08868738004126743,0.7957933329592068,1.6180454598868859,1867.2258604027702,2.2264085811501526,2.475068752425697,-0.007989592477002629,-0.0788382939096224,-2.466610168475254,1.2720492496263007,1.2720241585311522,0.025954469660047188,29.95148043965783,0.20993793876315603,0.3204394797709223,-0.0004150299033356355,0.0255905004527455,-0.690012312622233,0.16110444410340719,0.16110390951198916,1.7487713997153922,2018.0837080495905,2.1236020200962358,2.512618643951317,-0.0030457952285490347,0.2620895888630266,-3.2174804280696265,1.3224147142950151,1.3224112067414553,-0.23980459844046048,0.5394157641306826,0.08155577516049171,1.2886705768747568,1487.1269604804043,1.4597270348730902,6.454862097243625,2.4959140053231894,0.12377024511238223,1.1351962724017186,2.4044984923964394,2774.7933402414887,2.221558269979236,3.896532998114525,0.0030585162218188743,-0.0844988153070948,-3.828444923977931,1.550647557286284,1.550644540955934,3.1863811643708515,3677.0866200690516,2.242702443851418,6.09929003127846,-0.006894981912551272,-0.0470811396181792,-5.9657602187195184,1.7850570593531248,1.7850437429852668,1.92732057376725,2224.129609359737,2.0641588093800625,3.7767144515743696,-0.00041594664212002473,-0.1328253403161237,-3.7456743529491727,1.388279779719801,1.388279717408293,1155.0
participant_02,run,participant_02_run_008,-0.21463831072852096,-0.4741520796572224,0.24529366083939189,25.502660255438265,28001.94414470781,6.139854284855367,39.5238108007326,8.940384356419983,0.49417199603778705,5.050015866850149,21.275947835654474,23361.010065319373,6.851624908716891,12.063539366633965,-0.020737758559554016,-0.4387327048793267,-15.217323348460903,4.612632425230147,4.612585807944875,63.92396080403187,70188.56707551864,10.045468892770158,36.89174587690106,-0.00506669202562405,-1.2122001321419102,-15.05369278381531,7.995247743215963,7.9952461378016295,20.23181519856924,22214.551480588292,4.888108345000225,12.422244164835348,0.030872831157476632,0.5910087185875579,-18.373069214464472,4.49808496254494,4.4979790126866135,11.02882470703125,-0.04757965659993972,-0.7999526027271262,0.13794815350951137,0.6919130448247367,759.7211522294198,1.2645123388270516,4.475306251890895,1.8702084817988511,0.17580364023069375,0.831813106908479,2.1347072904361433,2343.910545541877,2.6239600126507847,2.840193370206641,0.03162890280388281,0.0501206880317219,-2.784323504602718,1.461406061958387,1.4610637530361716,0.04156310081037054,45.63632247442397,0.2628757408770669,0.3344151068419129,0.0003624662587765248,0.0406242875702139,-0.8351572815646295,0.20387062611411016,0.20387030389532101,2.0122325128576293,2209.433128419961,2.396106130842234,2.6603857874647017,-0.00945448246022474,0.2322975130689539,-3.5165359513006176,1.4185633225542735,1.4185318159483167,-0.351943328906058,0.6666554263272444,-0.0827997706177163,1.2429716582297787,1364.7840107105317,1.4634776003680108,8.19465003902755,2.5654560672251012,0.17547239097334338,1.1148863880368165,2.6088566076975286,2864.5269269397127,2.4597046608239532,3.849652159042224,-0.009678999352069912,-0.0943131847385285,-3.4996839130476465,1.6152245326040542,1.6151955323419913,3.030702510121794,3327.71411129783,2.276188629413956,7.861870734875048,-0.011191775524372508,-0.1601872351547202,-5.429105487061024,1.7409272718758766,1.7408912976179167,2.184639033986862,2398.7356453530597,2.2746161410813155,3.71798009465181,-0.010927049822922584,-0.3071677918645054,-2.7516683525566568,1.4780928368694215,1.4780524462910178,1099.0
participant_02,run,participant_02_run_009,-0.020759886376988605,-0.47616670835227415,0.1228866634324821,21.024882844727152,23968.451982787585,6.049125940593268,28.171808691398965,8.486174947079071,0.2736497396368055,4.585289832140075,20.469822202384997,23335.668921410637,6.423403380684128,11.53547865955868,-0.05527934782870008,-0.5287973126579348,-12.566713613456168,4.524696454866488,4.524358761458357,56.213789027465054,64083.91626086124,8.293864883916509,26.048534299380112,-0.012707137351976233,-0.7603875789201451,-14.068193662841802,7.497596314740128,7.497585546525298,16.34490345730495,18633.247104076014,5.201842786520083,11.86854189896037,0.09119272102844111,0.7056648711970228,-13.159233437013668,4.043911419612641,4.042883062531608,11.4530908203125,-0.22005411926333748,-0.7586142557485082,0.4761409378306793,1.058305247083472,1206.4717325990857,1.528535148077972,5.193196100113978,2.1291258967853284,0.11123100267343883,1.0287396400856108,2.311400759214217,2635.005039977476,2.6769137120938042,3.052660685833287,0.027785179193222015,0.055741210056259594,-2.7250670265890764,1.5205830379814895,1.5203291614693895,0.07867755796158801,89.69269118261322,0.30083525409478573,0.627426185255441,0.0009022072273356112,0.03739277796202525,-1.2874438104151331,0.2804966522785416,0.2804952013165074,3.20040065025228,3648.468007792329,2.766204344324443,3.270299397036218,-0.015183341418651783,0.19296656446441,-4.867363163628222,1.789030794622864,1.7889663636447388,-0.31570448815622276,0.6566718358575706,-0.11285863741406174,1.3579395811049297,1548.0559180421349,1.5944604786163294,6.79866490377109,2.632905401240888,0.11730440057694531,1.1653066468123014,3.192882941252379,3639.897733272244,2.522464037719531,5.746871451534557,-0.020928519557313903,-0.18248630567849175,-4.839492658137673,1.7869865540018035,1.7868639962941721,2.730448261035664,3112.720641262098,2.343185242357693,5.370088362732337,-0.0030540386365585327,-0.029695352933027053,-4.482846916736335,1.6524096308687075,1.6524068085782218,2.3663378416386824,2697.633414225761,2.3047204995050246,4.439857596356914,-0.0037495304759917825,-0.2768798207530254,-3.968752660019248,1.538295127931397,1.5382905582622168,1142.0
participant_02,run,participant_02_run_010,0.023884811286934534,-0.41708833302902326,0.046231218771062496,26.37600286126804,30490.68208483039,6.9349763925793235,32.5916485948247,8.506367063616613,0.47707049214874275,5.135757282160834,20.265389213936526,23426.807431646732,5.945092094967691,13.3240018261656,-0.038207054823076375,-0.0706445639906908,-12.815596703234116,4.5018717210705566,4.501709587916187,60.288430258385645,69693.47744124154,8.43331045882808,31.258798270475747,-0.05069445933801271,-0.5027827672932204,-14.529398301746308,7.764727953160576,7.764562464066191,18.17499911403282,21010.314670985244,5.031053937234818,13.759798619164664,0.03788388375967704,0.8124081216160537,-19.939852732076712,4.2633829645812416,4.263214645550095,11.61316064453125,-0.46105599504135225,-0.7986626832167086,0.5556548975542379,0.9470668357452106,1094.8100799684717,1.5445725759877333,4.981801319330863,2.088531037853058,0.05190354168169684,0.97317358972858,2.5362308966585636,2931.885106719421,2.602244792329821,3.057579787374005,0.009307000736678166,0.0299598759085029,-2.918439529224694,1.5925820283179377,1.592554833171707,0.08797898502488583,101.70378266371192,0.315236773820434,0.5062692892362016,-0.00018470613898703984,0.0729981134867703,-1.3998818715717094,0.29661257414554026,0.2966125166355692,2.6847304903548883,3103.550765270363,2.8047101551817395,2.866975724488208,0.0013059109366376303,0.3773709192649533,-4.10574425954876,1.638515241234656,1.6385147208233706,-0.34804662186930874,0.6948657336180782,-0.18493077638154487,1.3994550326361859,1617.7712262378218,1.769736675890217,6.265855886240736,2.597318772823163,0.09802679628012421,1.1829856434615704,2.9736725926634087,3437.568085057236,2.5339472245764663,3.8835340004915135,-0.029544961682821377,-0.0352784311466785,-4.703268571999433,1.7246870723189898,1.7244339919705274,2.3245090972652496,2687.134523786726,1.9576118613087512,4.172918625226765,-0.009395540772091471,-0.1377146787834937,-5.455378468670239,1.5246630360350608,1.5246340863516235,2.846003263451566,3289.9822302384932,2.4161680491640176,4.564315324844253,-0.019331476103603765,-0.4868131370503912,-2.957137219600667,1.6871209113219803,1.6870101551121635,1157.0
participant_02,run,participant_02_run_011,0.09652197553147104,-0.46873873252021603,0.13678435611876127,19.824851707863598,21926.35775499066,5.659671100009554,29.71097953182501,8.831668912852829,0.7552402753958443,4.4525107195675115,23.695435336001605,26207.237772209643,7.453997520784282,14.036362051135493,-0.020023825862015447,-0.33965293915794137,-10.970394873095112,4.867836921015715,4.867795736881489,53.05318836021555,58677.0180016724,9.075996226808218,29.16141171559196,0.09590631169636137,-0.28230301928408263,-15.477266504838848,7.2843933433635195,7.283761964823916,21.060757012708795,23293.273162139514,5.922669951218538,14.144519419655785,0.06517523274475738,0.5731084577031418,-14.94553468092754,4.589662822438281,4.589200040607164,11.024520751953126,-0.05603913723659576,-0.7280246390772735,0.19760458766160385,0.6585419275326874,728.349758097961,1.2820937944015827,3.7916648918406075,1.7643524527024539,0.06044926149026274,0.8115059627215855,2.399594111402532,2653.9597423245764,2.5477420295773454,2.928595112074861,-0.010903099823741476,0.1646905496889361,-2.7565000825281647,1.5491007033076638,1.549062332962277,0.022665230172317846,25.067826247254466,0.23305330708729882,0.2935883159621928,-0.0013503854375756191,0.03132132399753605,-0.5631236394076966,0.1505558159392983,0.15054975978831,1.3491013917921784,1492.111008865019,1.9961233818372268,2.11218605009119,-0.000265322873124428,0.2602466398805934,-2.600062169763155,1.1615082703917374,1.1615082400879377,-0.23344911327651563,0.5887605782866858,0.0916445787084137,1.558163532624931,1723.3345071074245,1.737696910718423,7.542521554074452,2.667767466375504,0.13173070738454695,1.2482642078602315,2.265505255157598,2505.6570885482342,2.1720482997388317,3.7031378487017697,0.014333419926210783,-0.0568435625581018,-3.4029807203153823,1.5052277907627065,1.5051595447518504,3.8516157313507238,4259.901092047253,2.5055499019238363,7.30675801536113,-0.04987756036838726,-0.2163972074941033,-6.535753519360236,1.9631870777842404,1.9625533703190656,2.5552779248758455,2826.1465940736875,2.538594040654899,4.470470221000209,-0.007393100652399473,-0.3371287718346134,-2.759588808129135,1.5985407667035276,1.5985236704146253,1108.0
participant_02,run,participant_02_run_012,-0.049005957533542165,-0.4304287987193196,0.17241604673760286,24.128826382637055,29147.64221140439,6.409096883170596,29.07267058842747,8.702622938969585,0.1406859047694618,4.912110176150068,21.52969044014761,26007.883844830914,6.848924293650098,13.339476663396011,-0.0343625601375066,-0.1581466518008518,-11.094808616957584,4.640136983504561,4.640009745695327,55.87959572863634,67502.59782167677,8.283109898567798,27.848070369679856,-0.039585628580995375,-0.8418418634153613,-15.20646686517544,7.475370408924663,7.475265595859209,22.452167697116895,27122.237133627703,4.733126143538253,16.23485227969846,0.016453786387115046,0.5581708425316245,-18.582303282563885,4.73840040775401,4.738371840317821,12.130104736328125,-0.024720083209341125,-0.762286539402002,0.08209345421665312,0.7935396860143792,958.5965965232922,1.4444703800800358,3.796436168383897,1.7446524568216386,0.05595343779430117,0.8908084451858206,2.210574224082163,2670.375489612099,2.3374137900126204,2.8334573428571823,0.004559438337131352,-0.0205225386617655,-2.767229211528736,1.486806985644106,1.4867999946469475,0.0304311745424689,36.76088399703346,0.2434441441683176,0.2994729941825283,0.00040767696399486185,0.0290883997904826,-0.6627363221066621,0.17444581033368461,0.1744453339658843,1.5962984688007038,1928.3298695661836,2.1408945796370666,2.6295385674326006,0.005201827021944408,0.2606150390114314,-3.2703359047560285,1.2634577665300373,1.263447058170901,-0.15887065369007075,0.6572178727366836,0.019957712886838466,1.433292912694441,1731.4190230744816,1.7680976509443245,6.211861473603598,2.5280494577457704,0.07269560169383199,1.19720211856413,2.342753832001698,2830.0485652182438,2.193227010685688,4.00030488521467,-0.018213375314007893,-0.0589780466869216,-3.903909279573469,1.530714068349157,1.5306057075555735,2.838665905929327,3429.1107603675077,2.237856570222145,5.431675195498836,0.00033473354750088787,-0.0243768783262683,-5.405609876693509,1.6848341217983078,1.6848340885468003,2.642221415643306,3191.8056537511757,2.38313802801612,3.944039425993171,-0.018814378594998987,-0.3317787166355992,-3.260786263553157,1.6256000112220788,1.6254911305950908,1209.0
participant_02,run,participant_02_run_013,0.02147635494343941,-0.3692354713848209,0.2813624934928749,17.1424189887132,19233.886252097,5.709775573662201,24.739277045993603,8.346557924344882,0.8374614882888956,4.140340443576252,22.588508827788907,25344.38720158012,6.9231760562455165,12.0415553400815,-0.07163230021905743,-0.144412968877005,-10.639440598101764,4.753276766002962,4.752736982811999,44.484850223943454,49912.16123121562,8.07130924913832,23.46324697575196,-0.00565211596465879,-0.5142071090276368,-14.03704824609546,6.669698806569779,6.66969641167748,19.72823995482611,22135.15559943703,5.299670450037905,14.285407522794312,0.026192245981123196,0.3390966603298814,-16.618660594083856,4.441725564302193,4.441648337591137,11.27891650390625,0.050165216244303916,-0.7234847364595686,-0.006566652430086395,0.5839216882208276,655.162276781948,1.1327257102452,4.325171255694012,1.6297821641743429,0.1069586044750638,0.764147687440607,2.1108989955075366,2368.4361982141268,2.4246450688383847,3.175900401820724,0.029505791244278778,0.30095231411958207,-2.629772407492106,1.4531928940180265,1.452893318694644,0.02609136603365426,29.274605380157652,0.2169542539963059,0.3114812665996394,-0.0024975304127736906,0.0170235316225213,-0.8229018769316866,0.16154752765615754,0.16152822054877675,1.1018895858653557,1236.324077954038,1.7228039941283644,1.955797422814711,-0.018836509760887365,0.1128261909664236,-2.9231226462646465,1.0498782786424945,1.0497092863575874,-0.32879704250461944,0.5468089485505371,0.06548371082567486,1.6661792318272344,1869.4600378726734,1.7940356993784372,8.209956068523761,2.551658413905803,0.138269074049301,1.2908056522293487,2.0839580104074256,2338.2083334896784,1.9837699569659284,3.532760745755252,0.005097134092979636,-0.16635633884952522,-3.189602840682643,1.443601049869176,1.443592051241425,3.804154098031452,4268.27444661956,2.354451659995287,7.812976687254258,-0.013723944118551976,-0.1964124179703005,-5.3853345333262,1.9504723644988207,1.9504240815862206,2.2888130801071638,2568.056408264716,2.3038963101243772,4.877259980804725,-0.0006141004321065259,-0.32584967296014494,-3.0434807278016978,1.512882499477902,1.5128823748418658,1124.0
participant_02,run,participant_02_run_014,-0.048074132555328206,-0.4959963045230838,0.15537232233982765,28.38643114673019,31508.964100236648,7.036160693407959,30.81335596578734,10.09476917282223,0.9094820215089859,5.327891810719338,26.4986559206269,29413.531901622406,6.820048179007353,13.123594524279524,0.06250759854136895,-0.266649288288672,-12.971475636316825,5.1480640167447715,5.147684520308806,75.98581152175574,84344.31912171317,10.092911417640801,30.26025570662217,-0.04987695743722191,-1.814458533438677,-15.87031943776903,8.717126776216974,8.716984084060021,27.79916590980811,30857.099159136917,5.964621412688869,17.298327075636585,0.02770444626527963,0.7488305805166244,-19.95774160711768,5.272564219253377,5.272491432881433,11.155972412109374,-0.1383345293601243,-0.7727876566113098,0.238046934527084,0.8001878055861565,888.2091837939839,1.2624314217682255,5.048246963530909,1.8679924689230452,0.06605576292742413,0.8945321713533597,2.593297671585622,2878.562747562264,2.679726390094464,3.1759214051476112,-0.0033839734863875103,-0.0419412472193943,-2.9352035380053305,1.6103754602148463,1.6103719047430074,0.04352266700754168,48.31019951746028,0.2769407584534504,0.460278649319781,-0.0031222164719512465,0.0377326745415712,-0.9556400370240574,0.2086442312723728,0.20862086906046018,1.6526736565638154,1834.4692450031519,2.0808165756370407,2.4951466401158497,-0.008274954388833612,0.2192038391600902,-3.868357368510196,1.2855901879813616,1.2855635560188439,-0.2951945127749238,0.6371160410140616,-0.030337587115956084,1.5654962993260135,1737.7023000722882,1.8323176721908072,7.988012174246189,2.730853280643867,0.21169438944126445,1.2511979457008446,2.5821926884349207,2866.236206278489,2.325136315222279,3.531933101751631,-0.000742281585357245,-0.0723777134331967,-4.360241755964683,1.6069204209969057,1.606920249556561,3.439077526815962,3817.379147461335,2.2833212356141783,7.168505399758433,0.02743117001963466,-0.1412770011334729,-5.312296591571285,1.8546778685002436,1.854475000321105,3.001031439335975,3331.1475964322117,2.719157174500901,4.462246686753226,0.001124754163769368,-0.4275145697166662,-3.1621894825815446,1.7323488980017576,1.7323485328697499,1111.0
participant_02,run,participant_02_run_015,-0.0824041710494936,-0.3941279947287666,0.2790341726305797,22.111312169949294,27285.431961277256,6.310643697562888,26.722867578181738,8.7108842578576,0.4603638594656865,4.702266705531418,22.973976802681058,28349.961604770375,6.609906028168286,12.65206189923495,-0.0674970533149111,-0.5419921602245311,-14.433221263477488,4.793592875379307,4.793117649576428,55.12910333202188,68029.49243682054,8.569512396292401,24.502484987783617,0.0002948366746311981,-0.9583208955937615,-15.289302064670496,7.424897535922671,7.424897530068807,19.88291772103049,24535.58478061317,4.694723449882179,16.643039352938995,0.01621508163221299,0.4920491646747537,-16.772957309942477,4.459056026773249,4.459026544104721,12.299017333984375,0.2997577494368662,-0.7262406624570845,-0.21529404805408306,0.6045681375683648,746.0390535227903,1.2684384624934493,3.2677399499595716,1.5494334289471448,0.012515094314614329,0.7775397980607583,2.0398527377995492,2517.184883646864,2.3251394195237687,2.6985175461635733,0.028756647173027047,0.11052904108725445,-2.732296266782688,1.4285236023798078,1.428234132696579,0.01957508397746095,24.15571689971864,0.20001291880041736,0.214176098349736,-0.00015329482499446323,0.029705640241073,-0.378941449622746,0.1399110698864258,0.13991098590697212,0.9446110925708501,1165.653159262421,1.6352548133789204,2.1268529997497696,-0.021123581691427445,0.14302202576419099,-2.0667417748419963,0.9721405753667134,0.971911051779354,-0.28711105848660673,0.5434466465455181,0.09092304156119607,1.4107902972220416,1740.9251741745486,1.6726173991516224,7.497141350341297,2.4227580673032123,0.10402300277253193,1.1877669372490722,1.8664563070286884,2303.2131469517294,1.904884489003046,3.424592778525197,-0.023907917214256873,-0.16445353865099785,-3.377923367096149,1.366392291962382,1.3661831162141802,3.141976808545153,3877.209632529361,2.212997109203557,7.454038754783583,-0.002846321233255333,-0.13295928346532745,-5.179155528032683,1.772564500967374,1.7725622157050378,2.271517370023268,2803.0597767037707,2.2540906067915376,3.510671339473511,-0.00409563885649715,-0.32097985046314975,-3.1636337651148985,1.5071609550014593,1.5071553901384116,1236.0
participant_02,run,participant_02_run_016,-0.07287287624270318,-0.39762167619161126,0.2163898265495528,28.079924022333856,31393.49680872684,6.779843297622072,32.40075397482329,9.278665723046513,0.12722287613075908,5.299049350811319,22.47091681707384,25122.566816955594,6.7151846277004825,17.29492379251235,-0.011771572269369672,-0.10730995578262251,-13.04857962760986,4.740364478285138,4.740349862306983,68.37170430829457,76439.80916627872,8.984346080192267,32.13589052963561,-0.019837184527355042,-1.2589715863046966,-15.612510095774605,8.26874221524559,8.26871841994239,23.329139563120048,26082.06120496452,5.062877599771939,15.443119871317396,0.03562092194233042,0.5020014875485115,-21.69947423705329,4.830156147910755,4.830024799431163,11.247353759765625,-0.044644011151541,-0.7835613154801214,0.1635180349580143,0.7660429933387642,856.4388156308827,1.323232139007065,4.283033876641905,1.7641552334137407,0.15980951589080097,0.8752388207448092,2.4740960774258154,2766.048381197145,2.661619124888581,3.204749360400762,0.028033492094564356,0.0940601776114134,-2.8912913634040964,1.5731757543595792,1.5729259605670622,0.031925770921082036,35.693126418503326,0.2322020947428977,0.2840492632673959,0.0005213742160037257,0.034144611570258,-0.7711317494235055,0.17867860183064774,0.17867784115855562,1.3708214837829642,1532.5833809743085,1.9527079373964598,2.138802941705364,-0.025635917769866463,0.15679237800591556,-2.8176235870446047,1.1711014832468054,1.1708208589630458,-0.2916588426353932,0.5678929498193738,0.057225316447088365,1.3542470244909055,1514.062746706548,1.700627167008189,6.647064616861086,2.678050748307468,0.20048780534887117,1.1637211970617813,2.2605162630855498,2527.265253133401,2.316542894638481,3.623562804508742,-0.015199684262044842,-0.0859851133073706,-3.6473423649348473,1.5035781634112726,1.5035013345805681,3.414291707092477,3817.190352780809,2.4414216670374014,6.089435969539397,-0.0034592533542750666,-0.0063503687891726,-5.747558936760479,1.8477834487640175,1.8477802107102665,2.8511479418829837,3187.5935681448727,2.606713177172665,4.644433766702207,0.0019814400441907354,-0.5248450640082133,-2.6386995713773227,1.6885354210047332,1.6885342584274041,1120.0
participant_02,run,participant_02_run_017,-0.028905633440289173,-0.4641839920413695,0.3050039185278482,19.52225774147148,22372.524377177313,5.738945647524014,25.15475790728584,8.26405232457164,0.35161817226719105,4.418399907372745,21.72698125934606,24899.139449152448,6.808497880674209,14.063253034801702,-0.01416500928906463,-0.2688318541721469,-11.775678944594803,4.661242528214363,4.661221005203043,47.74975086064731,54721.256080161445,8.290938894200245,24.24813271153224,0.049800332559366584,-0.4393172435022076,-17.087072879948035,6.910298903359416,6.9101194534282335,18.33739453304059,21014.6701082047,5.20768502712003,14.486807332602329,0.0033453077951249915,0.3589277758862831,-11.575797065330145,4.282219719272335,4.282218412580165,11.519675781250001,0.1888082995506085,-0.7795477304827833,-0.11154311358252209,0.6556173402602549,751.3380430334961,1.311696913522505,3.6563704021032666,1.6453832702299034,0.0915339853675317,0.8097020070743649,2.28814722753377,2622.2187159133064,2.616101220001552,2.8698562689254907,0.030948732964822184,0.1536551342015925,-2.6887016365917185,1.5129788668735258,1.5126622979150932,0.021624859200439203,24.782107480688698,0.22108573060534345,0.212108406871178,-0.0019427677711002021,0.0261142446618006,-0.4320887587396668,0.1470667656102208,0.14705393296487926,1.0516797351883003,1205.225892623122,1.7055277409777003,1.8873434869555576,-0.02213652799009173,0.1249063677587747,-2.2400150064265025,1.0257532651957568,1.0255143759052334,-0.27944244605583174,0.6033503850331704,0.009758290314960016,1.3952786066511624,1598.9904986217155,1.6346703670690683,6.85288360986466,2.4506682092090863,0.08582089436812002,1.1812191188137628,1.8814523250877546,2156.1460034463203,1.8726047735958804,3.6815051756283337,0.006501050008023427,-0.0993252570421784,-2.899651496552096,1.3716758322355036,1.3716604263037389,3.2866660137024986,3766.522114652553,2.3792126141191887,6.634521150440554,-0.005672204503159644,-0.1360922300177251,-5.031020343805005,1.8129253121975057,1.812916438698292,2.232671435695026,2558.643410142246,2.379260918271622,3.5773134829918143,0.01375013595647605,-0.3190011973208725,-3.2633356272325047,1.494275912251097,1.4942126474150277,1147.0
participant_02,run,participant_02_run_018,-0.02379809629796396,-0.42165128589675666,0.27184238909340286,19.3053536889903,22355.66909484237,6.0310077561587505,27.00864476123049,7.8892840951252765,0.3722431369091021,4.39378580372215,19.50524886899099,22587.145334010514,5.673836560081083,12.159505714278897,-0.019861124429864742,-0.20943835361098373,-11.539948370489348,4.416519368604038,4.416474710557164,43.767994749449144,50683.48861092825,7.772144484773336,23.722267208569303,0.0032526274157453202,-0.6160472346021376,-15.460996776177256,6.6157392125925165,6.615738413015523,18.270746205608226,21157.587178844595,5.155417451004597,14.09399500494679,-0.04198040840516499,0.29161000945745047,-14.581855095963652,4.274635488588248,4.2744293426852,11.641776367187498,0.05688801807576805,-0.7631698668368072,0.07930606426154824,0.6639755683226285,768.8860041415222,1.3109144602820413,4.36285838630952,1.6812004154382902,0.18711943900595485,0.8148469600622122,2.2147557306375707,2564.6947864220288,2.455990065659177,2.996347981070579,0.016781940472891707,0.1276030732422801,-2.8569524105818878,1.4883001592970442,1.4882055404538617,0.027922615328560486,32.334486485887304,0.2238375753094436,0.313841950257561,0.00221902373662934,0.03074225882421475,-0.913655355759983,0.16711534757437513,0.16710061438714247,1.2473616345216132,1444.4491348720871,1.8418778345893256,2.1426608112995416,-0.009157898906645721,0.21101446847225724,-3.2952010809376437,1.116890998098739,1.1168534525718283,-0.2591310761189844,0.5973586192915058,0.07030386288357665,1.4328489950639893,1659.2446679589107,1.7189536485565782,7.918462117357727,2.4787661836275814,0.18752242470457683,1.1970167062593526,2.0833593784123754,2412.5373694557866,1.8612595602230362,3.785506092298724,0.007348191738130319,-0.13015263339751595,-3.4435835959199768,1.44340339972379,1.443384695225904,3.288817423447697,3808.4620099227054,2.3740172336500835,7.259846165380721,-0.002771137596343529,-0.2449919108034436,-4.197872080764237,1.8135118148639877,1.8135096976436869,2.2048321416479997,2553.203271882971,2.2300260310284044,4.099775548396487,-0.0077569018406527706,-0.46224478276013825,-2.865278153323897,1.4848879793351972,1.4848677185688965,1160.0
participant_02,run,participant_02_run_019,-0.03626497122086096,-0.37292288396244827,0.3195574299119721,17.079428623290166,21417.66178847637,5.533525107837573,25.12678165207588,8.07516148976992,0.3821262578926424,4.1327265362336965,20.75181298826939,26022.84002757009,6.4058464287840895,13.06687157117016,0.019212744576389065,-0.06701085044038775,-12.726248831034258,4.555456301823512,4.555415786541267,44.609430821693074,55940.36818464812,8.695569392312672,24.1137434882656,0.05804005328683522,-0.6918190258109584,-16.031699918803838,6.679281358759984,6.679029182575344,16.92224589827609,21220.550460726285,4.914163660099437,13.584327135774624,0.020838031938449582,0.41040057768217353,-14.914138892489866,4.1137185272999846,4.1136657494594875,12.49806591796875,0.40447228567215826,-0.6983895335333663,-0.3243469849538766,0.48153827647356706,603.8505406775091,1.0736714472136963,3.0588521810088953,1.4770864846049199,0.057758526184951635,0.6939295904294376,1.7852371763046055,2238.6931061032155,2.295613180657053,2.5430751870372315,-0.015024620749511781,0.06646998255858935,-2.542830784692692,1.3362121521424928,1.3361276796416597,0.015489618133025743,19.424030772148996,0.1647597683937828,0.1945391435539047,-3.4472537872139173e-05,0.02228449224004915,-0.3720081799190698,0.12445729918884474,0.12445729441469368,0.8619871090589689,1080.934583336101,1.5776873473646957,2.0194176514432387,0.01957333805115046,0.17560056161821705,-1.895432994052783,0.9286389097067995,0.9284326087869647,-0.28225244466295346,0.5042856157004225,0.14022336575241565,1.633751895593646,2048.741764469797,1.659046525221573,8.20497388377002,2.478427688005139,0.14716329851791984,1.278183044635488,1.7990685996093483,2256.0377475879545,1.8810129678093657,3.1723268124103208,0.012226715197282004,-0.14692167058562985,-3.6046627633769415,1.3413493550055717,1.3412936291540896,4.191191915417589,5255.768062231514,2.413621468909861,8.091836513933847,0.008886202021296296,-0.1684913958352683,-5.843399509565823,2.047259358265081,2.047240072736363,1.785866713673752,2239.482568012223,2.107902944672102,3.3545782175471808,-0.00012005239338866205,-0.358010613840411,-2.847707320145252,1.336363247057599,1.3363632416651365,1256.0
participant_02,run,participant_02_run_020,-0.055332336855451206,-0.35399775843584275,0.250738398535958,15.801834730359571,13526.38894624459,5.3295632856926325,20.87415343190113,6.910575858257539,0.4409753967876286,3.9751521644283723,16.281691726515838,13937.147094228245,4.9857637541351565,10.614449075117587,0.01962045857438312,-0.0248882245943661,-11.512561986013438,4.035105536279133,4.035057834345852,32.37028856389977,27709.00473830724,5.769678945559437,19.47058860236819,-0.00699897991049528,-0.5573898152283631,-14.946532355501986,5.689493611000856,5.689489306071308,14.902411914404418,12756.48196750864,4.305595794287831,12.142853955587965,0.055382941029016794,0.4077231406578177,-11.920842572554902,3.86076147729453,3.860364220433665,8.524571777343752,0.1382484417548209,-0.7812390299644201,-0.08203584389252523,0.7816360696122817,669.0813865858631,1.2160012353457856,4.927843360483187,1.4206510579427214,0.06333212252384929,0.8841018434616466,1.5933466592328052,1363.9065973506692,1.8531117891729487,3.2039801977494804,0.027074769946681634,0.0727840209579028,-2.875035343686548,1.2625686921512314,1.2622783604390932,0.02339090340672194,20.022640578279162,0.1381299566007801,0.3817595152202583,0.0015969513657812717,0.0271892861138362,-0.7524068874385239,0.15294918653064687,0.1529408493723045,1.1798213278889773,1009.9284317560969,1.5907634667470334,2.350025438274017,-0.0509020048349805,0.0499069585565059,-3.6768499384662903,1.0873878526014522,1.0861958055014653,-0.26469622033274065,0.6005946021105988,0.03638714406438866,1.6800545326185756,1438.128638027016,1.755712438196717,6.781160376994255,2.2322058954935216,0.07791158291416986,1.2961691759251859,1.7738731166507262,1518.4374553042064,1.7375445162833838,3.349075731017757,0.0200159746428648,-0.025567880752473,-3.0379535855952198,1.3320186770055553,1.3318682805182824,3.3245596841992517,2845.8269644527454,2.0204895420681064,6.684505014226544,-0.0013099904927257118,-0.140608228192482,-5.597043463955708,1.823337983006536,1.823337512420356,1.5627601324373779,1337.7244947651504,1.692049800543845,3.883956045823105,0.03467569597365933,-0.1871266856489957,-2.7204379319059364,1.250584877698685,1.250104048644503,857.0
participant_02,run,participant_02_run_021,0.31786802933635727,0.2891287956925823,-0.2870989671934467,77.41611817687199,58527.022306522675,9.80089895668101,47.18048900943578,12.883949180387296,0.33404633140323997,8.798642973599508,29.266893727996738,22125.926460698392,6.493791367628486,13.665122763633898,0.04453327788685024,0.2389576434870854,-22.720910783295285,5.410071805515716,5.4098885134535575,173.89891791651894,131468.49766950248,13.053568308335345,27.34097124302645,-0.049388216186963936,2.638570558549759,-41.799260586112574,13.187166379189165,13.187073895164119,40.24198290699846,30423.150925164406,6.64145672743785,28.73289656051076,-0.006906476878073315,-0.5379567228936251,-24.634202121471525,6.343660662931248,6.343656903316766,7.538566162109375,-0.6114600752968473,0.7006806501151803,-0.8819398890621323,1.4578860754588594,1102.1696036360397,1.986343017112527,4.877267899418971,2.4920268839297974,0.15307114121038007,1.2074295322953053,1.5796997491081457,1194.2613361099436,1.95786618896187,2.603963299056525,0.021883676679839478,-0.06541859909750365,-2.2828907567927543,1.2570515679212104,1.256861069931019,0.38909928364257634,294.16111106158604,1.0193886291890486,1.5087480730188605,0.0018141749580578425,-0.1266697109883645,-0.92991172813168,0.623780870878031,0.6237782327418746,5.698800602802567,4308.323330666509,3.8336828712401987,4.467011265176898,-0.001497864686688291,-0.04425258665188965,-4.653366870165488,2.3872165478651466,2.3872160779457245,-0.7464340665135087,-0.6488694024234074,0.5392063301029862,3.567632998808405,2697.1498610710137,2.6309036086131092,9.88531959259949,3.1290204215160955,0.14299844337681458,1.8888178839709255,5.702599013766509,4311.194899296652,3.228644865193118,7.002287863999766,-0.044803808583580594,0.18040486655302534,-6.9282752705008654,2.3884317857184247,2.3880115187675517,4.457149736098699,3369.6287138801,2.9084208475846145,5.211337508438872,0.017383726908021303,0.20228310715102615,-5.742426010306841,2.11126784896183,2.1111962808082763,3.1961527326743324,2416.30828796529,2.1298744230223337,4.2052807774941945,0.01381084026487383,0.0901796544823736,-6.53140146432948,1.7878320592223291,1.787778714683205,758.0
participant_02,run,participant_02_run_022,0.28963875763484687,0.29011912466940765,-0.3707675136196006,64.68739095716337,53433.33294932944,8.758159000426812,49.35962912911475,11.815167858588646,0.8029085203121472,8.042847192205219,24.130218121103837,19931.676580398438,5.269879238437995,10.061589838944112,0.0032226694251939617,0.46945706403669096,-19.037135540953727,4.912252895230666,4.912251838119035,143.38550428503484,118437.11763589273,12.506438872528229,22.94157764187926,-0.03758256226244481,2.06918728474111,-40.81542231975747,11.974427616133518,11.974368638263766,36.76757514171748,30370.194263092297,5.890349910248538,27.96333273011389,-0.029361562441339657,-0.23313152488493744,-26.483695461204864,6.063698313988459,6.063627226480655,8.23586865234375,-0.39025428828673847,0.5055852699866153,-0.8732833300095554,1.2402051685371447,1024.4156384655164,1.7963136818483303,4.8334331442309635,2.283674734794207,0.0867703823221177,1.1136449921483706,0.8103378966227801,669.3430125554759,1.1916722729015325,1.9354006546732916,0.014332295278906233,0.04309171477227655,-2.23732464855204,0.9003017890189611,0.9001877007728889,0.3249982445390063,268.4501188601885,0.8427483547120997,1.349532652343619,0.0025478491592127845,-0.1152781131032738,-0.9155774853870156,0.57009186634642,0.5700861729063478,5.319501493122813,4393.934056905997,3.7097506340488042,4.740396849081599,-0.018053320100120042,-0.19538395164043776,-4.5935689554562895,2.3064751061933118,2.3064044513317286,-0.7390003760599538,-0.5665885325452485,0.41231880111204083,2.8543296824225872,2357.719827760364,2.495840317791358,9.84706397985597,2.9826670525809904,0.18837847993890594,1.6894761562160583,6.093627850034112,5033.365976318227,3.4618470097643557,7.388191558693929,-0.02575558745851829,0.15848551215499196,-6.313491202086101,2.4686618238064617,2.4685274659266225,3.6150901771944937,2986.081909169647,2.846364903577432,4.325390238009423,0.012249278815432361,0.3378385155452014,-4.575803957310563,1.9013785057231483,1.9013390484588732,2.0410997796031674,1685.9582547422958,1.5183452670713544,3.747413002846746,0.0011077121257925936,0.09926407565221129,-5.4282508581173445,1.4286710631315107,1.4286706337022426,828.0
participant_02,sit,participant_02_sit_001,-0.7360463894741508,0.9104390759931831,-0.7120883454750685,0.06783724245822785,0.4155031100566455,0.3558475818137028,2.9119485768774775,2.661735502729544,2.1478606227059798,0.26045583590741034,0.017521166786837288,0.1073171465693784,0.09105331284403795,-0.5541626995190978,-0.8541491866752506,-0.8838304149538279,-0.981448493140936,0.8643448385250121,0.13236754431067038,0.03846989773315198,0.2356281236155559,0.30714141084998836,0.201563167438656,-0.015959639545530115,0.0551043398454785,-0.3371744378030299,0.1967856900985822,0.19613744602485264,0.05924311648141468,0.3628640884486648,0.3538102230444551,-2.047564982002973,-2.511496248206496,-2.625352010476589,-2.7520541443288327,2.523263070160684,0.2433990889083496,0.05975317382812517,-0.9995628971053294,0.9938886366537505,-0.9958113554288973,1.8459804733606098e-14,1.1306630399333737e-13,2.1646585679491182e-07,9.806650300857374,9.806650105476267,9.806649912755175,1.3586686400151472e-07,0.002367879354017166,0.014503261043355144,0.07011895362585818,-2.688633811558783,-2.7678290123298765,-2.772061159569025,-2.8368559955626726,2.768256729577117,0.048660860596758525,0.016628982548050866,0.10185251810681152,0.19354593826495137,-1.6714533491708337,-1.8485676986537876,-1.836390521132201,-2.056279034334421,1.8530600419452714,0.1289534123164287,0.00013261550875765513,0.0008122699911406375,0.017675941944123252,-9.203985719901322,-9.223512174645066,-9.225710644975305,-9.237363088846203,9.223519363634171,0.011515880720016821,0.7462552095468578,-0.9775484894502146,-0.8640918234047165,0.012438302377046755,0.07618460205941138,0.16519802566824193,0.9147523519110462,0.7417255224441316,0.5794181564620742,0.11152713740183039,0.01119300267606039,0.06855714139086988,0.15582042932510376,-0.5151765942573547,-0.6854550327573504,-0.7006164193153381,-0.8321863412857056,0.693571629039453,0.10579698802924585,0.0009778905160756758,0.0059895794109635124,0.03282004594802859,-0.2319806814193725,-0.2649521401950291,-0.2533989548683166,-0.327586829662323,0.2667911676011821,0.031271241038303484,0.008811946470098118,0.05397317212935096,0.14847906120121468,0.1921578198671341,0.03954712168446609,0.0280206967145204,-0.0781501531600952,0.10186226633854209,0.09387196850017644,7.0
participant_02,sit,participant_02_sit_002,0.18441208622771194,0.20501647940015488,-0.1900333113237416,0.0986393919437832,38.07505951553727,0.5030718733121675,1.6497629575627604,0.36125215953478707,0.008227199459306549,0.3140690878513567,0.09018582092565602,34.81195931498601,0.2360969399201061,0.8474596780589323,-0.01843427737227496,0.0052549728506218,-0.8973674511859178,0.30087479706332,0.3003095418491661,0.06786675105583065,26.196740821857475,0.18887568817701972,0.9867614383482972,-0.011608139502402507,0.0062468418629027,-0.7996542217242404,0.26077097223145423,0.26051247773538727,0.07042777433704486,27.18530240898163,0.13369608022340335,1.1589855671531328,0.013696602091528709,0.0028924127856812,-1.38271282625451,0.26573552876101936,0.2653823173028769,3.84401611328125,0.1670952705059839,-0.84087550569046,0.03496015703824524,0.04279381105812103,16.518521361762186,0.3430388691710054,0.8202392228201899,0.31352323818764477,0.0317651840982107,0.20686665042514957,0.056957167657776885,21.985613512725728,0.2901547753089404,0.4804600390456653,-0.013986516761470141,0.0099790589694142,-0.4870900194005008,0.23906649767145494,0.23865700839861562,0.02715138628052408,10.480505082081985,0.2620377773074744,0.3754622184499068,-0.006175764118375628,-0.0241691503774156,-0.2479089535384494,0.16489246903048635,0.16477677712749475,0.05650774610429017,21.81213563477689,0.18403002762309129,0.6853843325645885,0.015510292893166907,-0.0117582118587654,-0.4572923161898291,0.238219048965279,0.23771357997449402,-0.47149139679237484,0.5111598744289925,-0.18389293010694535,0.01383297436801992,5.339563758051484,0.21490571415243268,0.47464981161241077,0.15091701619461453,0.0042652740841237005,0.1176136657366818,0.011399808671723613,4.400355528235499,0.09085216281790065,0.389812326884933,-0.008207068553092051,-0.0046451615261506,-0.2637833847378745,0.10708484788222267,0.10676988653980865,0.011035736769383993,4.259822835602761,0.06313813776991925,0.3948798603708872,0.004425218626352425,-0.002801403890416,-0.3176708134983685,0.10514427863310019,0.10505111503160731,0.014007025605792187,5.406747984417242,0.12895864639425508,0.301766682976878,-0.008911260521357064,-0.0075847603703605,-0.2832909735251883,0.11868629310022151,0.11835128054141276,387.0
participant_02,sit,participant_02_sit_003,0.0292582469114649,-0.02521738090205679,-0.9824892356458559,0.16839147908208282,1.7440856846749095,0.6970599384591099,3.1624024143950242,2.466235849156164,1.906293842419926,0.4103553083391061,0.6770088680201826,7.002760201831721,0.9919432183440775,2.0335586684823035,0.7966825120504945,0.6957960066519677,-0.9759589558139444,1.1452999140082343,0.822805486138846,2.439810265357919,25.27217962525008,3.142748356199637,1.8430600620239967,-0.38978321015064915,-0.6168966574601829,-2.27608118442744,1.6098885726264611,1.561989201421674,0.6949612145341045,7.231380944555515,1.4834288777410984,-0.008120178091526,-1.2854168269127604,-1.2172715114474295,-2.4735785637319085,1.5320762492267068,0.8336433377254955,0.10954418945312505,-0.9625845893656567,-0.937462359569868,0.9965746923274967,3.29007948845661e-14,3.3915705198385477e-13,2.1154595408745536e-07,9.806650301835736,9.80665002991649,9.806649674957972,1.8138576262917138e-07,0.0018146248569116188,0.01939938738794104,0.03370433587692645,4.473177971728146,4.4131874429212266,4.423382990337163,4.308837012094259,4.4133930293159365,0.042598413783985184,0.02090131095161472,0.2196261283678879,0.2131276407651601,5.226322443890571,4.94391624584645,4.907306032460182,4.763311256892979,4.946029635666983,0.1445728568978794,0.00566611231791365,0.05923285471457368,0.12486468929201333,-7.09153471648991,-7.22658090031743,-7.247204001629353,-7.312450673043727,7.226972922403307,0.07527358313454761,-0.06854102231877837,0.8078578403114561,0.520619232776375,0.032859065343617065,0.3425159489013441,0.30051526650178684,0.9680242790568063,0.6335343353375479,0.4432644178949201,0.18127069631801238,0.02570843954289183,0.2661322029668831,0.3145356103777886,0.7728931307792664,0.5614662120739619,0.5502676069736481,0.3542160391807556,0.5839115916331641,0.16033851546927777,0.012178688178923156,0.12655411337740005,0.1554860770702362,0.4515085220336914,0.1967861683418353,0.16296467185020444,0.0555192381143569,0.22561800510948657,0.11035709392206355,0.03959699369702293,0.41268007214806507,0.25663503445684904,0.4718986749649048,0.052645936453094094,-0.05768532119691365,-0.1189344748854637,0.20583631439094063,0.19898993365751677,12.0
participant_02,sit,participant_02_sit_004,-0.0974322831524552,-0.13311602349812868,-0.23223830071180948,0.18243834087220268,73.70553906788928,0.5031185001541448,2.079180636582459,0.4030412102335588,0.004720898745479516,0.4271280146188057,0.10969239247397146,44.315996737791046,0.19987400315924342,1.5921357266533338,0.0019670393813157904,0.0040950401779617,-1.304321959124224,0.3312042598124292,0.3311984185861573,0.12340117396802171,49.85437822685901,0.197302339967467,1.1268915492561984,0.0026525483633379394,0.0100140592664926,-1.7976857484347322,0.3512950469062175,0.351285032371181,0.11163851564278017,45.102235291396596,0.1758210928361918,1.0816994189693718,-0.011729052698898667,-0.011223012769872,-1.5916751914478586,0.33432930819776135,0.3341235035773152,4.023233642578125,-0.3606696773923154,-0.731272617386617,0.4353026505152693,0.05832426580070526,23.563147039312028,0.44747547755857164,0.9570894151667145,0.3587501574383894,0.02809030432494314,0.24150417346436326,0.026224392741042418,10.594719259481487,0.1244837838194344,0.4399017206793928,-0.0021184979446268793,0.0133361275955899,-0.4956541325260666,0.16195332900123977,0.16193947246129467,0.07150657917354801,28.88883411069264,0.333267527055675,0.6105375288244133,-0.01060971140152134,-0.0442865163271516,-0.6268374303219953,0.26761753520569537,0.267407141216438,0.08915718349285638,36.0197217300881,0.345002236743482,0.5546845578434928,0.004553223667104075,0.0092350146879785,-0.7987207074190004,0.2986267157148186,0.2985920017228465,-0.5354480083479347,0.4733174015093784,-0.1635393366505087,0.03907258494242789,15.785420554634815,0.3095102784146123,0.7816807307350371,0.20149050063106766,0.008957965617873674,0.1976678652245425,0.013627379502941949,5.505494884162692,0.122948860675014,0.3934353026692205,-0.00578046189124005,-0.0155360253561761,-0.3344310667383433,0.1168793961424255,0.11673636752504316,0.042736367163704,17.265597596124504,0.0729134284328957,0.7717689798049985,0.000271621627409669,-0.0022659551614813,-0.5931252426904118,0.20672793943251233,0.20672776098943266,0.023247641909075217,9.392104591468138,0.08136289497901611,0.3444668350674447,-0.00511181897962253,-0.0009962550307376,-0.5666211972692005,0.15255744033758448,0.15247177413893764,405.0
participant_02,sit,participant_02_sit_005,-0.02165546281839739,0.0623202395826347,-0.99711662935196,0.05441790275768043,0.5643234295629551,0.3009603854578611,2.7188026643713985,2.3002531294736093,1.9484102408489155,0.23327645135692635,0.6719098600473367,6.953938888561889,1.1409445700269192,2.0896774460673333,0.9688501710771275,0.9868908303253352,-0.8197998413309454,1.26908648800762,0.8197010796914548,1.7668958500746161,18.32918719471874,2.816163190015405,1.18353290797472,-0.46205568854858475,-0.40566199083477256,-2.185535528844595,1.4072637668165562,1.3292463466470825,0.5504634985173497,5.735792938042617,1.4750671459786593,-0.0849047270864248,-1.0973363388019302,-1.0780395663678646,-2.034320300504565,1.324617129200953,0.7419322735380566,0.1095439453125,-0.4933100832633656,-0.3612356835996295,0.9893047251430876,6.653991269056447e-14,7.708054982965079e-13,1.868455967724003e-07,9.806650470123412,9.80665009147972,9.806649573761067,2.579533149439341e-07,0.0007693735639802572,0.008082471564049886,0.02691818286813774,4.910668348500132,4.882478854877005,4.886011023236065,4.80719306871742,4.88255764347796,0.027737583960760842,0.0218312800175292,0.22924275010185258,0.227496796248853,5.478657621058821,5.201702040925871,5.171095938970149,5.010490074211359,5.203800092489131,0.14775412013723746,0.011340588741330841,0.11860121169147955,0.1857899903759357,-6.560913928338885,-6.726079161257545,-6.734315269523858,-6.876236599817871,6.726922139600274,0.10649220037791896,0.06482419480203819,0.5965912549202862,0.833014301231901,0.016644663496865563,0.1738616090569738,0.22086723830071597,0.8988165834477649,0.6787520921033824,0.5068922535341129,0.12901419881883375,0.010500859577673362,0.1081690238660717,0.17556416243314743,0.7544876933097839,0.6228743518392245,0.6400144100189209,0.4665923118591308,0.6312474299011501,0.10247370188332888,0.015653373105847326,0.16284356221685375,0.1385125581873581,0.4028143882751465,0.09933510054058083,0.05883911997079845,-0.0218427833169698,0.15975241877747778,0.12511344094799456,0.05271012644498457,0.5504219856690301,0.3352504074573516,0.4946345388889313,0.02539264705652992,-0.0972200222313404,-0.1719779372215271,0.23098682423359582,0.22958686034915973,12.0
participant_02,sit,participant_02_sit_006,0.1030680120135875,0.25833032897968145,-0.9305512630919669,0.3876794049126858,4.679844245017421,0.8868813243834657,3.406330896535982,2.399897078605004,1.542085521027382,0.6226390647178234,0.3479010008259405,4.199662081398852,0.6353340852960945,1.7307915271937846,0.7565451305901774,0.6464440928533672,-0.4907607791885733,0.9593026297501999,0.5898313325230701,3.462330676602214,41.79527745326959,3.8002988764137022,2.477221888670325,9.455765646236249e-05,-0.2728986572474241,-2.1752420983672143,1.8607339104620426,1.8607339080594554,0.8222446143633209,9.925667130528657,1.6299720226168632,0.0582324087381362,-0.9707463919362197,-0.479752186179161,-2.4120360075324774,1.3283799049295009,0.9067770477704654,0.11950122070312497,-0.6791746790362615,-0.6111829678649678,0.9958917249394524,7.75815268451662e-14,9.365198597737919e-13,3.867664748469224e-07,9.806650474262655,9.806650070219144,9.80664953815445,2.785346061895473e-07,0.0004194745007350102,0.005063656473158336,0.016863748778402687,4.670274661277234,4.641470209409869,4.645533895513415,4.581553298512101,4.641515396865557,0.02048107664980067,0.02071084113951666,0.2500094394698797,0.20018296512663358,5.52384934643805,5.238832965895534,5.209143930074572,5.03837001478374,5.240809258663523,0.1439126163319834,0.010395736644302172,0.1254913923490762,0.1638233655005692,-6.683325086998939,-6.866603454259724,-6.888702698159217,-6.998124611386657,6.867360390622871,0.10195948530814665,-0.3841271331263935,0.7780596263244133,0.21909689400676807,0.015981880564169867,0.19292412966747913,0.1721643902015373,0.9442170471507666,0.6660120100752864,0.5418118271616535,0.1264194627585874,0.010267859611698259,0.12394773388407185,0.1833631992340088,0.7624614238739014,0.6043245700689462,0.5568956732749939,0.4857342839241028,0.6127610020233949,0.10133044760435167,0.010979153384401634,0.13253406585456262,0.190764095634222,0.291404664516449,0.12902524214811048,0.1199623271822929,-0.0127946455031633,0.16621271460324621,0.10478145534588472,0.05640129934230204,0.6808442563463605,0.2332331836223602,0.5596222877502441,0.007061635072414716,-0.0950265079736709,-0.1956155896186828,0.23759454125084187,0.23748957733404227,13.0
participant_02,sit,participant_02_sit_007,,,,0.0,0.0,0.0,2.1498725304284765,2.1498725304284765,2.1498725304284765,0.0,0.0,0.0,0.0,0.355360082834959,0.355360082834959,0.355360082834959,0.355360082834959,0.355360082834959,0.0,0.0,0.0,0.0,-2.022790606230497,-2.022790606230497,-2.022790606230497,-2.022790606230497,2.022790606230497,0.0,0.0,0.0,0.0,-0.635601504060626,-0.635601504060626,-0.635601504060626,-0.635601504060626,0.635601504060626,0.0,0.0,,,,0.0,0.0,0.0,9.806650055400425,9.806650055400425,9.806650055400425,0.0,0.0,0.0,0.0,4.944803842335939,4.944803842335939,4.944803842335939,4.944803842335939,4.944803842335939,0.0,0.0,0.0,0.0,4.978582193297148,4.978582193297148,4.978582193297148,4.978582193297148,4.978582193297148,0.0,0.0,0.0,0.0,-6.850767812040448,-6.850767812040448,-6.850767812040448,-6.850767812040448,6.850767812040448,0.0,,,,0.0,0.0,0.0,0.4380074737670193,0.4380074737670193,0.4380074737670193,0.0,0.0,0.0,0.0,0.350362479686737,0.350362479686737,0.350362479686737,0.350362479686737,0.350362479686737,0.0,0.0,0.0,0.0,0.2586593329906463,0.2586593329906463,0.2586593329906463,0.2586593329906463,0.2586593329906463,0.0,0.0,0.0,0.0,-0.0468191131949424,-0.0468191131949424,-0.0468191131949424,-0.0468191131949424,0.0468191131949424,0.0,1.0
participant_02,sit,participant_02_sit_008,-0.1957212592560563,-0.1420226574058472,-0.1403341659602958,0.21188851312467197,85.17970675263578,0.6736459350792541,2.179224396346815,0.43477377511834675,0.006823259716997192,0.46031349439775493,0.13005846087787504,52.28382319978913,0.2260809145201878,1.1442221642522352,-0.0024949871608966486,0.0066850710254908,-1.0206400156053888,0.3606448195091787,0.36063618908517076,0.1680363313264811,67.55102112475858,0.15899133279035135,1.2987490881229908,-0.004327487256798547,-0.000941649147536,-1.871980582158232,0.409945189595437,0.4099223479227268,0.1027966281640561,41.32449896904997,0.1546689944492265,0.6536672380521094,-0.0006133351674921243,-0.0001218316819837,-1.778736372554021,0.32061971920654503,0.32061913256082536,4.003292236328125,-0.13893817143622134,-0.5398161004832971,0.6063362913838173,0.042952710593256616,17.267095977079745,0.3804095896709433,0.8554544594162911,0.30151745182235,0.014125484761495359,0.20725035728137264,0.030646926444601204,12.320140289458507,0.16038410052620095,0.3826760288557458,-0.007545970288877521,0.0165082464190048,-0.5341396163181735,0.175225192572877,0.17506263577531672,0.06063985965645757,24.377373680558467,0.30234475200731625,0.4766393117275797,-0.005228465635675436,-0.0082500112827543,-0.6955258500800993,0.24630711826774518,0.2462516185864726,0.04240238748020595,17.04586472344745,0.2525153308780762,0.4030056142614109,0.009593343782594127,0.0226890883619065,-0.5847822761945989,0.2061417466820755,0.20591840005255954,-0.4396494149599354,0.08572253324383151,-0.025003517844652025,0.02962384482548202,11.90885894619235,0.24621196994388145,0.9824561339558964,0.1795009481863551,0.003312624307784065,0.17211578900694155,0.012251049643771062,4.924952281176274,0.08808726102301205,0.2547756764711389,-0.004403602884763644,0.0009397312869918,-0.4564831235561882,0.11077202427570673,0.1106844598115339,0.029789164492737105,11.975317861635991,0.0653582210572105,0.8863584441814688,-0.0008587661442984459,-0.010571477181901,-0.4374380554731478,0.17259751438542703,0.17259537795878865,0.01977454644709709,7.949416618630175,0.0713014453454071,0.4626155430546384,-0.003089570199884717,0.0028643526675678,-0.4648617133723872,0.14065593443263283,0.14062199844653428,403.0
participant_02,sit,participant_02_sit_009,0.17128560837831594,0.3526152380269246,0.31685564786890935,0.059149120579431703,20.702360240075468,0.3199329460096074,1.190220307822772,0.3317330587172912,0.008782379556906847,0.2432059221717919,0.04188626232650215,14.660310809339176,0.19760648873619455,0.7350810325614239,-0.017834858843783094,-0.0125319873394532,-0.5101500571452166,0.2054369599572575,0.20466133569021325,0.06531592267279972,22.860758492078403,0.23993006201310896,0.8169309686531064,0.007135584183966131,-0.0111683049356919,-0.7901142806723561,0.25566939440309666,0.2555698000014863,0.06157770141372015,21.552370431453795,0.25197254463102764,0.6147189463920827,-0.006859858651263378,-0.0022291472798313,-0.9181599936574368,0.24824334648573254,0.24814854707154774,3.485580078125,0.09759746829808419,0.7477011702179005,-0.4443642564484389,0.05877507067448432,20.571441710702103,0.4357533597563973,0.8746472292665839,0.36343846198337465,0.030872547516404992,0.2424357042072894,0.010204889163049426,3.5717401982296937,0.08533745229238571,0.2652397456683681,0.006973128687754941,0.0011819724617265,-0.224228501860464,0.10125963503166215,0.10101925144767915,0.06734801451448424,23.571996409656165,0.32003724231035247,0.6199925782550154,-0.0009796222054303692,-0.0148571043659466,-0.5015703961153789,0.25951680903970287,0.2595149600976488,0.11281764469115564,39.48649614657688,0.38262685946275315,0.8072356693568985,0.021034585122471694,-0.011215621526715,-0.5834912875280974,0.33654137704364095,0.335883379599461,-0.5788280633195402,-0.6961926710686188,0.6704531359128539,0.02277401900289227,7.970971349929914,0.23110666221188303,0.774891256180819,0.17779428342299308,0.006720843840928838,0.15091063250444706,0.01920712940252611,6.722549856592667,0.18356773412322974,0.3130757037678518,0.008053075703256016,-0.0072286791986102,-0.2712739202032945,0.1388235622320955,0.13858978823321041,0.024877611863928405,8.707234827408646,0.1050326062994344,0.7270093331396023,-0.007682776898610373,-0.0085217705986759,-0.499178961224777,0.15791338424846144,0.1577263829038389,0.010160953562586537,3.556362613250637,0.10146727906417835,0.345947248216873,-0.0039056756893800326,-0.0013793381873184,-0.2777027956164506,0.10087719199688874,0.10080155535797321,351.0
participant_02,sit,participant_02_sit_010,-0.015940736541147266,0.2895101786678276,-0.3488682096263729,0.33119392321167546,25.837265934550835,0.8855152190513566,2.791372579614441,1.2544453124013424,0.22376878006345605,0.5754945031984888,0.21646793368168346,16.887204676342332,0.5126552419005275,0.7092408581406939,-0.09155665633909235,-0.0422113212707199,-1.2362371193818091,0.4741840939990271,0.46526114568238286,0.3574363404279345,27.884502507634238,0.9418286981351409,0.8630670994639942,-0.2747701915861035,-0.4623299350349824,-1.40621851455342,0.657977962102226,0.5978597999764949,0.4816762122271509,37.57676550637062,1.1566933843293221,2.463388789843264,0.874851529790255,1.036077123780265,-0.5116788741311882,1.1167100838639816,0.6940289707405238,0.7767578125000001,0.7694028967541334,-0.7767204491371277,-0.9559182504515562,0.03941542978074836,3.074896215770631,0.37787100757310355,0.6953791410761834,0.3971168034857777,0.07004117557018205,0.1985331956644741,0.061679720302546065,4.811789180102375,0.4547297849521988,0.5927163736678067,0.20343000832842595,0.2189362040298108,-0.1849488569696137,0.3210350270469712,0.24835402211872082,0.0021545611689884774,0.16808270319571358,0.06593795405594485,0.1024139778243587,0.045778176034997016,0.0570672680547717,-0.084352070967369,0.06519357767510271,0.04641725076939044,0.02752670351773413,2.147426958177234,0.18223184743532606,0.1535668312208946,-0.2495531821328809,-0.3149109052482645,-0.4710940517515073,0.2996723114176233,0.1659117341170724,-0.4685008314062885,-0.6952482227944011,0.6629880244364699,0.019002684051024395,1.4824468895305403,0.13849236796030973,0.552061497306322,0.2469988293183431,0.038135359396294484,0.13785022325344415,0.009664167950366126,0.7539259022279374,0.15712488824387114,0.1827077176671774,-0.06705479642468744,-0.0601611188979491,-0.24523310187511,0.11899795659557522,0.09830650004127969,0.029033393846266273,2.264967637431848,0.26433790956552305,0.3801625556535965,0.03453303895870708,0.0445651201877898,-0.3230868434298301,0.173856045698704,0.17039188315840129,0.029820922628752917,2.326404726575587,0.2656336230142491,0.4243645314181106,0.076182312953803,0.0428112708044508,-0.1618144749831589,0.18874497989547723,0.17268735515014674,79.0
participant_02,sit,participant_02_sit_011,-0.0995383137627653,0.07593292301163808,0.13122040118622733,0.13582479001083475,43.19400740095729,0.44867163135620036,1.8303354057425762,0.41976775323729604,0.01985182027102346,0.3685441493374094,0.06839290895132911,21.749796630199736,0.1946942854769361,0.94485796483404,-0.002728262197112799,-0.00754021284581445,-0.9274187298216392,0.2615346102640056,0.2615203796099438,0.0971728856977682,30.90218709566977,0.22711335516712383,0.9469570017986032,0.011701535736288102,0.024875542625246397,-1.4135879026265097,0.31194520614421345,0.3117256577469493,0.14631614674984558,46.53037564679824,0.30006754268877084,0.9073906090534066,0.001856318015735392,0.028975787047751802,-1.51183044733919,0.38251744099638274,0.3825129367091335,3.1768603515625,-0.11795963300446453,0.5476467088594275,-0.47490663323777443,0.09057667678824767,28.804603730334108,0.42656137405717354,1.1197000780740922,0.4680982080649791,0.042908093259830755,0.30095959328163585,0.036248703121812116,11.527544841007831,0.10419194609561666,0.6544493299038616,0.005471745939884756,-0.006397964312437851,-0.3277332619103145,0.19046953332604863,0.19039092184716191,0.1424044778993372,45.286424654943005,0.5031723898936462,0.991068484538378,-0.005433077200210008,-0.01890980018960395,-0.6368095952213454,0.3774042875050582,0.3773651784403765,0.12975802599261138,41.26472380761847,0.4324098574620191,0.8327179140214245,0.034956313258656335,0.00805533480528095,-0.6839400047504285,0.36191154973176626,0.36021941368090005,-0.5414464932140267,-0.42851442759096575,0.17220586495675647,0.031201396257554255,9.922434260980157,0.25728173622539774,0.9522459871926056,0.23115794461434822,0.004572434118351254,0.17663916965824497,0.039266495100049745,12.487233687433822,0.2632925528753189,0.4691350941298563,0.007444453436006549,-0.00725848822544525,-0.5324074068966279,0.19829754155563964,0.19815775306570707,0.014806983820075881,4.708806449982949,0.1103305730547579,0.7988346852988626,-0.00477102799286532,-0.0082848717892533,-0.2804880406614748,0.12177744671401428,0.12168395054433383,0.030457539610605953,9.685876944389802,0.0979539140051138,0.4407316747106677,-0.005117664514518621,0.0020252310588449503,-0.637644040871777,0.174595905165869,0.17452088588649198,320.0
participant_02,sit,participant_02_sit_012,0.14943769578656083,-0.16574580899657249,-0.12180522999188995,0.1699031380178949,70.68132355866403,0.6052993247832603,1.7838235647738598,0.37952384796071764,0.0053317435500085785,0.41219308341831123,0.10949690530842082,45.55175610631422,0.12104078118751056,1.3773382520868205,-0.0008147643794600859,-0.0035741137240859998,-0.979305411254668,0.33090416913271864,0.3309031660598321,0.1359704435385508,56.565010822619676,0.123308392683918,0.9830599057350332,-0.004972288171332574,0.010025459237932001,-1.3446463525448311,0.3687752258330399,0.3687417030097773,0.06821257081589917,28.37707995114869,0.12188786672795814,1.088377326478064,0.015368215097440767,0.0065399716226792505,-1.0000975505168643,0.26162712560279444,0.2611753641059952,4.152664794921875,-0.2613477850268411,-0.8608843880530797,0.32822484891176257,0.05351671502975059,22.26352884435517,0.37960439062748297,0.8976067360308493,0.30632564815276087,0.02372066092323601,0.2313367999902968,0.060223413931833586,25.053559250312347,0.15416067548201737,0.4090160630551614,-0.010165009983268804,0.004852980264029401,-0.7918169785383348,0.24561502673858032,0.24540459232017967,0.04275913769219148,17.78822745496333,0.2964016079920798,0.4540986386311373,-0.0032062834850174996,-0.0256562572251205,-0.4364441722930989,0.20680768347906656,0.20678282736289172,0.0440487714561001,18.324739733050436,0.22705408278265737,0.570891865278419,0.014393991249413629,0.00041461880643834997,-0.4875286128179786,0.21037100189947355,0.20987799183358913,-0.5947747966915025,0.22036022676452113,-0.05859112630573579,0.06462578486346068,26.884942051499046,0.24968637166466032,1.4648842002256588,0.19651811198870714,0.006634168166672587,0.25421602007635297,0.010666269311253425,4.437269705691821,0.08583666284863888,0.4404867653595183,-0.004524320326858647,-0.0048329566343961,-0.3774969219039514,0.10337668395568436,0.10327763219232626,0.06618538421655908,27.533750240264844,0.05126991408573306,1.4476386736033635,0.0011882942667108675,-0.006830705000811401,-0.6964257268717975,0.25726794642905554,0.25726520210972775,0.02633779716133278,10.956775110600681,0.07325002755371626,0.3230792353861757,-0.005815582192448451,-0.0032513232915547,-0.6414088450811513,0.1623934055236539,0.16228923920375243,418.0
participant_02,sit,participant_02_sit_013,-0.2824607263215346,-0.6239656901622751,-0.5596296858059906,0.037456521265274045,0.15606883860530849,0.31380915974299173,2.7055682871678464,2.448419861312185,2.201854109250094,0.19353687314120285,0.02735175645061092,0.11396565187754547,0.2063051012687385,0.4344043934553861,0.24776614491313692,0.3066109572350978,-0.0291581438146531,0.2978922943208308,0.16538366440072286,0.004749626289022161,0.019790109537592342,0.06841843331828706,0.5304499616287648,0.4611103510384261,0.4816888533301651,0.3363359411522746,0.4662321118539592,0.06891753252273446,0.03359849390322984,0.139993724596791,0.28382629397511483,-2.1483219427376983,-2.3858972407650945,-2.4694530082345008,-2.631114811787009,2.3929279423738863,0.18329891953644964,0.03983569335937509,-0.9958711284341702,0.9884134090223695,-0.9981036855319205,2.033931269155013e-14,8.474713621479222e-14,1.9967541931009691e-07,9.806650157249452,9.806649922300878,9.80664976947514,1.4261596226071656e-07,0.0004643690285093431,0.001934870952122263,0.0316394392363728,-1.8242355345666408,-1.8537666910251975,-1.8526903524175284,-1.8845571706689888,1.8538919369216262,0.02154922338529496,0.007238050605025553,0.03015854418760647,0.12022957683727142,-1.6526031027503312,-1.7664590236763655,-1.7601267811410128,-1.892716657857597,1.7685065826659183,0.08507673362926878,0.00013820997819073385,0.0005758749091280576,0.01620002417266342,-9.447759989473225,-9.466029454944133,-9.46783364020884,-9.480914071056246,9.466036755255502,0.011756273992670206,-0.37109569590708935,-0.8869665111015316,0.6845307284948056,0.0034575785194518984,0.014406577164382909,0.07457824305395111,0.863458344247291,0.7965649237566119,0.6984367408885136,0.05880117787469821,0.007189581042489124,0.029956587677038016,0.12364846467971802,-0.5705724954605103,-0.6964591145515442,-0.7046110033988953,-0.807671844959259,0.7016016528518231,0.08479139721981897,0.0003543017171382521,0.0014762571547427168,0.0327158719301224,-0.1929751634597778,-0.21373729109764095,-0.2019013911485672,-0.2390018999576568,0.21456451552597405,0.018822904056979416,0.0018654062654614042,0.007772526106089184,0.054717898368835505,-0.2366159111261367,-0.31276994645595546,-0.3343198597431183,-0.3505042195320129,0.3157379382835117,0.043190349216710486,5.0
participant_02,sit,participant_02_sit_014,0.11176267582735123,-0.01480299970527121,-0.06419431489832396,0.18776983750623671,76.610551677758,0.6564392137137526,1.6433253106718164,0.4225230554403039,0.003910607266554223,0.4333241713846998,0.173194208611655,70.66365953845427,0.2338362081813532,1.6043392168432264,-0.01892118809556782,0.0004319915516654,-1.1153846575685231,0.41659599130404845,0.41616608296647023,0.11172921297395799,45.5857914036504,0.19693862200167891,1.554194668270127,-0.012962049993511264,-0.0057785006957779,-0.9081190814241332,0.33451042990315305,0.3342592002831904,0.08080368867302067,32.96810206075992,0.1188414431630027,0.992411090216256,0.00651410218150389,0.0030886144229801,-1.5235306747271078,0.28433452516402524,0.28425989635018983,4.063037353515625,0.06053675652167939,-0.49776329663130303,0.36071224167489746,0.025833597936200672,10.540170966745327,0.27426012909343195,0.6457437592882606,0.24845514972348673,0.02067882379326516,0.1607283358222833,0.0231974407541288,9.464612406808339,0.0774342548224338,0.3077376723038763,-0.010490157509587483,0.0065737009873798,-0.5971353300723867,0.15266788843337276,0.1523070607494242,0.03606378139841184,14.714110770994466,0.2498723625517389,0.375168111116092,0.0038769097682795402,-0.0097915822055307,-0.4154573824756147,0.18994423346804512,0.18990466397224645,0.027975146988272463,11.413928203280989,0.21551875030778028,0.379278280269014,0.014216764244386022,0.0126681752961969,-0.3624476666706361,0.16786084526730147,0.16725772624387927,-0.305398741174859,-0.2485270934433095,0.04397176545415688,0.052417428432048704,21.386438647662278,0.25963426096128644,1.4658780508127125,0.19785906854468235,0.003554242260292176,0.22894852790976558,0.008106383646885228,3.3074242995966046,0.068140331655001,0.2600038400339194,0.002176409171436207,0.0019394057657101,-0.3651460626753687,0.09006175883118617,0.09003545772019615,0.06273069360100537,25.5942759909019,0.0868166672908333,1.455592014516256,-0.0018806989146981261,-0.00384551232824,-0.5656356244569012,0.25046802316745564,0.2504609622296564,0.020682895215480127,8.438671694001782,0.069944521708252,0.3870241223068221,-0.006114997036632762,0.0027715794887325,-0.5169972224406383,0.1439454355102591,0.14381549017918802,409.0
participant_02,sit,participant_02_sit_015,0.7450904998705093,0.8334682484516379,0.7141076990223378,0.0049242383510767485,0.014280596409679132,0.06932581793498871,2.229708260307922,2.156868279659001,2.042507927983177,0.07017291750438162,0.028262673648480348,0.08606572653076179,0.23451255676243443,-0.1837131841018796,-0.44149497277084737,-0.4870102675486355,-0.6082461718842387,0.4724198182024243,0.16811506074257698,0.001672839154103736,0.004967554987107982,0.05960990763641902,0.3005738690279424,0.26176300379224116,0.2734328371893614,0.1996124717622995,0.2649390671615657,0.04090035640558327,0.002319910490113079,0.006415983802099763,0.04230038785189327,-2.0125275708913803,-2.0883754235580563,-2.0976535395130513,-2.145667044314742,2.0889307839685363,0.04816544913226782,0.029877197265624877,-0.9687056637926987,0.9600618202510214,-0.9994617258018927,1.2467405862469996e-14,4.65142708969581e-14,8.438994214543527e-08,9.806650237668068,9.806650051049408,9.806649941667606,1.1165753831457146e-07,2.1931408381710024e-05,7.09677950898877e-05,0.005917626545951071,-1.9704697596237064,-1.975713359365612,-1.974752624574676,-1.9828784286893903,1.975718909608382,0.004683098160588781,0.003671334844582589,0.011738523647614107,0.0813042914416644,-1.982575061828643,-2.0611925984043626,-2.0586132494356484,-2.1449688329175114,2.062082991191555,0.06059154103158781,0.00015337178489320286,0.0004896126704949916,0.016616642149537952,-9.36412016775608,-9.381608624304086,-9.382541082848608,-9.397232163763046,9.381616798366991,0.012384336271807338,-0.9760906746866096,-0.9885940958640529,0.9349064900165012,0.0017992805800008862,0.005658700775688755,0.05888547324312832,0.7200676758680224,0.6639211258018476,0.607287955270083,0.042417927577863654,0.0032077795139011656,0.010068467303185004,0.07888290286064148,-0.5455909371376038,-0.6223176419734955,-0.6238570511341095,-0.6959655284881592,0.6248896118718512,0.05663726259187643,0.000568372398467811,0.0016730321544833678,0.03619789332151413,-0.0673432573676109,-0.09167439118027683,-0.08638342842459676,-0.1265874505043029,0.09472363166993877,0.023840562041776845,0.0005633830913603368,0.0017721878684766599,0.032536536455154474,-0.1720300167798996,-0.20631908625364304,-0.20925109833478925,-0.234744131565094,0.2076799182489692,0.023735692350557985,4.0
participant_02,sit,participant_02_sit_016,-0.3875441838707793,-0.05454779447093775,-0.279276330426782,0.14434395899762775,57.44925654095335,0.4211785264210538,1.7972873006688568,0.3283851665605305,0.008398746729362645,0.3799262546832316,0.10087921764163794,40.15018081941601,0.12963408442070243,1.2872620655511269,-0.003557019281911019,0.0063188318379918,-1.264871365998215,0.31763480607107564,0.31761488888532596,0.10114950491624644,40.257755830428366,0.13973355936160095,1.616360425069167,-0.0028310365981809417,-0.003219665510442,-1.1793115008790538,0.31805269953966225,0.31804009954131013,0.050130316772284425,19.95199140116113,0.09827297272898955,0.730009922519098,-0.0010344709054175884,-0.0036470831581571,-1.0467658022195323,0.22390039504730352,0.22389800528875736,3.96345068359375,0.030407782235270533,-0.5457785830677733,0.5853795547855608,0.047442566763444216,18.88226017826771,0.39523297405803925,0.8197446611211061,0.32852764464904965,0.022513784246710373,0.21781314644310204,0.061223527817545635,24.3671171302027,0.1812673674199442,0.4173842584831006,-0.010110063432680137,0.0055762236825309,-0.8033232434095261,0.2476403464707608,0.24743388575040734,0.05136846019079977,20.444775577088773,0.3193342531178768,0.4516238718653607,-0.005581785616692355,-0.0274003971125779,-0.5416392480223898,0.2267148352478736,0.22664611223402834,0.042550016633255576,16.935012995077308,0.28085784318054563,0.4113179521057188,0.009879560071781169,0.0053806885028841,-0.4566435829020241,0.20651300767861455,0.2062765537652197,-0.4696112583761054,-0.09984277693897299,-0.14334408664352308,0.03589422543817992,14.285991459959208,0.24596043420419855,1.2393118117185662,0.18845534177465495,0.008145786790062899,0.1894577141163165,0.0113893375909476,4.532984834541122,0.1016063965823902,0.4042790967455894,-0.0038583342140152063,-0.0045261323190395,-0.4562823676157063,0.10679056294380436,0.10672083953449579,0.033974416490698836,13.52190269933937,0.0787919323925075,1.1397209304459046,0.002357495073689835,-0.0011372124884195,-0.3849538732177049,0.18433657877296442,0.18432150306108844,0.025978514209506847,10.339513601669248,0.0802236618108473,0.4338606359477026,-0.006850435351065676,0.0019505317076113,-0.5077320099891821,0.1613240300575397,0.16117851658799584,399.0
participant_02,sit,participant_02_sit_017,-0.15679733467969906,0.15151108271553027,-0.3395031868275917,0.21600782518292497,78.62919631682648,0.7567766061025403,1.9079096262599111,0.488571192250076,0.005897138272708061,0.46476642002507557,0.17052518701175234,62.07304234955603,0.26619554188854977,1.3882003218229408,-0.026751910965610297,0.0003088212874046,-1.2996454499811068,0.4138125804661626,0.4129469542347447,0.1815656292970669,66.09186277536729,0.21245365667819377,1.3787861797263006,-0.0108244325091951,0.00564906915116545,-1.4063730833039096,0.4262426511228235,0.42610518571952033,0.10177767999849245,37.04818182466508,0.13580229308676597,1.22938776674265,0.0028819598914456186,-0.00456378134209985,-1.2592143459624163,0.31903916012193295,0.3190261431270053,3.6348251953124997,-0.18877374682476833,-0.681805711373738,0.3193295492699776,0.0406056649901006,14.780952734759184,0.308873812066036,0.8454038636868461,0.3183538538542223,0.021578954308395615,0.20150847374267067,0.049305611510434284,17.94780645671854,0.19773379054333354,0.4610402577510449,-0.008882898830695613,0.01335229141543795,-0.6767893398116296,0.22222627522880964,0.2220486692381521,0.04786767856790149,17.42438766562312,0.28633202801596935,0.4081216254426104,0.006318406061870838,-0.00462149809482345,-0.4364756469887142,0.218878050117101,0.2187868336255669,0.044240694242704534,16.10411431001493,0.2714020277879693,0.4736205214888844,0.020543339214860158,-0.0030042866450717,-0.3475080786640182,0.21133556971982104,0.2103347195369907,-0.1563148248213365,0.03111740493731688,0.013918970106080843,0.04360760944586899,15.873646842737548,0.24032259398462397,0.9797872768912446,0.21907026128266585,0.007825391174291346,0.20882435070141842,0.012269826841654173,4.4663536522335985,0.11536926649984336,0.5376053597642987,-0.0006394420680973964,-0.0003406647699584,-0.2537635949348171,0.11077109608473062,0.11076925043374705,0.046921673988686914,17.079999469269698,0.0929449926044893,0.9790821691228572,-0.003257419737594368,-0.0043138756629625,-0.6291136362773343,0.21663860406685087,0.21661411308750617,0.03238739190535181,11.789362953069269,0.0892227797942471,0.5358284989654861,-0.003078379301886101,0.00089571285576535,-0.509307500087249,0.17999130069111144,0.17996497410705176,366.0
participant_02,sit,participant_02_sit_018,0.5276180113097871,-0.22829753894982543,-0.9475020228654061,0.02696931938322354,0.06068096861225296,0.1761370011608463,2.987456536602034,2.7552548825931904,2.6351825342803408,0.1642233825714948,0.042619550387882614,0.09589398837273584,0.22018735001832246,2.784577526792884,2.4926339773356916,2.349121578457952,2.3442028267562387,2.5011684660086835,0.20644502994231326,0.003887952988695173,0.008747894224564137,0.06767799021452658,-1.0115876108169557,-1.0588399706979592,-1.0179887100309133,-1.1469435912460089,1.0606743310443365,0.062353452099263705,0.17890386946951534,0.40253370630640967,0.5031760241255163,0.3321674232959747,-0.24211812421778836,-0.3843371709942818,-0.674184624955058,0.48736542300850166,0.42297029383813156,0.019916992187499982,0.9999676933948369,0.9999982846741355,0.9999808664302182,7.974091809103726e-15,1.794170657048338e-14,1.0429439711856503e-07,9.806649890655228,9.806649805367988,9.806649682066432,8.929777045987053e-08,6.62008932985512e-05,0.0001489520099217402,0.009960399130731545,4.33728481568247,4.32714949837625,4.326799662025272,4.317364017421007,4.327157147850206,0.008136393138151033,0.002287843107200332,0.005147646991200746,0.05856660912856437,4.110216766239702,4.050893639655411,4.049380604743957,3.9930835479825735,4.051176017270524,0.04783140293991314,0.0008596075930947341,0.0019341170844631513,0.03589373567998422,-7.775889437803626,-7.812375099317232,-7.813558950984477,-7.847676909163594,7.812430114889031,0.029319065351657,-0.2620459693392794,-0.34140119483875914,0.996535421525432,0.002508617820210976,0.005644390095474696,0.06089125088639058,0.8536515329629502,0.797049116254092,0.7318690311901691,0.05008610406301309,0.002421697046003936,0.005448818353508856,0.06025174260139465,-0.7295329570770264,-0.7906551559766134,-0.792396068572998,-0.8500364422798157,0.7921851252822201,0.04921074116495235,0.001702272935019327,0.003830114103793486,0.0485145356506109,0.1242052093148231,0.06753082821766533,0.0512111373245716,0.0271761380136013,0.07913713221227536,0.04125861043490591,9.895872945690335e-05,0.00022265714127803253,0.011940151453018188,0.0756045803427696,0.06226551532745356,0.0594676882028579,0.0517242774367332,0.06305515941182178,0.0099478002320565,3.0
participant_02,sit,participant_02_sit_019,0.03152016007722736,-0.27181985142837106,-0.10690851280634352,0.09543956368785284,34.9311396563946,0.4381998161276211,1.4075159090099554,0.35224129145521055,0.004727595488123183,0.3089329436752462,0.06308756363680008,23.090219724665666,0.13224587172559746,0.8685864130112455,-0.006945397005952414,-0.0127289267135775,-0.7033193345351758,0.2512683867428817,0.2511723783316949,0.08531709987092476,31.226290392703756,0.20462604076941143,1.1941574225285914,-0.005465334721522293,0.0102182045816036,-0.7851717119276017,0.2921420369521357,0.29209091028466594,0.07101767126200687,25.992660664696853,0.18278344109603722,0.6997218671253674,0.0036121878366425567,0.0060320997979119,-1.1561860024673436,0.2665158891379162,0.2664914093587387,3.6448354492187502,-0.044815623821994534,-0.7423357547325508,-0.11139395229815581,0.03306154405429924,12.100614965025835,0.21526832952788863,0.8202972491109521,0.2496200711113882,0.04433829772839445,0.18182833677482516,0.025756060722414455,9.42678821369913,0.08900142151164805,0.3975015026846279,-0.010993839513634146,0.0015303111195975,-0.4269838295389165,0.16086306359654473,0.1604869487603726,0.019860844548878202,7.269123074575694,0.19873224613977863,0.1884174391020175,0.0013695132980202707,0.0217992124477124,-0.3671135481819249,0.14093516280741175,0.14092850864490905,0.04926476409709407,18.03103753117799,0.1209677147365143,0.711753209007188,0.019165451041966604,0.0023806886299983,-0.3938461192447044,0.2227825814796482,0.22195667166610258,-0.30593088676564534,0.5724545198824948,0.007288422249248802,0.020806226988646665,7.615135616504969,0.22867360138056753,0.5954848426600958,0.17961057363496596,0.007425502401031743,0.1442436376019638,0.020055900278904262,7.340514001807978,0.1377207090246262,0.4038861036816655,-0.005861591782985665,-0.0043679621258183,-0.2920940885955256,0.14174010913335233,0.1416188556616112,0.01940859386388672,7.103598094926734,0.06525862813570905,0.5296711293904734,0.0046395264470189875,0.0012679846993985,-0.4623796097055199,0.13939196199759624,0.13931472952953222,0.013518337817294937,4.947748375743579,0.09978414427787645,0.3366007625535613,-0.0052411569485501155,3.310955085916102e-05,-0.2767983452010466,0.11638645773222188,0.1162683870073673,367.0
participant_02,sit,participant_02_sit_020,-0.5049877016811604,0.6582954353894119,-0.9773101347676202,0.07083409285839211,0.1905950513209839,0.3195919335108064,3.247531610221584,2.9095917817526455,2.521093021848131,0.26614675060648796,0.219901787994349,0.678535543858728,0.46818303667753947,2.608027950710058,2.1955625634707507,2.381436286607385,1.4113497299581763,2.2450827953794055,0.4689368699455706,0.253113123974391,0.7550947373637947,0.7595512704648075,1.4223966091513631,0.856725112015754,0.9308420492365955,0.1428197404384613,0.9935245550728965,0.5031034923098736,0.11744782968818629,0.3820160431914645,0.4446357184819878,-1.0900631816387176,-1.5464872453309595,-1.5396195515185593,-2.0166466966480017,1.584004617941351,0.342706623350332,0.029875976562500073,-0.9885387261139572,-0.9851922116060521,0.9997845261723135,1.0282160374483955e-14,2.7539399955614267e-14,8.769667481089982e-08,9.80665004932234,9.806649899934222,9.806649763979586,1.0140098803504803e-07,0.00019530440200863538,0.0006240986271978735,0.018003128071875096,4.17283864210844,4.157638442628086,4.160775133218616,4.1361648619666695,4.15766192998191,0.013975135133823764,0.004789567695793803,0.01529592442879781,0.09278437442034448,5.204304088827968,5.106557415825129,5.101348449005187,5.019228676462173,5.107026356776947,0.06920670267968128,0.001666393040733589,0.005319205702295074,0.05490443335920592,-7.209559038367867,-7.266418989709019,-7.268647771674393,-7.318821377119422,7.26653365278415,0.04082147768924575,0.9542325343302774,0.9728973356836373,0.9863513468952606,0.017146884822678524,0.05434776767553617,0.1785453488247526,0.9339060836370978,0.7670152740608165,0.5847683771264636,0.1309461141946508,0.011955524872244494,0.03757983394708949,0.15013165771961212,0.8685646653175354,0.7375548034906387,0.7509509027004242,0.5797527432441711,0.7456155933350369,0.10934132280270115,0.000648154634270674,0.0018950382687079662,0.03984380187466743,0.0733918026089668,0.03765182523056858,0.03369084000587455,0.0098338183015584,0.045451232958677305,0.025458881245464696,0.00936335625250257,0.03021472612818506,0.1263975109905004,0.3352456390857696,0.19516027159988877,0.18480277806520462,0.0757898911833763,0.21783224706972318,0.09676443692029923,4.0
participant_02,stairs,participant_02_stairs_001,-0.03191335381127486,-0.37702475021001114,-0.22324082167351395,18.174324422164737,11050.125606922256,5.699264488381865,24.930681880306775,8.053176324016347,0.4351756916184319,4.2631355153413475,15.972473906060289,9711.36872533129,5.915508795744271,13.231883074580605,-0.033185346664764435,-0.2578250383830003,-8.641242206180966,3.9966955317228696,3.9965577571280373,39.376211751054946,23940.994141910203,7.020393225013545,22.40505316335453,0.068056629601817,-0.18094339888097344,-15.2465225051756,6.275415799442114,6.2750467528979375,27.670855640143277,16824.062244890127,7.0670369604923104,16.0964688550716,0.05195246421147098,-0.44614673821765594,-12.662567891722723,5.260566005543597,5.2603094623931845,6.064721923828126,-0.6742208336039653,-0.8780345655755526,0.8960894707387468,4.972469214882835,3023.2937983131983,3.094864318764326,9.278901930446903,4.123146664754867,0.08087903464168883,2.229903409316833,2.1772999580463406,1323.812718056867,2.5735020083867974,3.533854595671533,0.04768034508961064,-0.1361524845101949,-2.0844585358323604,1.4763378249419083,1.4755676731503509,4.415357688646345,2684.5663343478873,2.096584186356972,2.1496532425516763,-0.040346496664133896,0.7421441740604279,-6.1554586350737015,2.1016625629342625,2.10127525294673,15.357426020555106,9337.415642913933,7.169275906245424,5.111472804330229,-0.1371958877419541,0.5088039577367407,-6.924565126120729,3.9212560146167976,3.918855192598357,-0.5683179971848122,0.7609338302878155,-0.2600578343429533,5.184329831171463,3152.1068676930413,4.115148622610096,8.454341139753621,3.0900888657617056,0.11243718360569806,2.2769123459570118,10.111430878035728,6147.816889559431,3.4850016162257043,6.36605852148975,0.09353125392135789,0.1235797777451756,-6.995842427879449,3.1812228739111994,3.1798476186817077,1.827821316409947,1111.327728262959,1.3739800068432433,4.281906966121073,-0.021216928350007137,0.21101999939753463,-4.784627382125242,1.3521358934879868,1.3519694214034381,2.783466862627411,1692.3660856739257,1.3726181102389783,6.558590223365877,0.032584028205958945,-0.22526492275713816,-3.454997534205962,1.6686906788022573,1.6683725191417567,610.0
participant_02,stairs,participant_02_stairs_002,0.16919585035273055,-0.39750306659864826,-0.39468637505928905,20.239281660135212,11941.314090189793,5.677198676615457,23.09633587162544,7.450590002802639,0.6137053916966565,4.498808915717049,15.983956594723336,9430.643184355462,4.6477272816793835,14.252537632462833,0.016049874805375806,0.0017886033309747508,-11.395319704258712,3.9980262872078027,3.9979940713717093,33.055556146160626,19503.001847621046,6.419830651455134,19.90277063747652,0.06602541666600845,-0.16151570475339322,-16.554213839045993,5.7497752566345195,5.749396154915804,26.70291792701953,15754.901946952423,6.456090194295203,15.297767812230314,0.05937531445928243,-0.630047556525684,-19.537177774289905,5.1678277211016495,5.1674866160464825,5.885455810546875,-0.534796753430139,-0.7816858019842515,0.9000510500593487,5.3567836710440595,3160.539066194561,2.631454409713273,10.432248336658283,3.8678481719882756,0.17777126975917193,2.3144726550650927,1.970420486115317,1162.5613648356943,2.094673556114809,4.062267083382178,0.049267797094026046,-0.28445875896085765,-2.456453810699572,1.4045810058326345,1.4037166687459819,4.861643669795408,2868.4028473897997,1.7964566886603983,2.1832794149962407,-0.02206054380567554,1.0344840440707421,-6.769620089422028,2.205023885899745,2.204913528870329,13.471835745386448,7948.474230318009,5.280786147230382,4.533266270739253,-0.10109039458046101,0.6558289361798941,-7.905388672734436,3.6717917987357187,3.6703999435192958,-0.621389830162922,0.7382178208757536,-0.30945197696645094,4.835211998997202,2852.808818332036,3.476695025584372,8.915915581460101,2.896075015872128,0.23515563712540918,2.198911548697947,8.359114570208638,4931.933893205995,2.3352096474523965,6.9745066518863466,0.06275461632263747,0.1548007312239889,-7.769800209185042,2.891894312051953,2.891213338757387,2.341350230287382,1381.4124064237938,1.7082798381342221,3.0069770179724657,-0.025389290989228357,0.33282934028111477,-5.773498980441586,1.530357751110608,1.5301471270068712,2.5154184968926927,1484.1138943172275,1.2967111989665996,6.744763502709132,0.04468155324626767,-0.252986674443599,-3.705435297136533,1.5866363597539268,1.5860070923210567,592.0
participant_02,stairs,participant_02_stairs_003,0.09645175460110847,-0.2750960338014793,-0.3376617031548213,18.252070434844434,10659.240280827022,5.6463187990889265,27.562955498911432,8.779657903686402,0.6207587128150045,4.272244191855662,20.057426367074022,11713.571226061276,5.022242039728351,19.96704641521565,-0.0782636091826078,-0.1145203481667721,-18.768879054149984,4.479235599920628,4.478551815829981,43.240715121754185,25252.65142072069,9.009721484307724,20.01501376468069,0.1182225633967962,-0.6245025708391345,-11.831978809248456,6.576829912370419,6.575767264871391,32.01514349765483,18696.898435981097,8.362389498363967,12.097274151919056,0.03281138683614986,-0.0966675199570483,-24.002850702034007,5.658287734355769,5.658192599908104,5.815739990234375,-0.658348881685608,-0.8398654873296382,0.9251838850736334,4.861986405071662,2839.4083574669785,2.5090269451278497,10.091891274538458,4.396732526750774,0.29022736338055516,2.2049912482982017,2.653541789896701,1549.672933527983,2.8193523665187934,4.199109967713324,0.050055826089802816,-0.3880116918394982,-2.4451529627161728,1.629738437793695,1.6289695484866196,5.929859821911898,3463.0482552112603,2.9174929377998335,2.376274504764388,-0.04703566524784182,1.3301530842761224,-6.514339807812598,2.4355845655031576,2.4351303500863968,15.58955355662448,9104.325880402412,7.4722615919968245,4.954107191827488,-0.12478064311417614,1.025246919700182,-7.62655412087366,3.9503321082562755,3.9483608696045605,-0.5921390969323092,0.7838678142013803,-0.35137123652315205,5.587675198084423,3263.21185096321,3.85210180988755,9.676109495615997,3.194736902738902,0.09133903418104855,2.3638263891589886,9.467129062362586,5528.819527930096,3.4652934345425574,6.2886700376534845,0.06424565368515808,0.0668751322584759,-7.498354776465615,3.0775406685176425,3.0768700106378537,2.771258122382021,1618.4194725805237,1.6445063701113567,4.1342708332195945,-0.014003122311966378,0.108064441175212,-5.852759738362351,1.6647685153847982,1.6647096210396637,3.549977847858097,2073.1931211318038,1.679228641625741,5.799855993275117,0.03647535814154909,-0.2043482547992727,-5.807096654997083,1.8844915228277495,1.8841384895644206,585.0
participant_02,stairs,participant_02_stairs_004,0.07303242679619873,-0.47562598077681295,-0.3662619285607235,21.34915405067152,11187.138845224705,6.3455371009341475,24.713581130566574,9.314028512453605,0.6259022055911481,4.620514479002476,21.460683097520242,11245.561067464265,5.963130474459668,20.273771575579108,-0.006475557636669429,0.10870308313148641,-13.43370502705096,4.6325721829634725,4.632567657090422,47.461449557987066,24870.159355822216,7.849571923680829,21.896618834436737,0.1562222629694502,-1.302188143064413,-14.026021674318727,6.890998110102364,6.889227065352619,39.135505243135896,20507.30211030371,9.54702932964253,13.006161400805343,0.1348923813009139,-0.6468394359766059,-22.814205515315678,6.257291842136574,6.255837693157959,5.2281860351562495,-0.5755570077910801,-0.8061520022436965,0.9122458181542871,6.81310371269834,3570.1179599133156,2.948554971605883,10.989703923455117,4.713744341170978,0.18808712576784076,2.6101922750438025,2.6763894217174458,1402.4483746249139,2.4531084381141075,4.125038941193694,0.08708854572780728,-0.270960738527109,-2.482640288167486,1.6382838082928215,1.635967426850989,8.557855734498277,4484.381539805585,2.751424093073602,2.6582877209935125,-0.05487342280799558,1.4408963729752902,-7.748052523353996,2.925895901605001,2.9253812972838733,17.76430946514124,9308.633011922464,7.604693381990044,5.039501992877408,-0.15277204566001024,0.9210965052020648,-7.929277606344691,4.217540605978368,4.2147727655404195,-0.6434165901968549,0.7507684158460088,-0.26013112144708145,7.24772128472337,3797.8610079766013,4.626465409656403,9.96010403651081,3.4868865469506396,0.10419245048743589,2.692159223508775,11.697774588962389,6129.723568010348,3.1023960951633125,7.205835033613975,0.08321783646805997,0.19742689423730914,-8.219637274979476,3.421213205468027,3.4202009573945196,3.7437850955159595,1961.7721348470761,1.7714325831794921,4.79737007134918,-0.010034233991306462,0.2590025916683659,-5.5524073100507865,1.9349123446212626,1.9348863262517413,3.9512033564628437,2070.460589398185,1.4865217269768256,7.115825602478511,0.07943639549548177,-0.07591378820138185,-5.442629294651694,1.9893500188232736,1.9877634055548068,526.0
participant_02,stairs,participant_02_stairs_005,0.14346891490459035,-0.16692691867281742,-0.4298115894717486,20.240502864805613,11375.309649505214,6.622084053170644,24.518874527851064,8.11087485670708,0.34533620626863565,4.498944639002087,19.2211823846039,10802.440480894451,4.669861749129396,15.937581807633595,-0.07069358944952901,-0.27528951163097165,-14.125706443917863,4.384766808872868,4.384196891632937,36.80780715873029,20686.24840271228,7.23314149048868,20.918440933794805,0.06990164204853265,-0.46088871827562183,-12.748557480328062,6.067346487410404,6.066943807118234,29.987884570924475,16853.40354543012,7.347160659350088,11.47614965996881,0.005989036625277317,-0.5588846575960045,-18.452888689483608,5.476122756064201,5.476119481067271,5.6066044921875005,-0.5622416797540791,-0.8009706500544258,0.901544509081235,5.661226162430397,3181.649715634932,2.70083714425778,9.727739531613729,3.9772788078104835,0.03081603801224608,2.379333133974811,2.58382921493388,1452.1302812855108,2.6086681767535556,4.440276493229926,0.06071344657837483,-0.2421078623766562,-2.391742046003428,1.6085755616474178,1.6074293810099032,5.102721923522259,2867.76646079292,1.6734477130510805,2.565257478635277,-0.034909711942760886,1.130717580635265,-6.304536415658983,2.2591902557133574,2.2589205217364907,13.774880899954505,7741.581332583796,6.050015688729005,4.362771741047729,-0.11677340662488368,0.8218467960382032,-7.69376408763831,3.7132892330721137,3.711452667077206,-0.5832320933292979,0.7745816374404904,-0.24848969708880883,5.307081224088745,2982.6204656923123,3.79639492812362,8.829387127490298,3.05329965706792,0.16555012990961548,2.3037103168776984,7.571528429177686,4255.2527421022705,2.44835782727811,5.66915013459887,0.07503267556775287,0.21077021583580535,-7.1958853425410725,2.752663860986398,2.7516410429374116,3.8345749516065166,2155.0582772528196,1.9233748029819204,5.597254007167593,-0.014623083059422259,0.138914801713157,-5.952897386071173,1.9582616745891444,1.9582070757727632,3.2154673484449727,1807.115532321877,1.440790775942368,5.267235959506109,0.04801618216426929,-0.0716638173534831,-6.191652543663858,1.7938151806121514,1.7931724257429826,564.0
participant_02,stairs,participant_02_stairs_006,0.05896391940480361,-0.44626854845355374,-0.47725801149087915,19.705726876807503,9419.502661033459,6.279401034187186,29.80673599409162,8.681287398176003,1.2321174861481705,4.43911329848738,21.91038132831539,10473.355281466862,5.465157735526104,17.766439643564127,0.1659171138206782,-0.4235572928934178,-10.753990714790644,4.683792247418108,4.680852628348322,44.81296824499177,21420.97802397483,7.883390681568935,25.859460299597657,-0.04490106983368899,-1.03499153146337,-12.159446538756027,6.694399476507508,6.694248893265903,28.30004509247418,13527.656421632815,7.874791329692014,11.694305594927398,0.13243302467602877,-0.585831956313835,-16.47723181886379,5.321426838593106,5.319778669500657,4.77009423828125,-0.5846643373170196,-0.8110954358371132,0.9129817688982829,4.971342758451749,2376.3430946928424,2.044763284232491,10.172099303748384,4.52781671325839,1.0125321002017644,2.229650815363641,3.6858387286220062,1761.862106684996,3.476671564222464,4.384178805114567,0.10172450333656954,-0.5000083078512536,-2.873898398516676,1.9225469053318511,1.9198538300146724,6.216030071278943,2971.314099880807,2.7272981008731896,2.553493349823152,-0.07812962091499503,1.1813979778057728,-6.417719334940134,2.494420635927963,2.493196757433906,15.51943219625647,7418.417393663241,7.241211505011755,4.289930259955428,-0.18631650198773855,1.0087526315795248,-7.760333042431581,3.9438744953623233,3.9394710553901104,-0.6583438408154626,0.7189089083025794,-0.2664211370655402,5.55382763692769,2654.7779023102353,3.7420820944559967,9.808316748333603,3.4778458572420097,0.07318129195033048,2.3566560285556504,9.063629924842983,4332.49040627343,3.334405223330413,6.881649444503213,0.09429964885959376,0.13911532648691044,-6.858646374212066,3.0120628062206847,3.0105863091502596,4.411914939374077,2108.9323279527816,2.3274406613239087,5.813999442951922,-0.031022896135326338,0.23366324914877046,-6.821909949705421,2.1006849738736886,2.100455888461854,4.157007189752444,1987.0839533293884,1.9049543168471503,7.50190695631638,0.08265921505753221,-0.1282528697997145,-5.690709033214804,2.0405488809598196,2.038874000460167,480.0
participant_02,stairs,participant_02_stairs_007,0.08951219390522101,-0.367086086717466,-0.33848022272313333,18.497515331836766,11357.60127972528,6.1800535889499795,22.454530499803997,7.817312629559914,0.6138097811254752,4.300873787015467,18.299416687481802,11235.960313582113,5.554739622748839,17.006482465036058,0.0039776052057897615,-0.09569913809764616,-11.226409561776338,4.277783597708629,4.277781748462841,34.584581107949404,21235.157573275534,6.769816340772697,22.084343325620974,0.05321802536856621,-0.6715952245510705,-11.617613894831717,5.881106466148487,5.880865676747718,26.707651581063786,16398.671610413036,6.699209484334029,11.0292761191642,0.11573557815729797,-0.3954615900360685,-19.097718228648446,5.169240399238093,5.16794461861423,6.12443603515625,-0.6850582781572635,-0.8640891291151366,0.9085719016550979,5.776753171345599,3546.9641640815844,2.9028776596357213,10.256537714112797,3.927142215531387,0.12642608095109736,2.4034877098386835,3.2305308518846263,1983.5668606404072,3.0289965258857254,4.175837970261035,0.08817207278210025,-0.40881747522268896,-2.561966490888081,1.7995291512791114,1.797367756438461,4.8255234809495695,2962.9028782104015,1.68961877444792,1.9340877432119568,-0.029660670163756807,0.9114940393684385,-6.496597273803928,2.1969076531124685,2.1967074181487094,13.12411990515332,8058.2947648773,5.331126959335421,4.34671407473269,-0.10183734380667558,0.6127125580912982,-7.683990723473659,3.6241537977501617,3.622722719882564,-0.6001838325126835,0.8066698797090779,-0.3489529405024804,5.250680039734804,3223.951634316203,3.5167528622767836,9.74800023520092,2.778921324927199,0.11692050162751491,2.291436239508925,6.711312517399998,4120.789350968795,1.9062223468326427,5.914647816287589,0.03757121663193401,0.1281277151399497,-6.975544088883183,2.5908925322597236,2.590620102871125,2.5842203591732353,1586.7280568503302,1.7285872365538726,4.158698226231967,-0.018473320013679382,0.2431846526489596,-5.276722813677901,1.6076571844536893,1.6075510440335123,3.67152746561914,2254.3417567630318,1.5714288072317828,6.168552174328789,0.06534958152917854,-0.049783214918269744,-6.622108343668862,1.9172370832594436,1.916123029875467,616.0
participant_02,stairs,participant_02_stairs_008,0.0950260610477931,-0.41169396841271355,-0.38342708866166764,17.072006427634474,9492.066168758365,5.8666201733110395,23.114644672078068,8.285754986413034,0.6260398955797336,4.1318284605770454,16.266244196270847,9044.060924101856,5.097062122637718,14.237878808827302,-0.0011999759878440182,-0.3199178740745177,-12.738812059975231,4.033143393956284,4.033143215442621,39.23060460075847,21812.28646376473,8.044113769154778,16.88211596234238,0.0661982544257827,-0.8002480655245294,-12.003320618906438,6.263783745440729,6.263433930421751,30.2170319136881,16800.72389639753,6.779099455689381,13.840045193805109,0.08647405942897433,-0.5259620768726972,-19.593843471218683,5.497682209499038,5.4970020841989955,5.53689208984375,-0.5961220754344054,-0.8283036671259479,0.8975176767240128,6.066996186924867,3373.2607526832508,3.2580433302671405,9.99353614110297,3.891338380836409,0.23159249448457253,2.4631273184561264,2.517145839502024,1399.537597777175,2.2662061741014323,3.9933263661091623,0.10278991419437872,-0.358900103670277,-2.3830913166500904,1.5898778588187557,1.5865515558915897,4.264174086502242,2370.8884339842916,1.4944289336659557,2.1338955629068512,-0.05583901704872222,0.7554319598762124,-5.875392580773308,2.0657425014573354,2.0649876722397744,14.390741270481263,8001.2779362464935,5.608900249856961,4.943146880356049,-0.15416102725659422,0.298498878829452,-8.058118664572548,3.7966441619943883,3.793513051312894,-0.6475768526281451,0.76898917301218,-0.3034212666905149,6.244235176939509,3471.8059487639903,3.865371908024824,9.78401767612472,3.0925943956091912,0.11561484588897754,2.4988467693997385,9.307426742686568,5174.945948909975,2.476247375370818,6.67176857995799,0.05447888557758501,0.0287018983448266,-7.495065815441532,3.0512939372765033,3.050807555826255,3.4558579293748335,1921.4632020261881,2.0031901501677534,5.000237205179714,-0.011632310587055193,0.2929090016145529,-5.5871130206876405,1.8590301880347255,1.8589937948726007,3.038473747792873,1689.396849066293,1.4008475894057852,5.560435860263246,0.05927557013849668,-0.1131013131459194,-5.495999254450057,1.74412939342473,1.7431218396293684,557.0
participant_02,stairs,participant_02_stairs_009,0.13666572249324652,-0.5498893012160483,-0.27365507414640866,17.91169979111863,7809.667366618361,5.357562204478564,31.22205996815215,8.580579328103571,0.6991890092045956,4.232221614131121,20.355487797053716,8875.179252288719,5.89242840285335,14.103709569141497,-0.029977147866882235,-0.20526047608551096,-9.734852334149046,4.5118052292234365,4.5117056416674295,41.9385323324525,18285.581413832533,8.94683520790803,28.5533262421739,0.02325659980737323,-0.27172648716087294,-12.662451937138606,6.476038387925685,6.475996628508426,29.19438415325708,12729.018044897171,7.662868146054215,10.379101710007468,-0.21953955316715748,0.1011199993518687,-20.24394811316948,5.40764105397741,5.40318277992306,4.351838134765625,-0.7217959242981069,-0.841009000331677,0.9125935322835614,3.147311476857785,1372.2565226952815,2.2161433787162794,7.752544366162974,3.0774922843556394,0.34725283503727733,1.7740663676587145,2.7016356120309846,1177.9380628568538,2.427104358059296,3.753446723478289,0.024989436853328394,-0.41567129175042605,-2.827842927355021,1.6438552503140997,1.6436652980552289,1.5874036262663602,692.1224119978244,1.1882726016473366,1.2523922164459456,0.004631454336562,0.46169037843550315,-3.587065065335844,1.2599305840543884,1.2599220715053612,8.32858411911874,3631.338417205646,3.9339455904739205,4.103518054543628,0.0009784613791755594,0.8328032213633016,-6.384474963135927,2.88592880655525,2.885928640683747,-0.5290890098261796,0.7920126237474968,-0.34389616090271663,3.7264983844861694,1624.7873587494767,2.450688401519206,8.29838248850709,2.916608273162861,0.16660643979529005,1.9304140448323954,5.922465135973756,2582.248644018417,2.1371976763963643,5.319448013822657,0.04027967309415967,0.143690551435326,-6.433538446573999,2.4339448613389596,2.4336115417160884,3.055518968162819,1332.2340575563007,1.9760749853503945,4.315370100190671,0.10777064766403219,0.29244075373281897,-5.430998666188314,1.7513233512577693,1.7480042815058603,3.2403191187748157,1412.8086561201226,2.260009405286544,5.491712708326819,0.039522349301715186,-0.15255502883643268,-4.860703738019153,1.800522461639716,1.800088641921507,438.0
participant_02,stairs,participant_02_stairs_010,-0.02345074161979754,-0.24804043302545808,-0.4198868805416655,13.421384108752086,7784.425843873649,4.971903010890565,22.796934141064124,7.435576468527254,0.5926852758697492,3.663520725852672,13.798489561622132,8003.147654485788,5.302264908527384,13.49553710170305,-0.1949298220854169,-0.5751273559068565,-10.173908539833848,3.7197428939592565,3.714631820466482,31.49581889575984,18267.629076068017,6.680765490178214,21.071531243435548,-0.09666651640773588,-0.6015158834789855,-10.081100092820886,5.612946045630071,5.612113585429276,23.35818957908556,13547.790090215978,7.242584555511392,12.009829455292875,0.09665112864371857,0.1407254018961183,-14.541860948633976,4.8339974161922825,4.83303109643271,5.775922607421875,-0.6727825545072578,-0.8769509148965715,0.9004137598366753,4.464272565880871,2589.2857587823237,2.525594887838452,9.916666513812135,4.150442364905628,0.4022059644975745,2.1128825253385175,2.3348950213827258,1354.2431242490964,2.629626846976123,3.512715791666067,0.08594926969220879,-0.3455875877482664,-2.106610443677343,1.5304516648177262,1.5280363285546341,4.707013893622933,2730.07614595404,2.5027625363108834,2.034771847267476,-0.04226626096782464,0.909831675135914,-6.969591587077666,2.1699770345418714,2.169565369751032,14.623357930889222,8481.572725960303,7.081304586112628,4.724698035327498,-0.12650624732634275,1.1328583961498049,-7.2883505484568065,3.826141889880956,3.8240499383362168,-0.4722432364287423,0.7604542175692339,-0.2298537787927992,3.825732535438721,2218.9314439780587,3.184657845465958,8.281841321203599,2.938051796938507,0.14799575691920816,1.9559479889400742,8.14905945122996,4726.46848353374,3.3250562353410253,6.908021038013013,0.020505148914179698,0.1925102563676589,-6.2037586782712575,2.854729393893921,2.854655750038866,1.962329677904099,1138.1545848848555,1.825535109999898,3.231791837291318,-0.015116301563488648,0.131256523132532,-4.574132185241602,1.4009133379610095,1.400831780730327,2.3454812543337513,1360.383157550095,1.1941281050330614,5.612477202016264,0.01901446185271833,-0.2010583978273254,-3.844444947962217,1.5316144436813397,1.5314964101602562,581.0
participant_02,stairs,participant_02_stairs_011,-0.0076153703554355,-0.39812007456918475,-0.341365824204601,14.038956980417133,7384.601504070975,4.873715542132707,21.53112179867205,8.086336285340689,0.28784869969075394,3.7468596157872174,15.16039697981063,7974.483971832016,5.034573727124982,11.00269585477407,0.011262377174161443,-0.2218294640618737,-9.723655189774483,3.893651733392477,3.8936354451605544,37.13778908661506,19534.75735618832,8.051255787028094,19.57135289266833,0.03417611699377868,-0.633907339519488,-13.23988266590206,6.0941740288235815,6.094078198268797,27.079255919240925,14243.89302570205,7.2756471844880455,10.53336911012854,0.22148288027650542,0.8614748089252835,-15.344281906517718,5.208484480681161,5.203773238645294,5.248120849609375,-0.7038341391282592,-0.9105411421958371,0.8888332084089297,4.280048926874713,2251.338099982632,2.4479906098610615,8.919010908709753,3.8691973143751905,0.1491033455910097,2.068827911372696,2.722079321794049,1431.8343392329884,3.148395421448458,3.623056139486138,0.07926748758054214,-0.35100872056630006,-2.2623513457362963,1.651775607151704,1.6498725168309365,3.2424380408419484,1705.54688143961,1.7944380287766108,1.9729074032082337,-0.039479044917837214,0.47945314505337383,-5.680171931889979,1.8011098344713943,1.8006771062136455,13.25132996297433,6970.299682530355,6.116397284416534,4.54517109212706,-0.16446133058449264,0.4132858911370761,-7.229809642886188,3.6439508081520464,3.6402376245204557,-0.504486381503329,0.8137876398778203,-0.25473049194256975,4.620938009933048,2430.648364521622,3.069211082123381,9.09050018696435,2.8733354066289696,0.06719875140197938,2.1496367158041028,7.631581117790025,4014.2694313238235,3.008495590659205,5.278341619045637,0.04185061365516052,0.24690764775469654,-7.42567949531636,2.7628486371231666,2.7625316500974293,2.3787264243655413,1251.2283865373636,1.7613111092272753,4.040282563234378,0.031885399706455896,0.2184743472109778,-4.531703034016248,1.542641599037178,1.5423120385854288,2.8616874247394657,1505.2692186840386,1.5259359523870268,5.667785015935695,0.04723610322546706,-0.09497742963227955,-4.602314692637603,1.6923116362500712,1.6916522765448772,528.0
participant_02,stairs,participant_02_stairs_012,0.021687831530712756,-0.38503603259051034,-0.40625156665110884,15.57326721628082,8004.689529918762,5.027409848091142,23.012759672567586,7.6794731984884175,0.7531564967368626,3.9462979127634066,14.018356317987063,7205.462314802557,5.627783704258285,11.227194956530216,-0.027218577905056242,-0.3141124747565294,-8.527298499242843,3.744208483641134,3.7441095494105223,37.12531045897138,19082.48152418737,7.70574059822926,22.37430043294996,0.1599772975471911,-0.1883776598083398,-14.28824150345209,6.095154074730341,6.093054279995491,23.377368759930658,12016.012847582577,6.305515561588018,11.494373589919949,-0.014377029595145516,-0.4261646682426483,-16.76931610155563,4.83503624173704,4.835014866567699,5.118662353515625,-0.6775778022147779,-0.8650910294035733,0.8928423799601695,4.402474342000892,2262.880343715478,3.1246297627627984,8.310731826960835,3.4961087803635564,0.1358082074569841,2.09820741157801,2.832273455283375,1455.7940449176995,2.94760999238808,3.65563136924788,0.07023617107785558,-0.241789002596565,-2.1952188661860985,1.6844009543487715,1.68293596291819,2.638303270331644,1356.0929939412986,1.2404376831390052,2.1110460059016334,-0.036601855722057354,0.6499886453738547,-4.576772271579801,1.6246978076472995,1.624285464544839,11.125361479964205,5718.457361479664,4.9034462381648085,5.138751212190863,-0.15178908059160076,0.3656361845147458,-7.00952619989892,3.338922192107964,3.335470203729034,-0.5579931881198249,0.8051118353780157,-0.29743559981036183,4.15792995126596,2137.1840529544847,3.2791323019731724,8.434060838475181,2.8024067832473993,0.07754042292393727,2.039100279845491,6.985963831508919,3590.79894808518,2.800370478219978,5.526987716336054,0.08569071437287504,0.1897401469179157,-7.07919336213387,2.644486099422467,2.6430973934966753,2.098242266631194,1078.5005914094152,1.828557362627277,3.6139194287929386,0.005140214108730741,0.1542384642707491,-4.682936955193177,1.4485401922046477,1.4485310720282096,2.91692957116726,1499.3074525442562,1.5323107966787473,5.141673173401925,0.053932739767294874,-0.2230930499475897,-5.082745277196612,1.7087534379149223,1.7079020964818972,515.0
participant_02,stairs,participant_02_stairs_013,-0.01606023777162842,-0.36402642735473106,-0.31491506464102054,18.412830508375347,10200.741218241577,6.244863169219421,21.860357633541025,8.169390711094435,0.6025901857437199,4.291017421122332,16.195531062200665,8972.353337112156,4.599973861490637,17.2262165866221,-0.10797292099898716,-0.4640502400408627,-8.94098053761701,4.025815347711531,4.0243671629463265,40.63081233433299,22509.54311022108,7.937178201235962,20.82870482298259,-0.0009568839142112872,-0.8253126696272484,-12.986429640636205,6.374230404524127,6.374230332701587,28.306330095646302,15681.757783653693,6.965564956842339,13.08657022650043,0.08627015367760285,0.1854780616902862,-19.56680790298771,5.32106874932676,5.320369357069705,5.51699853515625,-0.7008010349526368,-0.8804982271278534,0.9075711781022,5.814231577387117,3221.0947511235013,3.28096622930049,9.689594720186927,4.0271597273978985,0.08071671147408686,2.4112717759280304,2.7847209208765347,1542.7403986564648,2.7049343824139838,4.183816172214064,0.09413389177616041,-0.2503900923717005,-2.900388518033969,1.6714012416106014,1.668748309625072,5.331165065735574,2953.4750348438856,2.038051842906528,2.188453405003502,-0.04854526267302168,0.5679168303546522,-6.491504421770431,2.309441860767135,2.308931585330231,13.884907933430183,7692.263967976318,5.819195262798775,5.060943171691909,-0.14225081796398908,0.2844886927427498,-7.389898627520149,3.728960073350425,3.7262458230007027,-0.5725178367190736,0.8043568377423508,-0.31489622467014994,5.087184747509373,2818.3094997330477,3.575058472393357,8.5765921108725,2.881037482291207,0.16656388697578647,2.255478828876337,8.404368226475773,4656.035113237769,2.6283805612132234,6.2086548680481455,0.06106128337378543,0.0600468685561334,-7.080371688110704,2.899671827432033,2.8990288419530725,1.9478058091136583,1079.0879214968247,1.5826247610486144,4.428460397273839,-0.02236926312457223,0.1217707499636728,-4.386916347075101,1.3958173924430068,1.3956381368799213,3.029226309691821,1678.1968238180275,1.5023924808641982,6.037018035536636,0.043960349577632445,-0.1596878223378292,-4.764297068822266,1.7410223496632111,1.74046726763011,555.0
participant_02,stairs,participant_02_stairs_014,0.11137153131908369,-0.04771584760443432,0.12874323405920482,7.60600095977886,6024.024243737096,2.9771904169218466,21.326469477002796,4.905628543894221,0.3606607895855388,2.7578979241043093,4.309688149385565,3413.2946935095188,2.1748040445356125,6.28556604389315,0.046371130604638364,0.06965355284935144,-5.988299350099795,2.076496672556717,2.075978841266347,18.002133178073162,14257.781660045155,5.82052457714429,9.610358260946416,-0.1040830505752186,0.777357545405416,-20.60885294759809,4.2441685239267075,4.242892077118291,9.343864201257892,7400.387436110419,3.651120742784131,9.495050764167136,0.05023224623067163,-0.253603672651324,-9.921019030654945,3.0571862030009345,3.0567734952491805,7.897216064453125,0.8185814603246737,-0.6176759609437843,-0.9258588523479668,1.7120914129625389,1355.985071756647,2.056751812800508,5.604382562058586,2.8223497501404466,0.3481993405946282,1.308469110434992,0.25087080207873874,198.69093627713184,0.6067663422503331,1.5777358054612969,0.010016237518966855,-0.10514471509914505,-1.0346831955323672,0.5009701858322261,0.5008700451002622,1.3120774561756992,1039.17195435911,1.8141552111219603,2.620604303532707,0.016592472626963766,-0.6165266223946777,-1.3311536279771583,1.1455796638922917,1.1454594956504134,8.109558934567112,6422.811479440885,5.537117911324356,4.38003334926831,-0.06976171655655301,0.2899115764029849,-4.876708222861474,2.848583091936064,2.847728732616067,-0.8124685758156132,-0.07484382452760376,0.3572416500383173,1.5625937346122407,1237.582253445198,1.8003808390407126,6.519635768012427,2.023328183375491,0.1548162815730405,1.2500374932825977,4.078711612190366,3230.360521094909,3.206226545196057,3.729943078292776,-0.04947707262313577,0.374519219126999,-6.232379203023059,2.0201880092965907,2.01958203898489,1.3627081294363468,1079.2717378138498,1.563471962957772,3.180579197644341,0.03989238573208035,0.0382196898921181,-3.347905309581963,1.1680323334033798,1.1673509024437967,0.21097144896815165,167.09044780499312,0.5400585002296454,1.6553134855681737,0.00448313553087127,-0.0547923270039199,-1.3200927493157182,0.45933816243845865,0.459316284240121,794.0
participant_02,stairs,participant_02_stairs_015,-0.06052933078667926,0.11799735002815319,0.04063465695822641,8.721934368267137,7326.491397893123,2.9603209327029623,19.594487959894078,4.79805547871054,0.3003618700487134,2.9532921237607255,3.7715891249976767,3168.1527521864623,1.8582852644612124,8.430184020549698,0.04028909180700815,-0.18873085940405915,-4.660437163450823,1.9424758263402686,1.9420579612868605,17.195995747392434,14444.71798201731,5.498811834017186,8.799191329461792,0.03460293287349167,0.4891978541052132,-19.339414542982198,4.1469498562625375,4.146805487045713,10.77170811111124,9048.285940041982,3.6381668154498787,11.243860217843618,-0.03401746122120853,-0.37531805936752793,-9.930393986603816,3.2822043353178327,3.282028048495509,8.375195800781249,0.2149591361154144,0.14597263563113327,-0.9123486097272103,1.8344592050299333,1540.9544569864918,2.3026495038992194,5.789903842268219,2.817906982163277,0.3025823735223827,1.3544220926394892,0.09881777135794735,83.00740565700349,0.41629258202844394,0.6971699971265,-0.009684719254253935,0.06917431913765555,-0.7938216498839411,0.3145020908435762,0.3143529407496411,1.429549386622183,1200.828297583122,1.8241217241669634,2.79095293748188,0.03002687170205542,-0.5927270539255007,-1.6866615138831245,1.1960146318696918,1.1956376485466584,8.237115152271388,6919.215775876211,5.54653823562826,4.257840735243568,-0.09263502626823564,0.3258078925717184,-5.062375850535479,2.8715320650069547,2.8700374827293436,-0.7192096294155926,-0.4199249257002238,0.48979357694972425,1.6521995828852334,1387.8554799645933,1.7297818030431293,6.976423152763433,1.9244355835487421,0.09967264991479802,1.2853791591920392,4.261179374337221,3579.410877843781,3.017989562001954,3.708781929064948,-0.037292231203206135,0.40380019053314353,-6.667129017473634,2.0645992552661,2.064262428650297,0.8954454402040374,752.1784136205998,1.037462238824262,3.143738031992896,0.002156449479731679,-0.00445570329730115,-2.117531512836126,0.9462822467310671,0.9462797895992693,0.19760482548588357,165.98900319464772,0.5651146057478369,1.442794829739366,0.0051862611009954795,-0.0213350243889299,-0.938155943031326,0.44455789588094285,0.44452764310657167,842.0
participant_02,stand,participant_02_stand_001,-0.045836669951633775,0.8304835734146646,-0.3808760725463363,1.3864397469239136,38.99375219643087,2.089917551374675,4.166572010024964,2.189266396497181,0.5157776057229024,1.1774717605632474,1.7603387347573616,49.50957107478282,2.144008876801231,3.786467197888726,1.4234140179842407,0.9972322503686799,-0.3032567267089962,1.945879287456291,1.3267775754652178,0.5812809055455597,16.35682788941415,1.4984411595091283,0.2281547688721096,-1.2193222089159674,-1.2374857584393402,-2.267588873384026,1.438063821497945,0.7624178024846742,0.2736510907403225,7.696534858248051,0.8401101472460071,1.2682500245410548,0.2262791527354359,0.0708161786879809,-0.4176060311805775,0.5699590737087964,0.5231167085271914,0.28879687500000006,-0.9071059070996905,-0.6992322989978325,0.44765249801169266,0.03614008543498926,1.016576556379712,0.32106611820980535,0.7369694748388341,0.5111367759980365,0.1027056899201621,0.19010545871959927,0.02818325212403628,0.7927876711142486,0.3157977619225619,-0.0477403615484836,-0.37489511997750397,-0.39801697018728405,-0.5831380568771956,0.4107670910710635,0.16787868275643658,0.00015089386278532662,0.004244877607113642,0.021083655828964928,0.0446977221289589,0.028706849895273775,0.0297622072398449,0.0016526768838862,0.03122462319540632,0.012283886306268331,0.01509505894657846,0.4245875379172782,0.2037160315597949,0.4733499045037484,0.3355610973658884,0.3717272034850988,0.0909207637468693,0.3573462032986746,0.12286195076824419,-0.17746862058911375,-0.8467006920400785,0.5779930019110793,0.07678071327276532,2.1597110132161847,0.3865138096898717,1.0880405184481725,0.6884901473975068,0.14496375645045598,0.2770933295349517,0.016626124542578148,0.4676700359014863,0.16641477641257857,-0.0001966519370648,-0.26940848165005365,-0.3113528681662556,-0.4378710118227796,0.2986755003805392,0.12894233029761076,0.17031022792666628,4.790893912809364,0.5551817028898227,0.3372936431245436,-0.18845450040730177,-0.0569734635625159,-1.0265395145352885,0.45367976222268497,0.4126865977066208,0.0543724627783135,1.5292257486434457,0.39648807509792705,0.8516383697237531,0.4487700439867785,0.44396585574984493,0.1216429916843486,0.5057341348556657,0.2331790358894073,30.0
participant_02,stand,participant_02_stand_002,,,,0.0,0.0,0.0,2.1134107224015994,2.1134107224015994,2.1134107224015994,0.0,0.0,0.0,0.0,2.0733613942995666,2.0733613942995666,2.0733613942995666,2.0733613942995666,2.0733613942995666,0.0,0.0,0.0,0.0,-0.2645522691845893,-0.2645522691845893,-0.2645522691845893,-0.2645522691845893,0.2645522691845893,0.0,0.0,0.0,0.0,-0.3125532067656517,-0.3125532067656517,-0.3125532067656517,-0.3125532067656517,0.3125532067656517,0.0,0.0,,,,0.0,0.0,0.0,9.806650021595347,9.806650021595347,9.806650021595347,0.0,0.0,0.0,0.0,4.0529517412289975,4.0529517412289975,4.0529517412289975,4.0529517412289975,4.0529517412289975,0.0,0.0,0.0,0.0,5.383505056202411,5.383505056202411,5.383505056202411,5.383505056202411,5.383505056202411,0.0,0.0,0.0,0.0,-7.124734390780329,-7.124734390780329,-7.124734390780329,-7.124734390780329,7.124734390780329,0.0,,,,0.0,0.0,0.0,0.7860344070608275,0.7860344070608275,0.7860344070608275,0.0,0.0,0.0,0.0,-0.6296496987342834,-0.6296496987342834,-0.6296496987342834,-0.6296496987342834,0.6296496987342834,0.0,0.0,0.0,0.0,0.370318204164505,0.370318204164505,0.370318204164505,0.370318204164505,0.370318204164505,0.0,0.0,0.0,0.0,-0.2902684509754181,-0.2902684509754181,-0.2902684509754181,-0.2902684509754181,0.2902684509754181,0.0,1.0
participant_02,stand,participant_02_stand_003,-0.04957371074108211,0.1657936789124057,-0.13305060337903651,0.15704000065528376,48.37046008162814,0.5735214463334116,1.6800522587217155,0.4626572366052332,0.013854300844847388,0.3962827281818926,0.08758936659896847,26.9786478686832,0.2839201785986767,1.1834659140168968,0.0027798854394707295,-0.025671285029990748,-0.7009982395204941,0.29596806307780077,0.2959550077274728,0.13842546708737466,42.63681871939131,0.24371546463486898,1.535606749810208,-3.370083544312288e-05,-0.00271924213180265,-1.169153710376968,0.3720557326841249,0.37205573115781276,0.14506642162500186,44.68232188298201,0.27184967018702827,1.234643486432701,-0.0016537921050133978,-0.00926654476509545,-1.0269315697300057,0.38087945160290343,0.380875861173955,3.077184814453125,-0.45936362203801423,-0.6763065388933913,0.09870761644146585,0.07119434644398669,21.928798135403756,0.4321174842156057,1.0368189366519178,0.4961262635242864,0.07424728765585636,0.2668226872737524,0.16651478816877172,51.28869725089224,0.43481085475581527,0.7573647887115089,0.007150363126774155,-0.0224293203607841,-0.9600210052476024,0.4081248777783785,0.4080622356562436,0.06485564233735663,19.976387989766234,0.2742729916433647,0.5481758817961778,-0.02047864148949222,-0.0344208205084585,-0.4895449558763668,0.2554897592754195,0.25466770964799723,0.08546682031224419,26.3248818718617,0.46454469020677835,0.6994313945709323,-0.005278497331998504,-0.06189295068510805,-0.4581297053392489,0.2923947380619701,0.2923470887699144,0.16792659616681097,0.27111156006792464,0.2507191706545239,0.028227862266671393,8.694546320740779,0.2692286887789182,0.6115420365684613,0.21737710661496826,0.009650227947216327,0.16801149444806268,0.014473584106692017,4.4580505114036395,0.12640859376038052,0.3322453446055786,0.0027789397260010763,-0.00468430501050065,-0.2956337932687745,0.12033830068890274,0.12030620975948007,0.016069018342525845,4.94946367883591,0.07736144806115802,0.3861107978395428,-0.0020821077441664244,-0.00110179675312705,-0.529005970085389,0.12678073006251447,0.12676363178185548,0.04490007723449963,13.82980235803591,0.1825494918332501,0.4582188806191449,0.005092286774142202,-0.0048997760618024,-0.5230013953094124,0.21195756325050008,0.21189638325016222,310.0
participant_02,stand,participant_02_stand_004,-0.5243680393636334,-0.13024143922940748,0.14074699298045998,0.6612226176259828,75.38507860434157,0.7386953351319153,3.5908947816960723,1.3263711513318537,0.12471351574074123,0.8131559614403517,1.9629928717537837,223.79810973227413,1.8200624476896672,3.3041973362961623,-0.16152079915216108,-0.1784692212898253,-3.0789619859027018,1.4103481273474776,1.4010684750410252,0.24230874859305357,27.625286208130454,0.6301097616200895,1.071569504608181,0.025842605206407673,0.0731188900063558,-1.4682229787522492,0.4929265552157926,0.4922486654050507,0.1710439052999052,19.500479720614187,0.6010424365347997,0.543596406292402,-0.13183593691410603,-0.1011540595409241,-1.4361653157272607,0.43407904759608623,0.41357454624276047,1.1352734374999998,0.022911395994157636,-0.9166746907387923,0.2335048421626529,0.030902348594369584,3.5231341393149815,0.14109350110579721,0.8481661225704977,0.4986458299396418,0.19929226451769835,0.1757906385288181,0.10276788248374279,11.716424533168091,0.39561571511718957,0.4300761380432842,-0.022404462037587686,0.0623385751160964,-0.6923944470197696,0.32135625465040585,0.32057430103447593,0.06669984114821446,7.604356889527037,0.540871417677492,0.4484856833630904,0.08588472202875302,0.0417158734150348,-0.2304868444553061,0.27216911401952026,0.25826312386443107,0.10218146374405858,11.649567741510133,0.5664062265111243,0.502931598238316,0.004762303791030347,-0.0373788952149055,-0.4955750150616253,0.31969382740593644,0.3196583547227549,-0.09904323979336858,0.10498877537833727,-0.2480612619951851,0.03589103889609574,4.091887839662641,0.2052055329344205,0.9056386431522598,0.38054533366352455,0.126708652347145,0.189449304290345,0.044245299139876036,5.044345526938454,0.2746277027339339,0.4392905958843773,-0.004261961615254399,-0.0257698461451302,-0.3494079006686303,0.21038883871699549,0.21034566584523684,0.0627748275759588,7.156871505965993,0.3250738895940284,0.5275920077854603,-0.030002925093051407,0.0617083787907424,-0.6047937291595025,0.2523390637418196,0.25054905223520363,0.07096374380691364,8.090478550400288,0.28317226760255865,0.824965679111177,0.04246857091404568,-0.0232408759149666,-0.3577686007300656,0.2697541905557631,0.2663902096679111,115.0
participant_02,stand,participant_02_stand_005,0.9999999999999998,-1.0000000000000016,-1.000000000000002,0.0030115525874236473,0.006023105174847295,0.05487761462949736,2.1811080327675922,2.1262304181380944,2.071352803508597,0.054877614629497584,0.00837946465609046,0.01675892931218092,0.09153941586054865,-0.2976075665682554,-0.38914698242880397,-0.38914698242880397,-0.4806863982893526,0.3997684812357452,0.09153941586054862,0.00019602948017099445,0.0003920589603419889,0.014001052823662735,0.1471867034763097,0.13318565065264695,0.13318565065264695,0.1191845978289842,0.1339195542851749,0.014001052823662742,0.005213704852231346,0.010427409704462692,0.07220598903298336,-2.0112777169607576,-2.083483705993741,-2.083483705993741,-2.155689695026725,2.084734529381054,0.07220598903298359,0.009958740234374819,1.0000000000011253,-1.0000000000000757,-0.9999999999989501,2.2988402651181033e-13,4.597680530236207e-13,4.794622263659676e-07,9.806651557617755,9.806651078155529,9.806650598693302,4.794622263659676e-07,3.6347087278928686e-06,7.269417455785737e-06,0.0019064912084487684,-1.5822177532732489,-1.5841242444816976,-1.5841242444816976,-1.5860307356901466,1.5841253917109712,0.0019064912084488794,1.4792900854258917e-07,2.9585801708517833e-07,0.00038461540341394596,9.596337855046986,9.595953239643574,9.595953239643574,9.59556862424016,9.595953247351458,0.0003846154034130578,2.8091613711355945e-07,5.618322742271189e-07,0.0005300152234732902,1.2569666852369905,1.256436670013517,1.256436670013517,1.2559066547900437,1.2564367818043185,0.0005300152234734012,1.0,1.0,1.0,2.946891371982644e-05,5.893782743965288e-05,0.005428527767252028,0.09071109839677488,0.08528257062952284,0.0798540428622708,0.005428527767252042,0.003531004780006352,0.007062009560012704,0.0594222582876682,0.0453739315271377,-0.0140483267605305,-0.0140483267605305,-0.0734705850481987,0.06106030023490704,0.0594222582876682,0.0019471418709990614,0.003894283741998123,0.044126430526375694,0.055211704224348,0.011085273697972301,0.011085273697972301,-0.0330411568284034,0.04549752920717803,0.0441264305263757,9.208147491588352e-06,1.8416294983176704e-05,0.0030344929546117505,-0.0356306359171867,-0.03866512887179845,-0.03866512887179845,-0.0416996218264102,0.03878402168631266,0.0030344929546117505,2.0
participant_02,stand,participant_02_stand_006,-0.25546287307688775,0.2267409210757074,0.015477671742644862,0.12339167931347163,38.253023624268174,0.4727755382223934,1.4847591816553434,0.4371199144108573,0.017984148733522158,0.3512715179365837,0.15885105733581945,49.245851411268774,0.30323692062346097,1.4120675847608166,-0.0007599710154719147,-0.0257735204598306,-1.187996706493757,0.39856195866108923,0.3985612341106689,0.09919124873106647,30.75055194262775,0.22556934740784207,0.9246220065297124,-0.0017938686914409634,0.0195294352642433,-1.0881786207063064,0.31495153070901016,0.31494642200073725,0.056410283409109245,17.487906788787996,0.26525759817311134,0.7681194958567426,0.003018922192634099,0.0062356943325763,-0.6221341999648006,0.23752767691432175,0.23750849123580664,3.0971010742187497,-0.3440487166833164,-0.5692535623335526,-0.03624216598649608,0.04566122174066229,14.155581684261616,0.3057686303312862,0.990207265481135,0.44501894913617857,0.07066295297348474,0.21368486549276786,0.12239330499761462,37.9434890268902,0.39639028389841346,0.5818392043692757,0.007101629093560801,0.0143264457177481,-0.9308028668705908,0.34991961667416865,0.34984754536456963,0.05600628929800338,17.362682659105523,0.2932766969449767,0.4620644579584115,-0.018478266254423597,-0.01926384759417515,-0.4528495843313465,0.2373767798706789,0.23665647951831656,0.06490288545513644,20.120724010526615,0.4253219058128477,0.5437904795230387,-0.0029542546648235403,-0.06921011981437311,-0.362214676845571,0.2547775756925265,0.25476044719527485,-0.12548589831653503,0.16010946052633818,0.060927603885379,0.02827173132579385,8.764597935718195,0.23638956184106832,0.7898743925611295,0.2090691250803869,0.013122394849824267,0.16814199750744563,0.013972613597267713,4.331688543083258,0.14316481962248467,0.2675587173018123,0.005936454678719092,0.00786346388390075,-0.391724499829282,0.11835478482689323,0.118205810336327,0.022989992136045353,7.127190444666515,0.09824368827930322,0.6350332088349776,-0.0008291063397600944,-0.0108359658767232,-0.3825196783200588,0.15162677716474748,0.15162451034066146,0.03494798764134439,10.834323388864838,0.15025109291449285,0.5646762149134256,0.005925208987008574,-0.0026297592803721003,-0.3915664154653288,0.1870376853548079,0.18694380878045785,312.0
participant_02,stand,participant_02_stand_007,0.7780962215313671,0.31355120808612164,0.5375136832875086,0.2369253350155834,1.0776962155623528,0.2179426995414575,2.7303595538391625,2.1348027758323647,1.141474999249636,0.4867497663230907,0.3556253443419736,1.61312810655358,0.5715357860591259,2.7268141968712207,1.8172108966268599,2.0106319664031265,0.879430426429212,1.9125587016249643,0.5963433108050878,0.056676416885106363,0.2659806869755578,0.42815234732329843,-0.1055515015348792,-0.4512518243310352,-0.5014268423706293,-0.7105863101571798,0.5102005741345199,0.23806809295893971,0.7001437398446759,3.1511008803904903,1.1005864753492178,0.9531740002930164,-0.4194985981668035,-0.38884149667620654,-1.5608055474102496,0.936014323452686,0.8367459231120734,0.049791992187499856,-0.9747349231663834,-0.9352437359027624,0.9906672111100696,6.570155047510854e-14,4.1717650730989847e-13,3.420638421403055e-07,9.80665049627279,9.80665003254993,9.806649763250396,2.563231368314389e-07,0.001745338458662017,0.008442860922202802,0.06747457659691491,4.033611080943047,3.9840143986031413,3.991094712252915,3.918826179377735,3.9842334352715594,0.041777248098241425,0.007906176329919773,0.03875994407844669,0.12695625474378414,4.663519926320016,4.538527957386523,4.544340443057567,4.40122712650001,4.539398880502683,0.08891668195518641,0.0009893437660295392,0.004875064598760932,0.03979161990135882,-7.685360441094637,-7.725874530051648,-7.719429299435019,-7.780074614533781,7.725938557733087,0.03145383547406483,-0.7570482434744223,0.48905731979833783,-0.7313425832963003,0.0020593339748149098,0.00944681432486686,0.05549590421067252,0.7162713724439916,0.6564246024369699,0.5785274143521625,0.04537988513443935,0.0031263967448578694,0.01416885181662853,0.08779588341712952,-0.4758321046829223,-0.5655026535193125,-0.5742409527301788,-0.6293053030967712,0.5682601938216696,0.05591419090765661,0.020953262765765788,0.09862983485249499,0.24373370641842476,0.0575139075517654,-0.160465359998246,-0.19624716043472284,-0.3161043524742126,0.21610736804915393,0.1447524188598097,0.003624179389781874,0.01774363073588576,0.07010529190301903,-0.1560811549425125,-0.24434887121121088,-0.25052848458290095,-0.342054545879364,0.251655618359644,0.06020115771130879,6.0
participant_02,stand,participant_02_stand_008,-0.3836315647367351,0.46379062962903983,-0.5674340559352846,0.7823987710500302,12.68641885884227,1.1517357941113935,3.833094609904033,2.235846038072766,0.6974889664357848,0.8845330808115829,3.863761940753334,62.65341731204329,3.634498365621268,3.796389886276424,0.7608148119496801,0.31967882086187593,-2.1341119233384727,2.107747878384737,1.9656454259996472,0.3223010042990017,5.253391222683701,0.5857977548412978,1.002200189268589,-0.1600277726098895,-0.21002222209572785,-1.3541861194953322,0.589838869781811,0.5677156015990769,0.44241150060045653,7.199241628326064,0.952795376238972,0.3560772911936044,-0.7405968979643451,-1.026594625812769,-2.0385633449018,0.9954372234726141,0.6651402112340349,0.16929687500000012,-0.9904860694073963,-0.9909402880899952,0.9994539108585586,8.853649970222756e-14,1.4837799950156578e-12,4.4799365461756224e-07,9.806650441571692,9.8066500102588,9.806649445126633,2.9755083549240384e-07,0.03437315189384831,0.5616863971249462,0.31694493891857567,4.222097470796108,3.972563403706831,4.00356621742174,3.632981531317532,3.9768873693335416,0.1853999781387482,0.19819802394082947,3.2405152021547843,0.7367556474193933,5.941781913042068,5.192897127914015,5.1744189459130165,4.485502323511243,5.211945759986231,0.44519436647472244,0.04802921569007341,0.7855133104897207,0.3512779280878604,-6.904133491525053,-7.289879522640671,-7.305125444722175,-7.6305013081818815,7.29317301798784,0.2191556882448489,0.5797644684858666,-0.13212274612962305,-0.19362224288031205,0.017185682569647934,0.28179657340579756,0.2076775851415653,1.3533021515577395,1.1718864281483798,0.9661736411277929,0.13109417443062804,0.011610076870558162,0.19103076198424845,0.16723531484603882,-0.8731114268302917,-1.0875785814391241,-1.111215054988861,-1.2540143728256226,1.0929031282212052,0.10775006668470402,0.025017070143116882,0.40538954940825517,0.2463409006595612,-0.0508890114724636,-0.35478455966545475,-0.3799372613430023,-0.5665390491485596,0.38844453132992807,0.1581678543292438,0.013091721169702884,0.2134154833179957,0.13196928426623347,-0.0588470548391342,-0.17912386854489643,-0.1498657763004303,-0.4818040728569031,0.21254900953001926,0.11441905946870427,18.0
participant_02,stand,participant_02_stand_009,-0.12078157015809823,0.09125700380079385,-0.20779580230858968,0.1470124012918879,56.453142957228216,0.5998398155818409,1.7915781146049141,0.41336990933088685,0.01838331822670876,0.38342196245375393,0.17363063690703207,66.67461439260317,0.249193384062733,1.78465196284535,-0.0006336390713569866,-0.0374032955339015,-0.8471954961699882,0.4166905787337947,0.41669009696299725,0.07865704276182829,30.20450819526425,0.1566918169545656,1.1881467549633558,0.004591994390410915,0.0107818379755844,-0.9256512522240112,0.2804962195365739,0.2804586293231647,0.06554409114779744,25.169100804099163,0.1676559356910744,0.7793051312931559,-0.005815883810861465,0.0006182999058117,-0.8136932965541847,0.25608185342249246,0.25601580253530726,3.8241213378906247,-0.4762069967372508,-0.8499729445935629,0.41873618658432343,0.09354268041886891,35.92063161939599,0.5329795420897236,1.131899907813059,0.5015498940926024,0.08572633508916534,0.3058474790134274,0.09109834771473758,34.9820015285414,0.35574888951429817,0.5242399836203917,-0.007216784583836601,-0.0218889920216661,-0.8838899312287061,0.301911294413553,0.3018250283106714,0.1170150582416146,44.934085512599275,0.41362216413721475,0.8219850428970654,0.010889348422206117,0.0387420422341264,-0.7535516010145674,0.3422479162108585,0.34207463840748936,0.13680509201730773,52.533509751983026,0.5237173119305844,0.6776693133278631,0.0024122231903418224,0.016379113319096,-0.8582212297838618,0.3698795896478039,0.36987172373311766,-0.3794027325015187,0.5948460414054452,-0.36501651377434036,0.02990037907821012,11.481823028154652,0.23079973442287227,0.7527891424052707,0.20829610183213307,0.019963646394680953,0.17291726078737807,0.024841283666227995,9.53911728348872,0.1650382383240943,0.3615943944212536,-0.0030635991331070386,-0.0259384252287841,-0.5148447872640961,0.15764095059938066,0.1576111787476637,0.01258065970879447,4.831005920559742,0.0763003735963782,0.4067290325127238,0.0015826191058667487,0.0020780017073319,-0.4300806751342017,0.11217470477798781,0.1121635400154367,0.03585373929944204,13.767928776320721,0.1179447219651901,0.6117760322211484,-0.0002685504148834537,-0.0146927640566539,-0.5953702255919954,0.1893510269810211,0.18935083654275744,385.0
participant_02,stand,participant_02_stand_010,,,,0.0,0.0,0.0,2.2406351702504335,2.2406351702504335,2.2406351702504335,0.0,0.0,0.0,0.0,2.0049889920800923,2.0049889920800923,2.0049889920800923,2.0049889920800923,2.0049889920800923,0.0,0.0,0.0,0.0,0.5751613561451435,0.5751613561451435,0.5751613561451435,0.5751613561451435,0.5751613561451435,0.0,0.0,0.0,0.0,-0.8183242158204317,-0.8183242158204317,-0.8183242158204317,-0.8183242158204317,0.8183242158204317,0.0,0.0,,,,0.0,0.0,0.0,9.806650485502315,9.806650485502315,9.806650485502315,0.0,0.0,0.0,0.0,4.270961747208237,4.270961747208237,4.270961747208237,4.270961747208237,4.270961747208237,0.0,0.0,0.0,0.0,5.451493135279417,5.451493135279417,5.451493135279417,5.451493135279417,5.451493135279417,0.0,0.0,0.0,0.0,-6.943378291198611,-6.943378291198611,-6.943378291198611,-6.943378291198611,6.943378291198611,0.0,,,,0.0,0.0,0.0,0.8012226253056297,0.8012226253056297,0.8012226253056297,0.0,0.0,0.0,0.0,-0.7689595222473145,-0.7689595222473145,-0.7689595222473145,-0.7689595222473145,0.7689595222473145,0.0,0.0,0.0,0.0,-0.1374019980430603,-0.1374019980430603,-0.1374019980430603,-0.1374019980430603,0.1374019980430603,0.0,0.0,0.0,0.0,-0.1782684475183487,-0.1782684475183487,-0.1782684475183487,-0.1782684475183487,0.1782684475183487,0.0,1.0
participant_02,stand,participant_02_stand_011,0.9999999999999963,0.999999999999997,1.0000000000000007,0.0006034896001700376,0.0012069792003400752,0.0245660253229949,2.2037969620878015,2.1792309367648066,2.1546649114418113,0.024566025322995122,0.00086903140388288,0.0017380628077657597,0.029479338593036086,2.13720433639586,2.1077249978028236,2.1077249978028236,2.0782456592097875,2.107931141609421,0.02947933859303631,0.05569978526103367,0.11139957052206734,0.23600801948457956,-0.2521165659815073,-0.48812458546608684,-0.48812458546608684,-0.7241326049506663,0.5421857580179258,0.23600801948457953,1.7820362225088186e-05,3.564072445017637e-05,0.004221417087316562,-0.1066571246892213,-0.11087854177653786,-0.11087854177653786,-0.1150999588638544,0.11095887251011763,0.004221417087316555,0.00995898437500009,-0.9999999999999936,-1.0000000000000095,1.0000000000000158,9.117955416550124e-18,1.8235910833100248e-17,3.0195970168733766e-09,9.80665014054409,9.806650137524494,9.806650134504899,3.019595240516537e-09,6.859666252185859e-06,1.3719332504371718e-05,0.0026190964572130326,4.293323216620087,4.290704120162874,4.290704120162874,4.288085023705661,4.290704919526501,0.0026190964572130326,0.0011876460941766611,0.0023752921883533223,0.03446224157214228,5.21739153393805,5.182929292365909,5.182929292365909,5.148467050793767,5.183043863962445,0.03446224157214184,0.0005504438407890373,0.0011008876815780746,0.023461539608240933,-7.1106637798517935,-7.1341253194600345,-7.1341253194600345,-7.1575868590682745,7.134163897584742,0.02346153960824049,1.0,-1.0,-0.9999999999999999,9.73501356356173e-06,1.947002712712346e-05,0.003120098325944509,0.8816239561334395,0.878503857807495,0.8753837594815504,0.003120098325944509,4.9876306448481955e-05,9.975261289696391e-05,0.007062315940856934,-0.8478206396102905,-0.8548829555511475,-0.8548829555511475,-0.8619452714920044,0.8549121264775191,0.007062315940856934,0.001457031983762046,0.0029140639675240923,0.03817108832299711,0.0958881601691246,0.0577170718461275,0.0577170718461275,0.0195459835231304,0.06919748814988222,0.03817108832299711,0.001239682083284068,0.002479364166568136,0.03520911931991583,-0.1515421718358993,-0.1867512911558151,-0.1867512911558151,-0.2219604104757309,0.1900413818925975,0.0352091193199158,2.0
participant_02,stand,participant_02_stand_012,-0.8500597135780126,0.962029762137163,-0.7216749279863465,0.22637440113926133,1.4511263872031779,0.8468249447355642,2.644807814392343,2.019220460765707,1.3617271242750977,0.4757881893650381,0.8663327874558089,5.726410191853858,1.1333752307511866,2.445188920071721,1.2808859420174734,1.3256012455239892,-0.45197482919842,1.5833513772734713,0.930769997075437,0.05458198008714361,0.38807108062782014,0.20961627164334046,0.2414981413334608,-0.08890424505136907,-0.0006952887877821499,-0.5807803650707006,0.249971888170045,0.23362786667506855,1.0736093152655246,7.020676049502934,1.5346284652329982,0.2393897708773613,-0.812729245357588,-0.3703916477501392,-2.5946879921436308,1.316866789589987,1.0361512028973014,0.0697097167968751,-0.9774576310434705,-0.9716755518371368,0.9996570669033743,1.1737480989917458e-13,1.1066520703000227e-12,2.5595549324464173e-07,9.806650630836597,9.806650197374644,9.806649458376722,3.4260007282424004e-07,0.002872329259475915,0.019247384471903738,0.07723733426369783,4.659726671516896,4.597028698204644,4.608876189723611,4.497876651915908,4.597341099089403,0.053594115903482495,0.045288352341496266,0.3034750531376167,0.32745749203935315,5.750889338830113,5.424289048141986,5.420006986908614,5.103128025898337,5.428462031748458,0.21281060204204175,0.01838065303621109,0.12309354350293748,0.21059783002659582,-6.54727177195549,-6.748945267900824,-6.748991445130109,-6.958118764212728,6.750306873184147,0.13557526705196302,0.061735556076385235,-0.5189973792115136,0.6174650246710346,0.0027894452728814325,0.018224353226532916,0.10201285461978515,1.2801256504185126,1.2106466964215543,1.1494209114786356,0.05281519926007505,0.004140049340463747,0.027663345009619887,0.07558280229568481,-1.0234886407852173,-1.1534348130226135,-1.1487440466880798,-1.244899034500122,1.1552280801785313,0.06434321518593664,0.012715843699553246,0.08248231201080779,0.14539508055895567,0.0947025716304779,-0.08797029173001647,-0.09896571934223175,-0.2503056824207306,0.14301963475906881,0.11276454983527956,0.006147156535743032,0.040448476203530245,0.10908778756856918,-0.247244119644165,-0.32756858691573143,-0.3034215718507767,-0.4852700531482696,0.3368209252254261,0.07840380434483414,8.0
participant_02,stand,participant_02_stand_013,0.9210523724852279,0.8956184179473009,0.7272988121561611,0.08137487086652481,0.8205299479041251,0.4236273382977802,3.039090785268654,2.4869885875344404,2.112435933424845,0.2852628101707701,0.2903632146564398,2.927829081119103,0.7355925949893891,2.898932220247388,2.1180386607083403,2.1379995784267782,1.2003157004714011,2.1855093188800687,0.5388536115276948,0.23968999215160708,2.4168740875287047,0.5692571005374193,0.4255786974430084,-0.4702235760252584,-0.4201262772560119,-1.4608230781793594,0.6788226599058027,0.48958144588169095,0.7053414250860045,7.112192702950547,0.8137547159478067,0.8069371448874473,-0.5691172935290768,-0.5787357075005769,-2.3603227714300155,1.0145126509215476,0.8398460722572944,0.09958618164062494,-0.9872625203084698,-0.9749721200169571,0.9977966764694907,6.685191917177521e-14,6.740901849820665e-13,2.1322133214596306e-07,9.80665052326516,9.806650003655506,9.806649469640636,2.5855738081086605e-07,0.013113151260914547,0.13222427521422167,0.17203765161633555,4.456678964608908,4.29161999954107,4.315792530320585,4.089742425748706,4.2931474900964925,0.11451266856079526,0.05335557305219847,0.5380020282763346,0.35398470282852657,5.590900436925888,5.227094012784956,5.234204721572995,4.849698623752594,5.232195274599807,0.23098825306105605,0.010367484429196952,0.10453880132773596,0.15673545306623016,-6.941629986226558,-7.095987179138715,-7.081485031640529,-7.265591306713223,7.096717658955456,0.10182084476764545,-0.07119660090198271,-0.4264469370474651,-0.15260035111606016,0.006456384614114722,0.06510187819232345,0.08961123975024621,1.1499994355527083,0.9695144194780515,0.8577337642446028,0.0803516310606992,0.007516680839033,0.0757931984602494,0.13542905449867249,-0.7368599772453308,-0.852066847411069,-0.8224045634269714,-1.0241568088531494,0.8564663410175971,0.08669879375765847,0.01773046488617129,0.1787821876022272,0.25162399560213095,-0.1068868562579155,-0.28721278567205777,-0.2603656649589538,-0.4778400361537933,0.3165780300963329,0.13315579178605522,0.004118165928919051,0.041524839783267084,0.10862515866756434,-0.2127684950828552,-0.32945437593893573,-0.3167425692081451,-0.4096051156520843,0.33564617047455286,0.06417293766782889,11.0
participant_02,stand,participant_02_stand_014,-0.07267557754453614,-0.22349228336165075,0.11907046636291135,0.13961052259669635,47.748520797237134,0.5488613950394021,1.5720410581898916,0.4202935233606994,0.014983020837447783,0.3736449151222272,0.16643104948080073,56.921344256751766,0.3226961974415713,1.3904148890834878,-0.0030869054017249415,-0.00472125991779865,-1.2376168773726686,0.4079712961297154,0.40795961746329834,0.0815292782479836,27.883955884254515,0.16547964527640668,1.1817248042306714,0.00131311624004055,0.014364124280380301,-1.555728988489939,0.2855363418590416,0.28553332248265456,0.06825449901027045,23.34382776754128,0.21519311057921392,0.7180140674712189,0.005575695236765438,0.032620124892342756,-0.872383119535064,0.2613151112883519,0.26125562005490033,3.4158056640625,-0.43925072319001807,-0.8258420934197633,0.08824525121431764,0.05824911216712635,19.921878776822883,0.323920631267869,1.0380067613953317,0.4905446655870853,0.08520229984187179,0.24134852841301177,0.08762707861702776,29.969476427232202,0.40120225839582735,0.4238304986218897,-0.002123279266180319,0.02134088015316455,-0.8016310360923407,0.2960263281059135,0.2960187132885821,0.0874610843357764,29.91272704864461,0.4182029364695466,0.6328358720784779,-0.0027262007103335045,0.01722714828122105,-0.5668655385733168,0.29575076754945107,0.2957382023611025,0.12370079701032564,42.30710662285434,0.5275384898148325,0.7801022862045238,0.009070868469261233,0.0146512624943712,-0.6643738607177296,0.35182819339147947,0.3517112409496257,0.0745649969802644,0.6124458791916108,-0.29601552268197784,0.022784669887578036,7.792625150163145,0.22444105542953308,0.7060709924375672,0.2030886032555045,0.0050029930614499075,0.1509459170947596,0.018096986301908723,6.189385174784195,0.16209432538521057,0.2972206522315347,0.0034538511301688848,-0.010430407775368251,-0.4167391670267669,0.13456937017589882,0.13452503968372848,0.019526367437764175,6.678243415177181,0.09463224808270125,0.5072076814648064,0.0017466121632697218,-0.00110553302843915,-0.5343437745039911,0.1397476944060726,0.13973677911618035,0.02638957166011988,9.025543401672811,0.1664241553924282,0.4458120138314551,0.0013211806760396855,-0.00424824082963935,-0.3740108493798897,0.16245404635926622,0.16244867392539675,344.0
participant_02,stand,participant_02_stand_015,0.9999999999999983,0.9999999999999964,0.9999999999999978,0.0006819038178759946,0.0013638076357519891,0.026113288147531222,2.1814031634916975,2.1552898753441663,2.129176587196635,0.026113288147531222,0.000931279046207451,0.001862558092414902,0.030516864947229383,2.1054756114408373,2.074958746493608,2.074958746493608,2.044441881546378,2.0751831434108485,0.030516864947229605,0.0001744706380901981,0.0003489412761803962,0.01320873340219253,-0.54946811196208,-0.5626768453642725,-0.5626768453642725,-0.5758855787664652,0.56283186028083,0.013208733402192585,6.768878954787198e-06,1.3537757909574396e-05,0.0026017069309949292,0.1535480552017688,0.15094634827077386,0.15094634827077386,0.1483446413397789,0.15096876807881998,0.002601706930994957,0.009958007812500114,-0.9999999999999803,-0.999999999999986,1.0000000000000056,1.4685829581249806e-14,2.937165916249961e-14,1.211851063942504e-07,9.806649891531002,9.806649770345897,9.806649649160793,1.2118510461789356e-07,0.0002542578505488236,0.0005085157010976472,0.01594546488970483,4.430096078109741,4.414150613220036,4.414150613220036,4.39820514833033,4.414179413440437,0.015945464889705274,0.0015226556142492302,0.0030453112284984604,0.039021220050751815,5.417410248413682,5.37838902836293,5.37838902836293,5.339367808312177,5.378530579631298,0.03902122005075226,0.00040739891706360496,0.0008147978341272099,0.020184125372766815,-6.890416516339778,-6.910600641712546,-6.910600641712546,-6.9307847670853135,6.91063011802505,0.020184125372767703,0.9999999999999987,1.0000000000000013,1.0000000000000029,0.00044229719332832093,0.0008845943866566419,0.021030862876456613,1.094881500787073,1.0738506379106163,1.0528197750341597,0.021030862876456613,0.0003884055625400528,0.0007768111250801056,0.019708007574081532,-0.9881288409233092,-1.0078368484973907,-1.0078368484973907,-1.0275448560714722,1.0080295227579859,0.019708007574081476,2.594571584779686e-05,5.189143169559373e-05,0.0050936937332152765,-0.3114912807941437,-0.316584974527359,-0.316584974527359,-0.3216786682605743,0.31662594936665617,0.005093693733215304,3.3068931922175845e-05,6.613786384435169e-05,0.005750559270381983,-0.1870937049388885,-0.19284426420927045,-0.19284426420927045,-0.1985948234796524,0.19292998515092744,0.005750559270381955,2.0
participant_02,stand,participant_02_stand_016,-0.19898740225658784,0.21273739692341817,-0.9972717486954554,0.09951540484994244,0.26619677918126083,0.5310855923917099,3.4138947618951847,3.0476887074223185,2.6463607314171465,0.31546062329543195,0.17164243873832696,0.46556055100662136,0.6872142023980619,3.260701877863705,2.8119319821864366,2.8661792668111623,2.254667517259717,2.842288498935544,0.4142975244173286,0.48311394948492825,1.4503609854772375,1.047204867643118,1.571461381459236,0.7406304430261255,0.803179838180542,-0.2152992857158183,1.015700449257557,0.6950639894894054,0.2656094800764717,0.7666696811717143,0.8365303191184996,0.5679746595114469,-0.10982289524376392,-0.14741788188368082,-0.712430476719141,0.526944540152182,0.5153731464448568,0.0298762207031249,-0.9976934768278093,-0.997180550184268,0.9999418943599092,2.7618459239336505e-14,1.4182918368394106e-13,2.7451485706819767e-07,9.806650300771725,9.806650096318112,9.806649890411295,1.6618802375422996e-07,0.00030933053332188917,0.0010273094637365582,0.021826704948022524,4.502149506929516,4.478673865730688,4.47918057314381,4.454184809705615,4.478708399316972,0.017587795010230507,0.006885877391762331,0.022081220664062543,0.11084069398418084,5.785172132182121,5.675006560980528,5.676277457699179,5.562299196341633,5.6756132130866535,0.08298118697489408,0.0035037812970080007,0.011156997775608744,0.08018661252334702,-6.546938594478369,-6.625365503852814,-6.624581221607327,-6.705360977718233,6.625629920312472,0.05919274699663803,0.13171684819715135,-0.8787528686544082,-0.49822146012916607,2.971373401977863e-05,0.00012428233069560447,0.004965841478467015,1.0184338592200788,1.0095757038348925,1.0037055129864658,0.005451030546582786,0.00011417827257798035,0.0003057319151575177,0.009941309690475242,-0.9623233675956726,-0.9766288101673126,-0.9759423732757568,-0.9923071265220642,0.9766872637243709,0.01068542336915016,0.004039844263378977,0.011248753758944699,0.07608558144420383,-0.0023970790207386,-0.07401630748063323,-0.060658223927021,-0.1723517030477523,0.09756156023991529,0.06355976922062397,0.004126866765656477,0.012009107834258057,0.0714954249560833,-0.1624291688203811,-0.2273976244032383,-0.2079927623271942,-0.3311758041381836,0.23629758007625196,0.06424069400042684,4.0
participant_02,stand,participant_02_stand_017,-0.11373716665206429,0.2930186525718041,-0.2831506671170565,0.2871239215670179,94.1805583300088,0.7431113014378022,1.9074986052977343,0.5087705535980338,0.008867191144622805,0.5358394550301591,0.318742724843583,104.55145402735583,0.22177444379993905,1.9048168014133624,-0.0012564972105272938,-0.02869171764586985,-1.713333135112057,0.5645744447181639,0.5645730465082291,0.10734889604205743,35.21173203171638,0.21434916570723972,1.1163520114404082,-0.0007592411046092311,0.01850035330864115,-1.220555399247987,0.3276422934987367,0.3276414138079273,0.11986878563396354,39.318406697201645,0.14563195200250878,1.246773179961283,0.0029725449649496303,0.012400016090836501,-1.3415898681050908,0.3462334785336799,0.3462207180888566,3.2763593749999997,-0.42057397187405415,-0.8645923377122754,0.21027031914798613,0.07728540045670952,25.35056406492349,0.36382679181087746,1.2516461138038821,0.5218455850665105,0.08420281132974168,0.2780025187956208,0.12246011644701199,40.16839847239021,0.4242700869288476,0.5320516619847154,-0.0001725383599819266,0.00557712033322685,-1.0576720862757076,0.34994306139213227,0.3499430188573734,0.0887985298990389,29.127019738513155,0.3711515670129366,0.6496819010815774,-0.009951473819632623,-0.00647377509700185,-0.6090483327224758,0.298156941442291,0.2979908218369131,0.13822019657662685,45.33788993558691,0.6117721643373466,0.6641052115096793,0.005505505133218968,0.0233498301616705,-0.6771815270720097,0.37182053085245137,0.37177976891787273,-0.24902635024057906,0.5649880282124892,-0.06717299574338306,0.033497402617526886,10.987554420518387,0.23011106021188119,0.7607367415252386,0.22589725343111253,0.012879818754835999,0.18302295653148784,0.02225462270834789,7.299790154194721,0.19192728150769361,0.3013642321338284,0.005120166188569459,-0.00048057434796189996,-0.4336484522734542,0.1492676750343036,0.1491798334505971,0.016772610032798705,5.5016181855354445,0.07198904244792043,0.4261799515936962,0.0005498169097050405,0.01022327702769055,-0.4730581309613084,0.12951027886400718,0.12950911177519017,0.045458450190820045,14.910924501439133,0.1814137446763638,0.7345525331009068,0.003843226879556598,-0.0092599960838346,-0.6689124342253288,0.21324450891797378,0.21320987357723387,330.0
participant_02,stand,participant_02_stand_018,0.890253647489967,0.8766338916721071,0.7901671598565928,0.2567125653097117,1.5723644625219837,0.6998733099285062,2.5028553329394243,2.1190542152142204,1.293910452417328,0.5066681017290429,1.1359952521616288,6.957970919489979,1.9429851019792257,2.4548703561306,1.1608507448032497,1.0596318030178546,-0.3809399297714233,1.5759345493617076,1.065830780265624,0.30205133015712354,1.850064397212382,0.9303650793746112,0.5745768342554569,-0.2142503194332123,-0.02829202850461,-0.9562830722242592,0.5898767070620411,0.5495919669692448,0.6227519047227199,3.81435541642666,1.1689642843961714,-0.2163321358948945,-1.137025590828061,-0.9668138185888528,-2.3035428995877503,1.3840444714389135,0.7891463138878112,0.05975097656250006,0.36403206101173496,0.39082325677540836,0.9995664143292431,4.7578228839072326e-14,2.91416651639318e-13,3.7160757315746196e-07,9.806650467673721,9.806650124116544,9.806649919251694,2.181243426100634e-07,9.992579643705215e-05,0.0006120455031769444,0.017429858228564576,4.112101264812052,4.100877693001927,4.1060032401978965,4.085425731593371,4.100889876448432,0.009996289133326034,0.020721182404152383,0.12691724222543335,0.2154822410672903,5.832477488714456,5.613709232589601,5.612314980876445,5.3998325061470265,5.615554516738832,0.14394854081980957,0.014187680262821864,0.08689954160978391,0.18133330322802088,-6.739402363529801,-6.914076125365495,-6.912294001626968,-7.093764082977176,6.91510204896587,0.1191120491924384,0.329167324213686,-0.16610098222315525,0.842553754655406,0.0004068060573964249,0.002491687101553102,0.025900527546636187,1.0098078667656736,0.9707041643859216,0.9484340841228319,0.020169433740103486,0.0006230794177791891,0.003816361433897531,0.047395795583724976,-0.8849923014640808,-0.9163316488265991,-0.9070722460746764,-0.9482365250587464,0.9166715715342398,0.024961558801068276,0.01022179104174437,0.06260847013068425,0.09580730274319649,0.3139872848987579,0.17376100857342988,0.1773600876331329,-0.0276786722242832,0.20103402483709054,0.10110287355829392,0.0068384063123145085,0.04188523866292637,0.1282845214009285,-0.1357625275850296,-0.2348052923168455,-0.2229133993387222,-0.3659370243549347,0.24894162290045785,0.08269465709654106,7.0
participant_02,stand,participant_02_stand_019,0.3816174397991132,0.02983816674811467,0.06561869279899903,0.11858694952187654,41.2685972534688,0.5149336659748618,1.618909425417069,0.3875621442254362,0.019555822916639917,0.3443645590386394,0.08235261851225979,28.65894653546216,0.1978505272324402,0.955591301660368,0.00046813061438403,-0.0320275428673201,-0.7331462967382261,0.28697184122929537,0.2869714594036484,0.11359869433647243,39.53267019679052,0.1662408709017691,1.364754243171499,0.0015876201331457532,0.0119391849383418,-1.2770053351188029,0.337047793160198,0.33704405399958093,0.07283375143445263,25.346353595622187,0.19726428916136238,0.7504559573039025,0.0018871119071804826,0.013974165473612,-1.0956367689560995,0.2698838873030453,0.26987728958630924,3.465568359375,-0.6306451699773667,-0.3880708437784374,-0.06519497748562784,0.04529463915823373,15.762663840320075,0.36912312480091963,0.8201308754994737,0.4398206794446162,0.07758898354442362,0.21282537244941857,0.07564356335056996,26.324176170465062,0.2942048901911823,0.6433256971732535,-0.004569861777351421,-0.0407387446098702,-0.6475622403593593,0.27507171244465334,0.2750337494755325,0.05168780060593381,17.987502290295268,0.3586294944260516,0.4101107576530596,0.0019492551037890967,0.0249314302897151,-0.44195592980021,0.2273578681317043,0.227349511998451,0.11135251075576658,38.7509918930375,0.46863166415480584,0.8156858312307299,0.005320834611554207,0.0002443522225486,-0.4881283883902543,0.333737654508343,0.33369523633963755,-0.12149159487732815,0.05532454501749361,0.13434241444025383,0.01854167964792552,6.452557493705646,0.19370055532622407,0.6479808959321479,0.18498567384307,0.010042111115245075,0.13616783631946833,0.01930248824708224,6.717321059951042,0.1366293770968745,0.4410627059440397,0.0005554470265976691,-0.0066844041495834,-0.4221678914968899,0.13893450531988658,0.13893339500308138,0.016273475839228117,5.66321608769664,0.08356938967519109,0.397526143224666,-1.0072009823262803e-05,-0.0040157817920997,-0.5129188491516201,0.1275675348224363,0.12756753442482188,0.017184745295702426,5.98034046217672,0.1503468177303026,0.2836174292742613,0.0006009744109900097,-0.0094182941815581,-0.3631875089056173,0.13109197712272513,0.13109059957030644,349.0
participant_02,stand,participant_02_stand_020,0.49845474997903144,-0.34318833367591844,0.6432011339714919,0.06825198414491329,0.15356696432605485,0.3025601442641155,3.3466188164324326,2.983960598654414,2.7414985279042012,0.2612508069746643,0.04832638466031558,0.10873436548571005,0.2514487497225404,2.894291700965166,2.587275864901145,2.4761416922181843,2.391394201520085,2.59659831043623,0.2198326287435866,0.05882279298088855,0.13235128420699926,0.2776040584594011,0.7326216163545847,0.5160371618439754,0.638076369741559,0.1774134994357824,0.5701904465920783,0.24253410684043708,0.09080100895658705,0.20430227015232083,0.3223874952986836,-0.9207616769880056,-1.3468600143909455,-1.5542816985994576,-1.5655366675853728,1.3801568415661187,0.3013320576317546,0.019916992187499982,0.9998923437325143,0.9998575722913179,0.9999975707583251,3.8417490621682996e-14,8.643935389878673e-14,2.1450832043967694e-07,9.806649950343163,9.80664979805064,9.806649521326522,1.960038025694476e-07,0.0003602930483802088,0.0008106593588554699,0.02324175937771855,4.261589815489947,4.238642557724316,4.2392315609484905,4.215106296734511,4.2386850585057765,0.018981386892959345,0.002501174103957612,0.005627641733904628,0.061250002993643804,5.615304225820303,5.554311315037807,5.554825499460101,5.492804219833016,5.554536466570452,0.05001173966137963,0.0027096683856070226,0.006096753867615802,0.06375263346433613,-6.817447141718864,-6.881013312700389,-6.88064038773477,-6.944952408647537,6.8812102044586325,0.052054475173677645,-0.39467812597096763,0.8197161034218031,0.20274822893762784,0.0005635690439509412,0.0012680303488896174,0.028142027185042107,0.9501513486354315,0.9262275308589246,0.8938672942653473,0.0237396091785636,4.9201448379992354e-05,0.00011070325885498279,0.008553743362426758,-0.8014495372772217,-0.8095429738362631,-0.8086223602294922,-0.8185570240020752,0.8095733616764081,0.007014374411164003,0.0020022315500519837,0.004505020987616964,0.05478575825691223,0.4808383285999298,0.42526347438494366,0.4236852824687958,0.3712668120861053,0.427611101581806,0.04474630208242893,9.104701632134424e-05,0.00020485578672302455,0.011000186204910306,-0.1330863088369369,-0.1418085992336273,-0.1372528076171875,-0.1550866812467575,0.14212925748390043,0.009541856020782552,3.0
participant_02,stand,participant_02_stand_021,-0.3912363731223135,0.409529893791279,-0.17890923719792376,0.34761977226278246,39.64043781665956,0.9506440180189872,2.85633127575004,1.2236541416283855,0.18581604288923284,0.58959288688279,0.9867119971984573,112.5186870471128,1.249590468539468,1.6989593020897644,-0.2902048273614332,-0.40984439011257057,-1.8293266481484511,1.0348578834904514,0.9933337793503537,0.1159012809963705,13.216701368057663,0.40461163977723263,0.8127812885515893,0.022999764391987147,0.02366058027492665,-0.6936034224490806,0.3412188010037803,0.3404427719843241,0.654081708794563,74.58766957466972,0.8673920301731419,2.8351056461534525,0.05921496949020732,-0.05228135793358625,-1.3367978525098585,0.8109180731777342,0.8087531816287111,1.1452297363281247,-0.12323960044955466,-0.7212493052218649,-0.48514287961342156,0.02823027881311573,3.219228586289154,0.1348624035224183,0.8994473490284751,0.5789620295556733,0.23016958201048765,0.16801868590462113,0.2221527247504004,25.3330063296985,0.8865342626492223,0.5744698953386379,0.0007847666927461195,0.1144538254495106,-0.8286335513394468,0.4713314551450629,0.47133080182648834,0.05552949564564414,6.332253154139192,0.47613145820556113,0.4681727077871765,0.11121789186923885,0.0624043681863139,-0.2245796623843994,0.26057420270909754,0.23564697249411914,0.07202564368891733,8.213377817433482,0.4439223412645211,0.5777984288570329,0.036734330874245845,-0.036097225872952554,-0.2715952852658998,0.2708783024786148,0.26837593723901054,0.6341261169623116,0.6296875855139059,0.24859654205754278,0.03495769071090539,3.9863826228792383,0.13076370536583193,0.9189183386591875,0.3879870520598358,0.06329518242738212,0.1869697588138397,0.04986615992608157,5.6864471051038015,0.16859914444061233,0.7110221909582647,0.013496490754179637,-0.059751700665453295,-0.2805443711383084,0.22371480771008262,0.22330732170280843,0.05539172942077596,6.31661375017244,0.2085297649373016,0.6472414204788166,-0.012654729728069814,-0.0712048694049568,-0.3803477038868545,0.23569444542726595,0.23535447610099955,0.07926836347323687,9.039289057217562,0.48373666133566884,0.5055743301543217,-0.024961831057128733,-0.0665112389129561,-0.422098111556184,0.2826507677027633,0.28154637890272516,116.0
participant_02,stand,participant_02_stand_022,-0.4885993781969469,-0.2868932771356167,0.10018475673336823,0.29563537821314523,18.334012751999587,0.610651944174652,2.868661019132533,1.0223616691537145,0.12051461237570874,0.5437236230045052,0.27466934127030646,17.033790867216346,0.5946026167283606,1.107276773735676,-0.16772778860925386,-0.2357753891411604,-1.3352376997717583,0.5502744336620201,0.5240890585294702,0.5505597076667047,34.14330437076798,0.7502109684950506,1.0097628038082975,-0.2718079512807376,-0.1565546893931483,-2.626049585069376,0.7902146987029137,0.7419971075864815,0.26351436723561666,16.342008180596284,0.705521668221932,1.453164687489794,0.38743150510006813,0.3316964000657512,-0.6754288486181415,0.6431310429296044,0.513336504873379,0.617439453125,0.38143759057128857,0.7493362551727459,-0.2885373482918245,0.1168913557168299,7.249090481876529,0.4950461691698229,1.2191285949123107,0.9247951679866651,0.1457004748276601,0.34189377841199436,0.10476591547982383,6.497123727178451,0.48737560429172533,0.6908141066678927,0.05819348558490939,0.0426469119661574,-0.3917930770934806,0.32886531778882505,0.32367563312647407,0.18849127135081808,11.689403999865574,0.738886815177894,0.3041503315594507,-0.6143591486436084,-0.7453704354816297,-1.091251317588357,0.7522821511061639,0.4341558145998025,0.09265130364200161,5.745828502423507,0.5105482463135718,0.8963603486257249,0.4532166399075061,0.4457914805520674,-0.0836915347180684,0.5459456258008225,0.30438676653560615,-0.36633979607737216,-0.3914542336172541,0.7049688406306253,0.063162759063169,3.9170779800268387,0.24513033401534567,1.2868689886242322,0.5563705894578209,0.07899012856700692,0.2513220226386239,0.027991658293030318,1.7359201838287082,0.30857767832299254,0.4284319098011951,0.09958757269621832,0.1232563536719964,-0.1837004664219489,0.19470321756086847,0.16730707783303825,0.14159045801475661,8.780820747821394,0.24875739885653808,1.059959337070054,-0.057085588385172935,-0.1165378130885936,-0.5845690610518752,0.38059062313204467,0.3762850754610879,0.16304307611214705,10.111218267017367,0.48188795289721637,0.8193336713939877,-0.16404069745057834,-0.2991375116929071,-0.6571002512776503,0.435835320427589,0.40378592857125056,63.0
participant_02,stand,participant_02_stand_023,-0.8253406082622148,0.48719772512047393,-0.443763177278682,0.5858023099961874,46.87132873030471,1.0808246070454013,3.069399029767479,1.0596527967030387,0.1266416108614958,0.7653772337848751,0.4695373864897143,37.56871698486603,1.2815508081775844,0.6965546011808247,-0.26096664614159937,-0.0452775186359279,-1.6742294668069428,0.7332400540669535,0.685227981397224,0.6340586818930171,50.73242697439129,0.9735484764505727,2.5827011617399838,0.5377375556569407,0.3747214669141382,-0.8757471911016539,0.9608435672142049,0.7962780179642139,0.22609445953193252,18.09031401206109,0.4095949575744021,1.4087377755570591,0.1473450456574593,0.0737460044177392,-0.984516528842935,0.49780018281608873,0.47549391114075534,0.79669189453125,0.9876652709476881,-0.3564771651937035,-0.35505073061949255,0.03524617428280908,2.820123774018418,0.2890382518356638,0.9971021239533921,0.7180802118745465,0.31420821398604337,0.18773964494162942,0.07562438763138749,6.050873259140648,0.565746214330036,0.3078791876386171,-0.07411488807086351,-0.1019221893297896,-0.4699479411167274,0.28481117299913655,0.2749988866002688,0.2381455426941205,19.05454762946494,0.9731511502316668,0.4825353772919153,-0.21969188286596944,-0.2147669279834447,-0.8949881713110621,0.5351729310151209,0.488001580626662,0.16424834371187386,13.141870525531766,0.8057390337833488,0.4468350162535237,-0.13823729923674477,-0.1146149276360955,-0.744413493873276,0.4282030997227171,0.40527563917890974,-0.5207881184992529,-0.32729192010679753,0.9039856607531073,0.10136857284702738,8.110722029870079,0.42040388674711865,1.3764768318825669,0.6733852298365061,0.17691874483699346,0.31838431627048996,0.0688984278071049,5.512714449297745,0.2574929557712188,0.9014430559884564,0.2653046939816303,0.257370608550703,-0.2319528274549683,0.37320906802460124,0.2624851001620947,0.15754686966068118,12.605670876143039,0.8183449159705789,0.2951873810129144,-0.28473747603927385,-0.3376824657310999,-0.9578822470799956,0.48848981557643273,0.3969217424892232,0.14414093443250042,11.533032570873605,0.6784806531830534,0.3580592270844019,-0.18101932990374936,-0.3101928146557888,-0.9495139585499286,0.4206054353325726,0.3796589712261524,81.0
participant_02,stand,participant_02_stand_024,-0.4487672246737231,0.5620235683817753,-0.5460511867685802,1.1162730739896365,53.60343301298234,1.2093603856656845,3.9143885368215923,1.4385902787313,0.15301644640067794,1.0565382501308869,0.4126302771794272,19.814505910156093,1.0496091059555066,0.6742979820087942,-0.6690426995282452,-0.6019461021503358,-1.81002427466564,0.9274957740989815,0.6423630415733981,1.404672325085441,67.45236505060289,0.9493835249172707,3.82607378285562,0.8143205300365892,0.4458671256748445,-0.4846487191575639,1.437981310978871,1.1851887297327126,0.25168693415905313,12.086006578317729,0.4177291627255272,1.3890683340828365,0.078035044658162,-0.0216248361292344,-0.822798498516753,0.5077168525407193,0.5016840979730702,0.4780148925781249,0.8152414980237914,-0.7336350676378952,-0.39195131397296606,0.07637950657604971,3.667743905781908,0.3704465083450944,0.981397204553416,0.733083702943904,0.07866522002103098,0.2763684254325188,0.030998134225599366,1.4885304055132813,0.1817296000250599,0.0543257502483859,-0.3510379394664511,-0.4317121692595086,-0.5401497986984805,0.39271588861472256,0.17606287009360994,0.06987846778467638,3.3555640230201593,0.42735131309238394,0.0463533241254253,-0.5473611902192258,-0.6404878777804494,-0.8270946669286758,0.6078509195048436,0.264345357032569,0.007089895119244195,0.3404567636261062,0.060428879573914296,0.4293106990069412,0.2880847400773193,0.2876378252955466,0.0718820164293094,0.30013782264929695,0.08420151494625376,-0.920785419864207,-0.5249122284347085,0.7169170493227627,0.3265041301650977,15.678728330527985,0.8515211536735836,1.9998989531968652,0.7864934717139771,0.0750214668225444,0.5714053991389105,0.04906892480142038,2.3562897689642064,0.3405135528288978,0.5756829466605288,0.1467476304795249,0.1809837372251243,-0.2736860165015662,0.2657137404290105,0.2215150667593976,0.21102806732755733,10.133567793069307,0.8240893260147489,0.0566441522011109,-0.5220163064388785,-0.3419422676430791,-1.341492665187752,0.6953625611978592,0.45937791340851086,0.1666709440743174,8.003538734448721,0.13130747415979688,0.0654087576271387,-0.4735739475214643,-0.3461075507871162,-1.6491350816586867,0.625254530447705,0.40825352916333424,49.0
participant_02,stand,participant_02_stand_025,-0.7291560294429849,0.7189164939376443,-0.9935170928634324,0.1658414594323985,0.7752962400822038,0.7799279828599123,1.4207316123848615,0.964356094104343,0.4343228875460915,0.40723636801297414,0.05103633473213001,0.23015171681292954,0.3085492318212987,-0.019976035580039,-0.3079162189698467,-0.23433694446720182,-0.670517188488692,0.38190146980185424,0.22591222793848503,0.05635591604929694,0.27627119896526486,0.34286768100857734,0.9269348126649856,0.6758975663527845,0.7556994173422455,0.266207050654292,0.7163752063345812,0.23739401013778116,0.24134082861823336,1.1815189788818783,0.7761543224804104,0.3425947092860937,-0.44208725175311175,-0.5453440177693962,-1.0101491024464369,0.6608948227826063,0.4912645200075346,0.049792968750000055,0.9952439350616045,-0.9922845335226698,-0.9996389013702703,2.3804312400555513e-14,1.0926164957851586e-13,2.2048151215869893e-07,9.80665020001596,9.806649961191551,9.806649752097044,1.542864621428449e-07,0.010568050311451832,0.05138345038641052,0.1528183892203494,-1.591779800736159,-1.7547134508553892,-1.7671402400996536,-1.8883521790377795,1.757722203570371,0.10280102291053252,0.09080242843435633,0.44280087934286144,0.44587198227867475,-5.387482143139839,-5.8310873982404665,-5.835073350426555,-6.265776551276445,5.838868269994891,0.30133441296067787,0.06357716746370033,0.309948869592292,0.3736613170705736,-7.3037354516685,-7.676251446806391,-7.680160534363985,-8.03813752169907,7.680391490156013,0.2521451317469769,-0.8615673099123431,0.3157571446880486,0.1933347743579346,0.006216574296201108,0.028310049033004978,0.1001350295264758,2.6429204091646805,2.5499712933802052,2.4120507637098143,0.0788452553816722,0.0041433745029103575,0.018820478689974555,0.08480286598205478,2.2159876823425293,2.134149710337321,2.1428720951080322,2.0253806114196777,2.1351202215884193,0.06436904926212875,0.0032346050832406568,0.014733163391824174,0.08035701513290405,-1.1478098630905151,-1.2393441200256348,-1.2543116807937622,-1.3124727010726929,1.2406484002026341,0.056873588626362034,0.027400466229903487,0.13292283953945438,0.25048618763685226,-0.3499544858932495,-0.6190499911705653,-0.6463574767112732,-0.819511353969574,0.6407989995296345,0.16553086186540408,6.0
participant_02,stand,participant_02_stand_026,-0.8932107499472752,0.996439241456849,-0.9279410082184044,0.10744850482396702,0.24175913585392578,0.4008903554386676,1.7397391322859483,1.3264702988550927,0.9379584214086131,0.3277933874012211,0.0076963854882722395,0.017316867348612534,0.10105163283236318,-0.7279504096731543,-0.8079216745903094,-0.7657609387598932,-0.9300536753378807,0.8126707929789786,0.08772904586436718,0.08953348097305695,0.2014503321893781,0.3638505555436016,1.2894190482914447,0.9508205203245083,1.0013245754778384,0.5617179372042417,0.996791423941451,0.29922145807588224,0.048536568943827345,0.1092072801236115,0.26059388694763186,-0.1852759033739566,-0.40547309284408883,-0.3246796978890895,-0.7064636772692203,0.46145963849981336,0.22031016532113842,0.019916748046875155,0.9997244184668524,-0.9993911618231228,-0.9999347972043782,1.1458899505915354e-13,2.578252388830955e-13,4.0072512774713687e-07,9.806650340077471,9.806650000733294,9.806649538627214,3.385099630131343e-07,0.0021777436333923843,0.004899923175132864,0.057132849998399626,-1.713444378812611,-1.7714814598192772,-1.7732899218358098,-1.8277100788094105,1.772096020569097,0.04666630083253208,0.019432739322876903,0.043723663476473044,0.17072978388816118,-5.152762702161073,-5.323879731801152,-5.324654223304987,-5.494222269937396,5.32570447340124,0.13940136054887306,0.010521024291979842,0.02367230465695464,0.1256210606172674,-7.914756641224026,-8.040921014937757,-8.042007641130684,-8.165998762458562,8.041575205938177,0.10257204439797347,0.4670491843110527,0.8696579229490751,0.8426780997338291,0.00021591199300095634,0.0004858019842521518,0.017527032961874855,2.302152169610378,2.2822678002240067,2.267098103686628,0.01469394409275319,0.0004896529296855887,0.0011017190917925743,0.023705124855041504,2.0632684230804443,2.047147194544474,2.062314987182617,2.0158581733703613,2.047266785023632,0.022128102713192307,0.0006021746530701462,0.0013548929694078284,0.026817768812179565,-0.9060108065605164,-0.940661609172821,-0.9563276767730712,-0.9596463441848756,0.9409816351155166,0.02453924719852152,0.0072508259564700575,0.016314358402057628,0.10428369790315628,-0.2485993653535843,-0.35350201030572254,-0.3547399044036865,-0.4571667611598968,0.36361311478913577,0.08515178187489712,3.0
participant_02,walk,participant_02_walk_001,0.3466571938058853,-0.587593359887663,-0.1429181238331613,2.9482669230062157,2364.529048364787,2.0865280021878685,10.132709760428673,3.501553698553985,0.2657289535807774,1.7170518113924855,5.384306744705302,4318.240733974444,3.3651506559783124,6.508833092174188,-0.017024555429285642,-0.00362385661617805,-7.153173065623631,2.3204733526142607,2.320410899971232,5.522598881231254,4429.151804710165,2.4022598516337674,9.593695644853844,-0.0958416308935285,-0.15502611949257938,-6.720905073660049,2.3519745958329534,2.3500210384656675,4.292638008234262,3442.717172288124,3.2403282506475497,6.592896130189702,0.011231161675863563,-0.0069779525485323,-4.971089856584985,2.0718986816991927,2.0718682410409843,7.997541503906248,-0.34014693739656543,-0.9154233387751703,0.42944136767972757,0.5713286264985838,458.20840376830324,1.3189563157985513,3.014988598352858,1.5708807839749637,0.16576984199451572,0.7558628357702103,0.9923777981541239,795.8919701745884,1.9165812907933153,1.5662780922529858,-0.03312299501386695,-0.08422750134624415,-1.8474686894919556,0.9967321259760882,0.9961816090222324,0.017092783577957394,13.708497281668004,0.2231151301574203,0.2070168692002738,0.0042628787568563895,0.0196899374382676,-0.3181705391286084,0.13080885181536092,0.1307393727151748,2.0275182442139834,1626.079787483443,2.6052227107682326,2.3189067771479084,0.02984850214552703,0.11948008408217375,-2.619234116039217,1.424222306135638,1.4239094929854157,-0.5748345199106543,0.711468902806381,-0.6889301533993031,0.5243959448201638,420.56815350289935,1.142183427176042,4.3456075579412285,1.1810180678557882,0.04987330468906621,0.7241518796634887,0.7048442833562035,565.288716645466,1.011907325272081,2.354513887498256,0.012360621480805228,-0.18378300811357617,-2.808128041085422,0.8396410353952428,0.8395500481544882,0.747818006925292,599.7537597942481,1.0167463808458232,2.81357083074556,-0.003056322235337295,-0.0723863473904354,-2.0083519294873557,0.8647701128224182,0.8647647118871653,0.46623869944272855,373.92575079419066,0.8097880214564238,2.058309973734058,-0.011683562331797043,-0.07038877796470525,-1.908451418889635,0.6829166897005005,0.6828167392812866,804.0
participant_02,walk,participant_02_walk_002,0.4128686339974945,-0.6365387641922468,-0.1924710225500188,3.1113896045544944,2594.9174188490856,2.6374278963768782,9.415979999991698,3.497735498492167,0.27581056649444474,1.7639131510804307,5.342975549771445,4456.067122453034,3.0367035568819887,6.403295636583302,-0.027541038717246953,0.098385330274757,-5.307095416113049,2.311651803058815,2.311487735154882,5.797638857852685,4835.258672040021,2.8268813784744404,9.319048225754,-0.10265810470277408,-0.18548640720459159,-7.693721741853289,2.4100160879782218,2.4078286604018744,4.193534258197509,3497.4276705548955,2.9582996795069736,5.614387573711747,0.009867161208340998,-0.0039375436780184,-4.473542155525483,2.047835837919588,2.0478120661324146,8.315868896484375,0.06252195307125545,-0.915807005762774,0.043609408187911515,0.5678031833775035,473.5505913951988,1.2779674991233754,2.827995868120009,1.48329395019143,0.0973960752596551,0.7535271616720286,0.9665260651733162,806.0873603266339,1.616155259435542,1.4396996550056296,-0.010708950043998564,-0.10950159432477495,-1.9064471510113896,0.9831788986671557,0.9831205750940808,0.013536858282437109,11.289804459148653,0.19720830442593087,0.1949631330370045,-0.0006826726304642893,0.0061149652864507,-0.274295873433707,0.11635000783995458,0.11634800506427735,1.7866732111224641,1490.09401074386,2.4243166973689494,2.1876834554415803,0.033359313854099154,0.19398075923261876,-2.468385163664178,1.3370811699157537,1.3366649584403956,-0.5214394774365402,0.7675167395620546,-0.5881696732175441,0.5481696895078316,457.1764139942098,1.1575523533759577,3.7700632989842684,1.162716993793463,0.05585963278799317,0.7403848252819825,0.6749447770690635,562.9072110006726,0.9400372099859211,2.4125151508355462,0.01419907022325072,-0.18901029397552,-2.87477531018076,0.8216729219490371,0.8215502279648297,0.75680225970145,631.17670845222,0.919221929713484,2.5434393975203764,0.001709292360216284,-0.054105542123028455,-2.189335064265047,0.86994550483454,0.8699438256010844,0.46812525718599246,390.41871738528636,0.7811514532695212,2.3238930476781903,0.0019151845487984755,-0.08753536962492756,-1.621953658808455,0.6841994775778832,0.6841967971176074,836.0
participant_02,walk,participant_02_walk_003,0.39331566571011994,-0.6589346875492827,-0.2254977522847581,3.0223681603509887,2369.540482967287,2.63743204194014,9.276204127337289,3.555549330545856,0.29818726518238065,1.7384959477522486,5.582501189363425,4376.688034879742,3.437591069371633,6.878500088082965,0.002497266273915647,-0.0472620209074808,-5.684180908831579,2.3627330415648458,2.3627317218345856,5.489700643138624,4303.932288572645,2.7014393488807364,7.266051032467838,-0.029001790889946432,-0.1574590639834144,-6.363467367364613,2.3431905059156946,2.343011020703621,4.591202352586204,3599.5084856519507,3.192470984950514,6.420469038618863,0.006904852942130435,0.0842479103814523,-4.933673058171994,2.1427202406241364,2.1427091152525124,7.807931884765625,-0.036180445508184396,-0.9366152017218347,0.15990650371453186,0.6164710347786251,483.31407558073573,1.3892874932997252,2.996263160722181,1.508973296060845,0.1662431010090382,0.785156694411138,1.005428128516265,788.2569319273989,1.6876251119121806,1.4612586120394009,0.0031715089010022927,-0.0818152809362136,-1.8983683229699504,1.0027154067755089,1.0027103911480448,0.01472497896079378,11.544402239332248,0.2043504822878178,0.2311627842721645,0.0021283788858281047,0.0164500000170155,-0.2736345468301643,0.12136518840868422,0.12134652430454602,1.872807228802674,1468.2832500876943,2.3977613243628277,2.3305014390402503,-0.022282689654372217,0.1088211185155152,-2.603895717829261,1.368686869616607,1.368505472697378,-0.6098009974123457,0.8045038844771268,-0.6702443033788658,0.6063631341938643,475.3894686623589,1.2914341756296324,4.01970065902718,1.233894825440043,0.09630792072948535,0.7786932221317098,0.7735015822195374,606.4262245588225,1.1036693223751937,2.499393034591108,0.032635667212632044,-0.1648919781799477,-2.748741793116519,0.880094693197244,0.8794893872125674,0.8261019822205798,647.6650050812681,0.9823524613932276,2.475088199215167,-0.015603803492040401,-0.0798529012364749,-2.175914090604867,0.9090354563513999,0.9089015250402982,0.5274269812711282,413.50342434325825,0.8555717599367109,2.3426662739826445,0.022813664162107925,-0.0698679323130082,-1.5783821801496396,0.72659992055025,0.7262416824109782,785.0
participant_02,walk,participant_02_walk_004,0.4246709353820967,-0.6086192668046451,-0.1323214264763081,3.388446375748673,2832.745213617986,2.3659863903070226,10.61279945762372,3.4981716340975897,0.21709128873149577,1.8407733091689138,5.315563927511342,4443.817786554525,3.3023388557556768,7.039916727581586,-0.07155845510666022,-0.2248062020282604,-6.613118510976825,2.306660907027427,2.3055506777148365,6.1048500182461805,5103.661900277693,2.812508556673205,10.34259065520592,-0.0649174569669538,-0.1450943019453564,-7.523534564498052,2.4716521386443597,2.4707994694523836,4.193630317755361,3505.8799499756033,2.8381087858779397,6.39967485788118,0.047665554905812105,-0.0357144509596071,-5.460756626690521,2.0483901783790706,2.047835520190858,8.325758056640625,-0.09619529915350584,-0.922844826796931,0.18958842725975275,0.4586488213335389,383.43096194846765,1.1806250026399034,2.653127748047458,1.4785605151710302,0.25644790553106217,0.6772361636338825,0.9430498283739137,788.3907818783822,1.6657613964317914,1.4761533222298686,0.030151970186219304,0.2651612810705305,-1.7584693997488607,0.9715755089955821,0.9711075266796739,0.010690240843376553,8.937054101913445,0.1838285601685602,0.1647157750485854,-0.0016205672744144723,-0.0012869247122884,-0.24623060892411,0.10340632031779999,0.10339362090272568,1.6886501960473401,1411.7135789912757,2.416966260831046,2.1037885162205225,-0.03857441570950622,-0.0921396528498025,-2.296510213582533,1.3000531456808488,1.299480740929753,-0.49137572733700874,0.747048611174472,-0.5813660284398406,0.5356687881270791,447.8197460971357,1.1699387052301269,4.261582937212215,1.1500553153386888,0.030417879686385218,0.7318939732823868,0.6575006891447834,549.6713607320664,0.8210234717513161,2.384077101655369,-0.009794791028381947,-0.1982727412802054,-2.954435042781544,0.8109233176300168,0.8108641619561093,0.7374316204748812,616.493714707001,0.934770837331486,2.617367680926159,-0.004753766537120611,-0.0932235220272553,-2.451172850473591,0.8587515465902641,0.8587383888442867,0.4631101051812086,387.16060056884737,0.7748926888532168,2.230118511155745,-0.011621765674704904,-0.0821206486406637,-1.9211405094485607,0.6806211652737566,0.680521935856008,837.0
participant_02,walk,participant_02_walk_005,0.37863159315433614,-0.5497163189065429,-0.1988597746710968,2.1213525086925635,1790.4240248453991,2.263519626196082,7.935290718280483,3.1524495030578055,0.15918716416264714,1.4564863571941082,4.674172070944686,3945.006752903404,3.2526714402734243,6.014640990482498,-0.024596132840455066,-0.1476949246114893,-4.699312827535837,2.162123271392127,2.161983365094349,3.8732644687543387,3269.0397899554564,2.238525620079696,6.968213045795737,0.02303553799850764,-0.0844101903880134,-5.56347235297026,1.9681959010132144,1.9680610937555618,3.5093051498107886,2961.85769455514,2.8340758424620933,5.1220033644691485,-0.037590992944704194,-0.0839239699705992,-4.922119365935993,1.8736910718048898,1.8733139485443406,8.405373779296873,-0.11375118319237632,-0.93769087938295,0.19315198798225183,0.566123286439311,477.80872293123997,1.3027060461564566,3.0323551942878653,1.4735556465884252,0.09540638136582773,0.7524116469322567,1.0166443639707068,858.0490448985622,1.7382699571342992,1.6512217048245024,0.021614681505015998,0.0290697602030582,-1.8685095538302896,1.0085194883725699,1.00828783785718,0.013264646328686817,11.195377180662655,0.2074484343874449,0.2002954660172412,0.001869687210077514,0.0165013215620641,-0.2747379853263143,0.11518742144414183,0.11517224634731589,1.7053604815901269,1439.326262254598,2.3702572450374264,2.1691718426375006,-0.04182520717934745,-0.015460009413974,-2.532734848558639,1.3065641314324077,1.3058945139597329,-0.5496235242196033,0.7891567587484135,-0.6262711133748218,0.49081784483307067,414.2508412020489,1.1128061997535181,3.5636432487289222,1.1399224931243412,0.07981031250955951,0.700583931326626,0.6232346138299015,526.0107507563774,0.9679668556325562,2.372543061278944,0.01932717227660558,-0.2121994678772361,-2.1789828744715005,0.7896886433386965,0.7894520972357357,0.6958831750631873,587.3262223102745,0.9543691223096799,2.3237151229298605,-0.01813536952407684,-0.0799990578177514,-2.478515401228853,0.8343932326493079,0.8341961250588421,0.469906208396116,396.6013953310126,0.7996184545525236,1.9818787127246391,0.022687147434085998,-0.0922669193747202,-1.429178750930736,0.685872375194403,0.685497052069603,845.0
participant_02,walk,participant_02_walk_006,0.4029766616994221,-0.5734551397065323,-0.118779963832047,3.5117539218446265,2893.6894831180366,2.464063786966287,11.290377058410154,3.413358314340595,0.2598035759904651,1.8739674281706784,5.428596429870118,4473.170030363618,3.2654907991876163,7.121723794707928,-0.0051341757809022035,0.121525200164811,-6.566137880469887,2.329940512036963,2.3299348552846104,6.288419869153731,5181.665585281789,2.408275793560297,9.98016073774716,-0.06152006312607794,-0.2212188445462702,-7.173914784491134,2.5084267155571376,2.5076722012962005,3.4415143228891942,2835.8119685429274,2.5972954160086044,5.314034352966052,0.02066891583180848,-0.017201051784326,-4.713225803365553,1.8552470258622857,1.855131888273498,8.206134765625002,-0.015678401396452882,-0.9272208021315522,0.05251157502804448,0.43403508858550044,357.6454384606613,1.164799534208568,2.6599401798375935,1.4332365764410646,0.20826291050776596,0.658813394357993,1.005236612164512,828.3161854170348,1.782047602146205,1.49501944994985,-0.0052040506894416114,-0.0148287501560453,-1.775893714022404,1.0026283929293496,1.0026148872645528,0.009697679998937928,7.99090005965754,0.1771918057885405,0.1625079488380432,0.0002845926161950701,0.0034945005347167,-0.2212240887555482,0.09847721052048093,0.09847679929271629,1.4728680486420647,1213.6450552142926,2.2355515835631765,2.0470090867804114,0.019304628770170824,0.0846197765927882,-2.1476994880319165,1.2137712788388177,1.213617752277077,-0.5004780481061699,0.7344021955869403,-0.6070190369839585,0.42273594382177393,348.33492949599867,1.0507586313866581,3.4564741136474004,1.0866078029341326,0.10840130066859283,0.6501814699157259,0.5257975107838319,433.2577854446072,0.7750599810578004,2.2139227758604183,0.011297592477193606,-0.1126677158732042,-2.2254989957574702,0.7252069679612936,0.7251189631942002,0.6440062113618567,530.6618978307065,1.0059255585534275,2.161440476477892,0.0072822100962257035,-0.0661913689342718,-2.1063742844661566,0.8025330161094572,0.8024999759263901,0.4334628872642364,357.17394387920206,0.7612477977673131,2.0250141827038988,0.002277197735190964,-0.0448416483485936,-1.6583971923228296,0.6583829226929884,0.6583789845250503,825.0
participant_02,walk,participant_02_walk_007,0.43853790601797205,-0.5432846560947545,-0.15238327906779792,2.819245584722831,2379.4578318046633,2.3455277477982115,11.117995863148295,3.3818264973363927,0.2576520529797313,1.679060923469673,5.349533214674963,4515.031337144746,3.478297201574453,7.307903004641292,0.02719355459888055,0.01429652221970515,-5.884042735040078,2.3130656506218505,2.312905794595829,5.370260083597204,4532.524881317308,2.4558697488364722,10.985378877243374,0.00364917560496874,-0.16221976706880115,-6.120152727414916,2.317385034921862,2.3173821617500217,3.5354359528319033,2983.9247710439554,2.7749328967632874,5.058154051743068,-0.003739760818067989,0.0583595578280531,-5.845534159875794,1.880279218265968,1.88027549918407,8.415230468750002,-0.2109545722303581,-0.9446679722358846,0.26386178942698535,0.4777515982980033,403.2246109042812,1.1816813968913606,2.864713495430575,1.44103133145581,0.20525874269082317,0.6911957742188557,1.018720667929894,859.8051180386152,1.7328917926026564,1.6796719724579674,0.016771248947295994,0.13687023036826654,-1.797751508624306,1.00945626092523,1.009316931359964,0.011610381197551072,9.799217345960479,0.1844748131589792,0.1765441942091866,-0.0009752665575282055,0.0009592546213684,-0.2795731224759826,0.10775589237906809,0.10775147886479829,1.5234710101772027,1285.816840659902,2.2209627351303958,2.097774464051727,-0.015447048085322131,0.03222636379726325,-2.3478231747430383,1.2343863339618406,1.2342896783888304,-0.5193005017473654,0.7486173949042816,-0.585643439344742,0.4827969837440815,407.48455700555763,1.203618087710182,3.3220620587402925,1.156596381951482,0.06355949447948019,0.6948359401643538,0.6099234508423848,514.7782698583807,0.8222205798213711,2.2751283397880164,-0.026449942568841606,-0.19641974992626976,-2.2815312279486326,0.7814237328775471,0.7809759604766237,0.708610896254701,598.0709392575793,0.9457291861444156,2.532195238638745,0.027215178463827934,-0.0016179614029528501,-2.4623690738090063,0.8422301123763737,0.8417902923262426,0.4999789546106119,421.98463455687863,0.788164365210304,2.2571361438045505,-0.023634876325653986,-0.12309482571035985,-1.6903257234836475,0.7074867928021984,0.7070918996924035,846.0
participant_02,walk,participant_02_walk_008,0.4170576338860153,-0.5825250492187928,-0.1014619953258961,2.6178041652704893,2188.487406037448,2.385431682527751,9.864781262052158,3.4135577508181756,0.2726172656218482,1.6179629678303793,5.389551841708402,4505.671771114335,3.343458264743904,6.106333171907313,-0.04842594177009564,-0.3145223272019982,-5.360779535541619,2.3220458465639138,2.321540833521651,4.815527680480078,4025.786887334424,2.6456671004334806,9.434351087656593,-0.052116527716489225,-0.0668883128904718,-5.853776125943687,2.195049842928698,2.194431060771807,4.059750755384512,3393.956476072758,3.072620970880323,5.395896599932411,0.017005927519443863,0.1214905300619753,-4.607210178215508,2.014954083088572,2.014882317998873,8.325573974609375,-0.04325540061158104,-0.9357621744958501,0.0978486061494395,0.49237275747201864,411.62421280359723,1.217708723229265,2.6693760289632347,1.4855979629280653,0.02513678254271696,0.7016927799771198,1.0970597185799371,917.1432338733026,1.8759957042073485,1.6819010386623827,0.027214199666083193,0.1200585053910072,-1.8370712285602628,1.047759672464732,1.0474061860519714,0.010364627265910205,8.664840762591222,0.1796521953613806,0.1728966768935712,-0.0008720728823715128,0.0009874067384785,-0.2071774172887428,0.10181054845654439,0.10180681345524083,1.5897154593234228,1329.004021029536,2.4575863209068505,2.069522465078323,-0.038637890524561236,-0.065632458974033,-2.14731387709392,1.2614310706129015,1.2608391885262065,-0.513305926604957,0.7293789161571106,-0.6061814385963639,0.5450383803193893,455.65273635080456,1.2147164162096147,3.905097562457407,1.1534541443015716,0.03708266666194245,0.7382671469863665,0.5973026427233107,499.34572208833765,0.8671949377612002,2.502855561534509,-0.004034866200219181,-0.1942401074196127,-2.5306683401924186,0.7728641037521179,0.7728535713337363,0.7799749804607111,652.0600144228877,0.9245447433653241,2.996769756045412,-0.004886602999649514,-0.0704435426088457,-2.5706371887064483,0.8831754408664154,0.8831619219943255,0.4981577675956553,416.4604881703109,0.7585686765787338,2.23239697915132,-0.00439243805340765,-0.0775598557617055,-1.8858572628177768,0.7058165916919978,0.7058029240486718,837.0
participant_02,walk,participant_02_walk_009,0.4396899820277997,-0.541807073921342,-0.18059164129151672,2.3454316762681473,2068.6823388152466,2.2711947247455395,8.310094253925051,3.1919751316073444,0.1573556162012527,1.5314802239232954,4.954412631226102,4369.814319922596,3.2026558490264323,6.613816570526612,-0.02519757085515227,-0.1754864616712158,-5.519395987610157,2.2259936093356383,2.225850990346412,4.108299095051964,3623.538816673015,2.2539027665149645,7.627927748071354,-0.019960617818652226,0.0079397963022106,-5.760979896342254,2.0269922351394607,2.0268939525914926,3.468872439282717,3059.5611698665944,2.8331499317529065,5.446048701514413,0.03897958012066566,0.00395693564395975,-4.727875338069178,1.8628987752825168,1.8624909232752564,8.793619628906251,-0.18778288872848947,-0.9380041721906619,0.2558243367120518,0.4632517994463395,408.59019740302386,1.1833609056304994,2.6927401939707547,1.4431573937447992,0.08201066105476922,0.680626034946019,0.9650968969032453,851.2198309108447,1.739091638911058,1.5306679842856694,0.014532835059086766,-0.05144683494733525,-1.775546053064615,0.98250094157619,0.9823934532066291,0.011405222250038118,10.059458335732113,0.1888745426191853,0.1879593668686245,0.00150429905609541,0.01063391545609455,-0.2586378747864147,0.1068058292682955,0.10679523514669612,1.5680238511702902,1383.0041241852084,2.35598437904304,2.0069937691371567,-0.0348658290098297,-0.0133575934638057,-2.215453870254199,1.2526928902180428,1.252207591084757,-0.508099396191252,0.7713785939393566,-0.5744850903450992,0.4335757276161819,382.4166930179179,1.1388007259647512,3.0587760072946737,1.0964028951069578,0.09041086087754652,0.6584646745393271,0.5748908958962528,507.0564036578279,0.846500927865073,2.0899407089805395,0.014449236532202623,-0.1942391119822908,-2.0854761687451884,0.7583532661844454,0.7582155998766135,0.6104476828981699,538.4176290779392,0.920254914483455,2.6214609524450228,-0.010095023400418738,-0.08456468618666035,-1.7400293039694543,0.7813767288546702,0.7813115146330366,0.4498385959198577,396.7597153019031,0.8224743190679502,2.059558466390075,0.013681058694470402,-0.0931461753256958,-1.6201594441997285,0.6708395987766816,0.6707000789621674,884.0
participant_02,walk,participant_02_walk_010,0.3708234455504797,-0.6052708751785705,-0.15881474923323122,2.8097965771904674,2247.851544093648,2.211178175726676,10.912912909932608,3.528235360433237,0.04898711517125442,1.6762447843887442,5.226904603249372,4181.5496950674715,3.497777008255674,6.607803758727722,0.011081909843998766,0.01830258158522825,-4.837008099292449,2.286269321837469,2.2862424637928,5.896883705775431,4717.536354517029,2.819966239663127,10.709872747373318,-0.05812979764902268,-0.12564335187178735,-7.05356729405716,2.429045651927964,2.4283499965563924,4.130627645146927,3304.522690591741,2.9784011571497535,6.435879804019272,0.0179860926742695,0.0518563259296353,-5.6770802035956685,2.0324741436674203,2.03239455941678,7.976975341796875,0.1000848209608304,-0.9285614743218418,-0.008546460211039249,0.5521481801528413,441.7212911351642,1.2284703907868626,2.8071397682632,1.4667845621883788,0.10875175890225111,0.7430667400394404,1.0361391107516231,828.9165039422647,1.8344773006176784,1.503186370214998,-0.016810188952929732,-0.07900439394973441,-1.8718933014566812,1.018047981778981,1.0179091859059055,0.011988000300681588,9.5904600546612,0.17952588486394283,0.1805560051208595,0.000387088427065044,0.008813624747640199,-0.2504707031011891,0.10949041116980042,0.10948972691847207,1.6546239005085364,1323.7074275023579,2.197166136589689,2.115051511213996,0.023903727242218637,0.0957418882452004,-2.424753571756941,1.2865439318906318,1.2863218495028903,-0.48635383388273573,0.7422544760146751,-0.5615593463285536,0.5205699989757373,416.45861444140746,1.1459178598753608,3.5001525405982967,1.1489027579648359,0.06004188406899345,0.7215053700255718,0.6383576468383535,510.68929621212095,0.831400707415733,2.648051772990369,0.0002605749259098878,-0.13938662348874095,-2.5490327540607125,0.798972912392933,0.7989728699013212,0.7210851067989043,576.8716952911753,0.9026294194125952,2.4833413475654607,0.008311937245860396,-0.0261748790878431,-2.359055010098145,0.8492079810621679,0.8491673020076222,0.4810214006685207,384.81951525480514,0.7811311464164536,2.246283360483697,-0.0037730265164400974,-0.09491880177034605,-1.650166046099715,0.6935673265066733,0.6935570637435111,802.0
participant_02,walk,participant_02_walk_011,0.4183924103986209,-0.5788705208981607,-0.16048591001925666,2.666544421942877,2207.913118610569,2.2779280049836323,10.416287474928948,3.563740404923751,0.10441177483503644,1.6329557317768528,5.59501138121993,4632.696323719461,3.4205746292196775,6.727127406288304,-0.08786885416737995,-0.24012694332052664,-5.428831987987709,2.3670091501201718,2.3653776402976185,5.783059294348859,4788.400898911399,2.9009950115147793,9.69918552681555,-0.0731478142475882,-0.08749094661728174,-6.557355290736725,2.405911448303544,2.404799221213459,3.975336573561424,3291.5978572026506,2.8820395529704417,5.928008526777914,0.01764392917913805,0.04915571639549355,-4.775557446088092,1.9939026761099203,1.993824609528487,8.2557998046875,0.038078594239191965,-0.9470342527596046,0.043705817058036237,0.5510759409610776,456.29352862210243,1.2658011467143735,2.8751965935787576,1.5469195989836029,0.14889867610660887,0.7423448935374161,1.1587523686658157,959.4525675610063,1.9580355678901393,1.6039379681651276,0.03513491934954136,0.156339870651242,-1.9877461819947129,1.077026847958543,1.076453607298436,0.013057424050707419,10.811610738743038,0.19806492128392175,0.1969301720683934,-0.0005281265018356096,0.00398981088229945,-0.2381313231886391,0.11427030659059839,0.11426908615503766,1.7694923614398557,1465.1483000524895,2.4777956971096624,2.2426509912308377,-0.038720679862174825,-0.07149664113483355,-2.337715228510918,1.3307861032069896,1.3302226736301919,-0.5378238423309322,0.7824131033908961,-0.5810908120972216,0.504291692442216,417.55598429443296,1.1524266474677134,3.298562220278464,1.1970244791380906,0.07763792710612377,0.7101349818465614,0.6701639627434728,554.8989831478549,0.9599341125522365,2.3017318281088266,-0.007934463147064226,-0.25538375894514886,-2.4621427037629084,0.8186738779568485,0.8186354272467523,0.7415874248723634,614.0379738824302,0.9490134200328992,3.048630194318056,-0.010515107885670711,-0.09650544656108305,-2.224123603732974,0.861218899215647,0.8611547043780017,0.5251197118870454,434.8016470933727,0.9262017619037667,2.0673972561157714,-0.010708566471390001,-0.15515889754916046,-1.7126988836490025,0.7247305604725921,0.7246514416511192,830.0
participant_02,walk,participant_02_walk_012,0.37116208205989615,-0.5635403417955066,-0.17697520916054477,2.982461802421687,2403.8809157359674,2.4475825867302947,11.864923635264567,3.4481212235210066,0.16811625873507102,1.7269805448880098,5.491982797933465,4426.565357844784,3.24787345682821,6.398768857960673,-0.04389176342014522,-0.11943405955442671,-5.477306945971459,2.3439089753720377,2.3434979833431617,5.292657836367845,4265.908422254958,2.669951433915476,11.552581244257322,-0.05558542366595329,-0.1362157286906239,-6.309219207472497,2.301249133773214,2.3005777179586535,4.082070479364592,3290.1689729789805,2.9736396181625095,5.456572250361569,0.016566068680620848,-0.11712323016126519,-5.32801158528347,2.0204813570028612,2.020413442680629,8.037249999999998,-0.021610472116643305,-0.9367990931480731,0.16492472687815943,0.6207557763029434,500.33224326685513,1.3405872950256854,3.283639275487883,1.5588379912227825,0.17017717420819814,0.7878805596681159,1.0283343812890942,828.8426010068009,1.7111792705739988,1.566405346173783,0.02750084819016843,0.0868490433557974,-2.028893012062668,1.014441066765474,1.0140682330539175,0.01755676609237564,14.150841297806737,0.230294432296743,0.244907655880207,-0.00110976933529695,0.0056094360867815,-0.3654475065755723,0.13250659485607955,0.13250194750408628,2.0027676373939065,1614.2406165213663,2.4541841165835487,2.40898922728736,-0.036267701442062615,-0.00926466803616055,-2.8661998427663344,1.4156563790559475,1.415191731672393,-0.5549135438984057,0.7580504972050679,-0.626860920046901,0.5730672761796444,461.8972735715919,1.1035259622081675,3.4830503389389107,1.1848071611511923,0.09885891562341556,0.7570120713566226,0.7011351169182294,565.118392114852,0.904785087150529,2.582020333596018,-0.024774722986213568,-0.24233717752170314,-2.4301488312311523,0.8377045444649761,0.8373381138573769,0.8004791037783696,645.1901139337074,0.9035544476530968,2.587590105303732,0.0016274704338543435,-0.03588934170050115,-2.13463095466977,0.8946964582686033,0.8946949780670336,0.47459810168119265,382.52841380630485,0.7711529512570585,2.411041558250804,-0.0025548694573175336,-0.114054242327101,-1.4028923452659374,0.6889155456506527,0.6889108082191719,808.0
participant_02,walk,participant_02_walk_013,0.4672382802414469,-0.597282327731591,-0.13072368906329332,3.2955397781888602,2722.1198369045032,2.5097036732958125,10.437636226293268,3.3519432946844843,0.17397172095000282,1.8153621617156341,5.246499541807116,4333.614957884782,3.159981427635528,8.518180452836347,-0.003600248905638566,0.166972689149573,-5.82765884036056,2.2905266869432666,2.290523857506644,5.516102268799648,4556.307135987771,2.466523506996285,10.12429213225406,0.0015168786655832146,-0.145778555104746,-7.937826153181891,2.3486388759706194,2.348638386129216,3.768390674800156,3112.6952485813963,2.788341860338644,6.7317793885565225,-0.007475349433144896,-0.1795040735879129,-4.951295470721171,1.9412487104050586,1.9412343173352762,8.226365234375,-0.24847212922957237,-0.9341652998497022,0.3732674246038095,0.5925895638710724,489.47969544538495,1.353478867563493,3.061836611830609,1.5593806941083324,0.14512735234690727,0.7697983917046544,1.0248523049639824,846.5292416445795,1.6934836951031422,1.4849257994515157,-0.00018462257724974625,-0.1009575750207086,-1.8939821744157304,1.0123499093937227,1.0123498925588832,0.0172210266995274,14.224588852151056,0.22237660220616834,0.2111797345361103,0.0014607345189604159,0.0181495969291894,-0.3601828024470517,0.1312370391500139,0.13122890954179037,1.9820187990504534,1637.149921758186,2.473319624992871,2.284254852995115,-0.012783367477398605,0.1248576141668502,-2.7188576450042703,1.4078999302274704,1.4078418941949602,-0.5469440694870153,0.7877408098517669,-0.600417757984077,0.5811328937186658,480.01647206293904,1.2264451290023262,4.307647615024059,1.1950897209881717,0.08505049563702893,0.7623207289052724,0.7138848294879578,589.6697313367991,0.9857359233933638,2.3999279980177297,0.02952425901011706,-0.196402469455553,-3.2189473574588003,0.8454327361523531,0.8449170547976634,0.7889611896281173,651.6828954845033,0.969042238502923,2.9996060883019564,-0.004194158537565131,-0.0418114367449139,-2.790589642693084,0.8882447751571385,0.8882348730083262,0.5051349237519659,417.24205708545685,0.8589126147670421,2.188434766843206,0.022408017009014434,-0.0633734846649413,-1.7695792815805256,0.7110816007873091,0.7107284458581673,827.0
participant_02,walk,participant_02_walk_014,0.3879901665147769,-0.5930061566908613,-0.10666629599434484,3.129372075519981,2503.5015623761788,2.488070503903777,10.770265440214823,3.5595915552743755,0.27590994708813693,1.7690031304438047,5.473348233866701,4378.685411717094,3.26871137182334,7.756946449167979,-0.03381801324200211,-0.1353883936005895,-5.533531926327683,2.339763212781656,2.3395188039138946,6.029124778261474,4823.307340221122,2.6265970481535508,10.335741983003974,0.07882622052544466,-0.0782758078648269,-6.357576236249469,2.45669256344863,2.455427616172278,4.286931744948071,3429.5507412598854,3.1118622493209513,6.084121090988792,0.05746414327580269,0.0371196813655806,-4.614242228907221,2.071287974355689,2.070490701487952,7.967341308593749,-0.059777240222989365,-0.9326319766949591,0.17362602750727468,0.5802034776612431,464.16350557472737,1.2952613477152353,3.15098865968137,1.5579188867458547,0.09044839928233393,0.7617108885011709,1.0761776718631613,860.9434793579505,1.865835662510487,1.6311179036675598,-0.017531897329606704,-0.0969072504530488,-1.891944420773408,1.037537970045982,1.0373898360130396,0.014696382928889178,11.757124667778337,0.2041732035692215,0.2170454558232538,0.0008387778673056782,0.0054491404370865,-0.2839672198742377,0.12123154076889338,0.12122863906226605,1.915231961931323,1532.1879576148374,2.5003511913387415,2.239620385081603,0.03001079214260909,0.1169030447877965,-2.691088507912623,1.38424441829337,1.3839190590245236,-0.5371355606308517,0.7732421528785978,-0.5959754895358441,0.55301412524843,442.4119897425411,1.252772603628089,3.589431783995569,1.2105426053457913,0.08371849193654107,0.7436491950163262,0.6848572325843251,547.8866400041591,0.886586175514833,2.4567385623820317,-0.00996716358649893,-0.233947100660843,-2.417856366839473,0.827621034613237,0.8275610144178646,0.8214495964023609,657.160701373256,0.9552065297840778,2.572254151215413,0.011109676547352869,-0.0907631686765297,-1.8530430947574488,0.9064066533931378,0.9063385661011899,0.5118048333083542,409.4445048073236,0.8796690860075599,2.187088510050778,-0.009648473859608691,-0.1014402662562494,-1.6813662088365635,0.7154704231176673,0.7154053629295452,801.0
participant_02,walk,participant_02_walk_015,0.23722086746438886,0.32462455192851947,-0.16516494202509213,6.25077810899381,6825.872881809406,2.357343250786035,20.7086140528289,4.4675341546893765,0.14101576722969697,2.5001556169554346,4.089064349661404,4465.273195824808,2.764244623737838,6.215290369352803,0.03607551685667938,0.28296457048561763,-6.230028928755122,2.0224652759881643,2.022143503726035,14.435054571806521,15763.132278874948,4.244645077500207,13.36202910518166,0.04724342446654963,0.06495029649855649,-20.641782737308382,3.799642945457092,3.799349230040129,7.681511833436434,8388.238978526544,3.876593430742344,10.135377293845483,0.021803516546071586,-0.20503292710743481,-6.37229990846836,2.7716398082669778,2.7715540466381734,10.884636962890625,-0.2793517998089686,0.7762829267398829,-0.6990981722502311,0.8021170240940259,875.9147223465056,1.534885574581302,3.8251602729692884,1.918547540795954,0.0633248072458696,0.8956098615435327,0.6074977905670074,663.3898222718527,1.08890869035984,1.6596163778261717,-0.006823388903820118,-0.24642661339251945,-1.2820376171173185,0.7794513129138602,0.7794214460527804,0.06423864441498739,70.14883550669775,0.35712774863131846,0.7413157185650922,0.006311037355932455,-0.029007287068627152,-0.4042022758363258,0.25353199720645786,0.2534534363842546,3.809538216381273,4160.029743105041,3.48758593723539,3.177308484529385,-0.039757404295547846,-0.06615431202366705,-3.6968092296706816,1.952208715167923,1.9518038365525552,-0.6881196456462356,-0.6623098981262773,0.6413484504673664,0.9590167306877336,1047.2498914329435,1.4922367182081966,4.591779915279315,1.628763537640511,0.10117411420126256,0.9792939960439528,1.6162626306157268,1764.964698501276,1.8466111851659393,2.783436417181052,-0.009456160292194265,0.21799990929633084,-3.117254525349996,1.2713583482178414,1.2713231810266525,1.4899929117875137,1627.0777059049076,1.0180171905544748,3.997058695084323,0.011724381214929714,-0.08045849588486345,-3.0127830595428016,1.2207089632268564,1.220652658124953,0.5053941799312472,551.8922911933464,0.9287153289305259,2.602688950302419,0.003284785858110798,-0.030865323812827,-1.8245564792845297,0.7109183987979077,0.7109108101099935,1094.0
participant_02,walk,participant_02_walk_016,0.06519657682401118,0.46847668925500524,0.006426444648590699,4.4266842335272525,4515.236316888076,2.5842227240878337,15.678869597556437,4.375511187687603,0.5296588377883694,2.1039686864417093,4.263635159866277,4348.924517918998,2.436569575350519,7.026552135960106,0.02308460756312977,-0.03098687773261375,-4.526519770292176,2.0649862127802745,2.0648571766265764,11.558743809401996,11789.964744684208,4.695704408292068,11.845909848560956,-0.00661675047312721,-0.2858594868342207,-12.927315661031734,3.399821699852629,3.399815261069636,7.7488248700070175,7903.831636265016,4.174155900656961,7.757468954360455,0.0013665058220557478,-0.5371706201455317,-6.429014949308182,2.7836714492456145,2.78367111383637,10.167736572265625,-0.06949191060089012,0.8344322367602743,-0.4444786805893029,0.8561954320445385,873.3228070222082,1.599050812567329,3.6863186634350096,1.9322430945527804,0.14141350002563588,0.9253082902711607,0.5377223566950243,548.47892022105,1.157968961721628,1.5404076762894925,0.003629750005134531,-0.25185057706057906,-1.0901014481988134,0.733304528678314,0.7332955452578614,0.05287441770541253,53.93211304671019,0.33998994971665675,0.620784476802904,0.0009253006935926081,-0.024546229956840547,-0.3440915499151995,0.22994624129736518,0.22994437959083178,3.999145391575902,4079.1440207875976,3.63518530445554,3.151963493129665,0.0016159358378110263,0.10813888838814145,-3.563412236742581,1.9997869893627507,1.9997863364809507,-0.6966283262289195,-0.6380965780466855,0.6713654585332949,0.8796834537489914,897.2806558898769,1.4974527217959364,4.167342395214343,1.6341311068604014,0.16766283131515902,0.9379144170706576,1.9621364355815045,2001.3869560096396,1.9774427015315044,2.724749420089491,-0.03638240349098969,0.2943759853765472,-3.798367239196032,1.4012352104001975,1.400762804896498,1.126635507832638,1149.1726801828474,1.1580807661723203,3.5147330207574297,0.010679432940794417,-0.09450573256785375,-2.7897286985400247,1.0614846009813683,1.0614308775575723,0.4597553180498553,468.9522218722183,0.8699017889726902,2.244338464062545,0.01014579331923693,-0.08864237839899525,-1.569596359601711,0.6781284945878119,0.6780525923922534,1022.0
participant_03,run,participant_03_run_001,-0.5255285736438998,0.22422139370671773,-0.10763519400814835,51.86924021511814,56433.98114661879,9.340156039912817,49.22246040591881,10.172994562339944,0.31303643933342673,7.202030284240559,33.68234916496905,36646.51928119175,4.647981678079359,25.226852489640297,0.02820120425683137,-0.2492753383240066,-14.328397429755531,5.803718159326018,5.8036496418175565,86.25919243994542,93850.3173808691,8.93877124697906,20.44264059868709,0.10991483090363773,0.4497696328446247,-35.35541031110531,9.288233077932423,9.287582701647692,35.40436490092167,38520.08021503079,6.291352864678583,29.70269187059607,0.01659809344369156,-0.20927502182684932,-23.861547619854512,5.9501798626283255,5.950156712299406,10.924575927734375,0.3195698413916567,0.37998084449785285,0.13774274361183836,1.4317414765029945,1557.739998192847,2.048872066224405,4.7855892534050835,2.4633899602446117,0.25757557378730955,1.196554000663152,1.362597687031943,1482.5112832946559,1.6649400335896385,2.55619459043489,-0.05926388855941263,-0.10768601631338004,-4.652774540015446,1.1688070394719248,1.167303596769899,0.3131565700430595,340.7155156785603,0.7848435963446392,1.4282575068143752,-0.017691091981865286,-0.0912976741555919,-1.8600183362480025,0.5598835100077251,0.5596039403391112,5.8179359730414495,6329.935653371043,3.8143552820240583,4.68025603573427,0.05016133369238467,-0.43526040047787473,-4.439007808470143,2.412561322005981,2.412039795078317,-0.0506688474497879,-0.4444465699498696,-0.13622271084137877,3.2638825138742704,3551.118217515445,2.6300205985414937,10.45238698038623,3.1833800492285125,0.20273491154425066,1.8066218513773906,5.675581023238191,6175.053019030484,3.2660918472203813,6.446762143946522,-0.016415596290427277,0.21818321139515817,-6.264553125542265,2.3824043517085345,2.382347796447486,6.059396516512046,6592.646580188515,2.440866386483123,10.423218898075644,-0.01583712555753234,-0.2162005998863771,-7.317384922390933,2.461635092993673,2.4615841477617715,1.6621378132971445,1808.4120406349734,1.4309656186862503,3.883686854106203,0.01246644718925695,0.016170880331623852,-4.865197334471647,1.2892995096573439,1.2892392381932627,1090.0
participant_03,run,participant_03_run_002,-0.16132343764938967,-0.013804565754413045,-0.027259792322531153,61.106664113239034,64650.908279603245,10.857289567219544,40.333828064696284,10.637260416661116,0.057485422458784664,7.817075163591498,21.61774982279919,22871.599706625148,5.151938355159162,20.305673455049053,-0.012305161621587426,0.0417915085253415,-12.85787281372905,4.6495054833607545,4.649489200202447,102.6752247350175,108630.48463306803,9.760973896995914,21.484119756577968,0.016043918979954146,0.3167557387870701,-35.07227856268674,10.132891104830533,10.132878403248382,49.96355114685626,52861.48424879952,7.060340344403446,29.72217809468248,0.032229739259703384,0.2224039327444504,-27.57284567283517,7.068563496421957,7.068490018869395,10.613637939453126,-0.1511137326623179,0.00828119091535487,-0.10767446585972767,1.8978882298356277,2007.9675376266878,2.2079326384829567,5.475448263672344,2.3952793654411253,0.06967080937100939,1.377638642691046,0.6982116989328073,738.7086361611922,0.9855663265804658,3.2944569449387355,-0.029330838113675654,-0.0882476028070765,-3.285183219459409,0.8361052547360637,0.8355906287966658,0.24443245889695017,258.6097721096326,0.6913196676260885,1.4774306534910409,-0.003585173462687014,-0.092119918657405,-2.141805102316924,0.4944141102008596,0.49440111134275394,6.688917384325281,7076.880902915567,3.745974108460109,5.398882307982122,0.05307329512495413,-0.4582961243350266,-5.115053222692416,2.586838641852387,2.5862941411071714,-0.20220581749512825,-0.05746764633211544,0.07397843974692994,3.4464057129075294,3646.30049558231,2.5289013643142355,10.739794684872178,3.1836990992249357,0.13248087746067425,1.856449760404932,6.779546198390513,7172.76627369546,3.0805650848420196,8.636811655698024,-0.007902716032849607,0.0466885345732133,-6.612955246387664,2.603768163894629,2.603756171071038,5.429771000221428,5744.702840659741,2.338310860161542,10.06432140649584,0.01563176539333891,0.0262886612489615,-8.834843194473672,2.330239333697451,2.3301869024225135,1.3725767832271532,1452.187531538086,1.2218569721884005,4.230545506308718,0.012036630097164791,0.1296557982514998,-5.68152806854164,1.1716320513246679,1.1715702212104715,1059.0
participant_03,run,participant_03_run_003,0.06416105462217646,0.09076630245553059,-0.04955447879469132,61.997595308234274,64601.55369584994,10.69758007027771,47.77672717437459,10.568352365037493,0.43359250220059237,7.873855174451348,21.56334954201192,22469.030877325793,5.285361903174138,18.063643660572083,0.02882811404881735,0.0581879895826045,-13.820358883232249,4.643724862884485,4.643635379959534,103.65667642020964,108010.35611786268,9.707479418018238,20.657048798995053,0.04611561618751482,0.5674840352727368,-33.695336425480534,10.181296728328174,10.18119228873562,48.4645074816529,50500.06321782436,6.622575583429902,34.08515194577202,0.01326143798492389,-0.0251753333507204,-31.958385836033404,6.961658088946219,6.961645457911003,10.453119628906249,-0.29785948331548345,0.28155353552431645,-0.16661006937697298,1.648647385749711,1717.892155115362,2.107779566909306,5.078724874491428,2.3515207941108343,0.06497010547884384,1.283996645536783,0.8944666323869996,932.0350877160586,1.1953831080097477,2.385890441539908,-0.0673312337541578,-0.0378219240049679,-3.0496689454173573,0.9481561724873475,0.9457624608679495,0.1802675845554989,187.83899577693,0.5997592668724885,1.036720632715058,-0.0059276806199146355,-0.0340361315697744,-1.562617368327733,0.42462068008168263,0.4245793030230029,6.096375625612728,6352.429241328718,3.5700640419565817,5.045366121076064,0.051175735400147096,-0.5417449345791419,-4.848352643057953,2.4696142576334617,2.4690839648770004,-0.24314124556169983,-0.27837841939166896,0.19549579106396067,3.3781386832664224,3520.023743728634,2.6383045817935926,9.259808388049766,3.211776499010596,0.18817442305383206,1.837971349957997,6.201837990312999,6462.32112636399,2.819926996214732,8.995926323397587,-0.006339288123458696,0.0265257295977603,-5.91792805752094,2.4903570380342877,2.4903489695849856,5.92703206894158,6175.973093070908,2.4782207752131242,6.904986221066549,0.03598545084687973,-0.0472038144725821,-8.933986779213086,2.4348156032057604,2.4345496645050355,1.5628864134161722,1628.529139797289,1.3622129168735555,3.480772797760654,0.023565885212864773,0.1273644326657026,-5.440521362547865,1.2503766489990278,1.2501545558114693,1043.0
participant_03,run,participant_03_run_004,-0.36741077626057794,0.02896335913936009,-0.12350808816020926,48.55502249289104,54673.2243383248,9.557874560630768,41.49453379613534,9.895122444801544,0.18053989709441143,6.968143403582553,18.50295517698792,20834.393026638765,4.492050066197718,19.403462018075704,-0.010361781362337247,-0.0214959442632794,-12.18298879206946,4.301518632239191,4.301506152150421,83.44257028775978,93956.62969768462,9.43032015014525,19.437185802594502,0.01301195909014265,0.31937578659598476,-27.546631149208512,9.134699754170311,9.134690486697389,44.52249320222749,50132.48498361033,6.55846791813544,34.59181931981234,0.013241825357258024,0.3500320683560153,-29.89731095299536,6.672530895257531,6.672517755857041,11.305890380859378,0.020022574758326344,-0.009958463361161334,-0.02181855997928713,1.4725888689956723,1658.1407000733707,2.0704372741550063,4.975235089207144,2.3085577867802476,0.06147961465509906,1.2135027272304222,0.555833466510525,625.8705141151336,0.8716340034693233,2.2128576243210505,-0.03681932941823003,-0.0104908343065537,-2.988836743790328,0.7464510228603972,0.745542397527146,0.16219582490823747,182.63313187347663,0.611538903620372,1.0883044611964123,-0.020207277469663002,-0.05154239803712065,-1.570166826377844,0.4032420600222321,0.4027354279278612,6.078656882868881,6844.589583003343,3.8498720258290815,4.923394533111612,0.05981431710049348,-0.5897255119822324,-4.454756198284536,2.4662186917220215,2.465493233182537,-0.14411822358079798,-0.09246915335574639,-0.007291971493153785,2.8425972656954976,3200.7745834820444,2.190925106072621,9.459937211666757,3.0222235324109423,0.14067486731137685,1.686000375354495,6.262414248013211,7051.500764882367,3.10801934251905,6.88955934944363,0.011540999609934727,0.1012443002273462,-6.345974792902555,2.5025082302932007,2.502481617917145,4.665321651360307,5253.1688238200995,2.0460463520670857,9.350258339731088,0.0236496295583614,-0.00589491992273035,-8.082144360681434,2.160065035210411,2.1599355664834787,1.0479226910662276,1179.9646892452433,1.080591681312232,2.8582701743958587,0.009014181270719726,0.13659953787108045,-5.109638302723507,1.0237206389099562,1.0236809517941747,1128.0
participant_03,run,participant_03_run_005,-0.29114216866754244,0.0402869623315804,-0.09275117295036737,50.89083003247859,57404.901312768605,9.460741444946235,45.55565060964936,10.229701164076097,0.532207266289061,7.1337809072383624,19.67507567648528,22193.50277464678,4.997182516353838,21.04277039064119,-0.018249170341717694,0.0010706767904017,-10.782674681229864,4.435697093885406,4.435659553717494,89.37072840034503,100810.26072472932,9.643470323970885,19.43994313283045,0.03769105559255821,0.2492050598290759,-33.07027571672619,9.453684414873214,9.453609279018519,46.48968352216641,52440.40415431655,6.679098822640126,32.37175553759743,0.01935695977847924,0.21074666764799,-34.96181797631826,6.8183618424118775,6.818334365676591,11.315897949218751,0.06437213175399344,0.02631254037036571,-0.22924591172703415,1.3851783046595678,1562.4823534775003,1.9474031154511846,4.999351826511282,2.42128586821096,0.4337168626168876,1.1769359815468163,0.6599023459862451,744.3704302568613,0.9379357010202677,4.187095430586382,-0.021501223367353727,-0.0113711619717768,-2.974813827442988,0.8126282351681722,0.8123437363494872,0.37376187954318263,421.60373088743506,0.6295083554344252,1.953096007272392,-0.04811353717128732,-0.074766057611379,-2.9237230666890714,0.613251002447053,0.6113606787676017,6.210546715111336,7005.502190704622,3.856539445709425,4.967979275495198,0.02855528937831218,-0.6225882993941634,-4.179678086162307,2.4922604437864866,2.492096851069664,-0.18990135552121182,-0.1639005474084921,0.06652700820522393,2.9992079786315107,3383.109254062696,2.159019588861491,11.34903146355261,3.1692226132070394,0.20005473147334685,1.7318221556012934,6.4100407276185924,7230.531613356185,3.3167759772400482,7.433296483089968,0.02397654946203478,0.0987848770579603,-6.176105809736051,2.5319193515083964,2.531805823442744,5.355058049385719,6040.510218696514,2.575425334683576,10.969155690966115,-0.014676062749243985,-0.1256289265745118,-8.589074211070896,2.314146373115482,2.31409983565656,1.2772908821968618,1440.7852454639728,1.2498993692357003,3.455887529633095,-0.00017248555925417333,0.1173832981428528,-6.30503597243107,1.1301729566522682,1.130172943490005,1129.0
participant_03,run,participant_03_run_006,-0.33543948952963926,0.022773165862470447,-0.1454182351429932,46.18535777629846,56253.91833469981,9.083503098646707,44.66083926904685,9.451360433861808,0.2534323973961458,6.795981001761148,18.73009799261452,22813.320728903116,4.684225119704447,20.7354036601849,-0.005713614930231055,-0.0523922951898353,-11.804096850387632,4.327832094479878,4.327828322913759,81.40787863148496,99155.06270483189,8.675341293834428,19.053245815825104,0.040946495316216226,0.21375091903163135,-38.12860772670446,9.022724380527405,9.02263146933781,35.37384842787601,43085.46362949285,6.181620390044083,30.01656482621037,0.0061248850744823205,0.3708765418577511,-26.628556241337083,5.947594971254615,5.947591817523796,12.228794921875,0.009962092792894511,-0.07482597446544581,-0.28727152323881167,1.6438254801224972,2002.1850309598804,2.156922455696665,5.140780805375781,2.1579826070413466,0.1512213123378996,1.2821175765593797,0.4642138993895275,565.4141060016374,0.7456188365917269,2.123231240101212,-0.03431848151043867,0.0087006651300769,-3.0648782730743105,0.6821962016624762,0.681332444104585,0.1662023564706752,202.43502706124977,0.5688756039028191,0.9853860871312516,-0.024139720498610608,-0.05079739650249125,-1.632690708240785,0.4083932939905187,0.40767923232693026,5.665732275436851,6900.880630316125,3.3777057151781062,4.97427164899897,0.05296599701202381,-0.47820165108611856,-4.43844799058814,2.380869100197726,2.380279873341967,-0.243272027932937,0.04049586737302819,0.045459529183228355,2.5748378048604676,3136.163268386586,2.2617113996352205,8.699415532631344,2.89363941847712,0.21257373655277123,1.6046301146558566,5.746615457193701,6999.3964623482625,2.9097059363775566,7.496671739840067,-0.0026478833147732415,0.0038219789478957005,-6.142457766365973,2.397211394199467,2.3972099318152553,4.241434897309363,5166.081621380221,2.044958800850735,5.45662635809197,0.012685484002912615,0.035008220699594444,-8.669347220137869,2.0595134908064456,2.0594744225916872,0.9596101553849793,1168.8083917330887,1.1452438026240812,3.261188736260669,0.01258754728259667,0.1736832024373087,-3.987686058349161,0.9796778050622413,0.9795969351651623,1220.0
participant_03,run,participant_03_run_007,-0.30904627232698345,0.04864416064808532,-0.11328434963242417,51.48815021200388,60035.58480652194,9.927097887603272,43.179095044492755,9.86616503355152,0.24359053999498093,7.175524385855286,19.913434714957003,23219.133019967583,4.702367380590225,20.44880138281194,-0.008401150402192966,0.0720514422983211,-10.665034570558309,4.462455074763787,4.462447166629203,87.57828442144586,102116.57905632816,8.825926270002572,19.034183623758175,0.014240726426448802,0.3373377627671186,-31.48114408233812,9.358337844923906,9.358327009751575,41.33718026024228,48199.29497874885,6.273430195022303,35.10586969598269,0.013780675460926081,0.1672337121542791,-35.04942241063844,6.429414449796998,6.4293996811710405,11.70712255859375,0.1275708260332148,0.005318400526628267,-0.2217394003596235,1.7114219096289436,1995.523911888027,2.1993321612710437,5.140250625021633,2.248684733799593,0.10797601566049596,1.3082132508230238,0.5298739607079429,617.8348550407678,0.9275924355560097,2.531608822572816,-0.04081986022416549,0.0018710986843385,-2.876375594455685,0.7290680501137484,0.7279244196398023,0.33258182162648364,387.7916793169644,0.6026558585758888,1.6307531152925214,-0.04150546034746876,-0.0681187503842523,-3.2713446029678104,0.5781907339841577,0.5766990737173796,5.899485730383604,6878.820752599105,3.550411976607023,4.910422603104439,0.05171522703115652,-0.3831135575749231,-4.973914350157118,2.429436188725789,2.4288856972660535,-0.23219951611061607,-0.11549609247507876,0.08131413111948835,3.0803516457791735,3591.7005598579167,2.316607957754187,9.325733171905295,3.111154005975711,0.36330334374499595,1.7550930590083176,6.110742700621142,7125.146880437081,2.9167500353061717,7.490413440852347,0.021250909843638432,0.0743166312561209,-5.948419596248,2.472082988451303,2.471991646551651,5.471943806135866,6380.30523048391,2.2454101672362525,8.917061839769968,0.01965132820351841,-0.07673939762684835,-7.855184779860513,2.3393011736063465,2.339218631538289,1.175447383178555,1370.5756838023462,1.1717919155939334,2.957723231577126,0.02567545273169417,0.1187172959369224,-5.805832023449419,1.084484491383594,1.0841805122665482,1168.0
participant_03,run,participant_03_run_008,-0.3437151567676275,0.055724477575042376,-0.06400106417911115,48.500057584248076,55096.10803438556,9.450976446903299,41.23971037049751,9.929096383958392,0.1867321465681422,6.964198272898904,19.325273916708984,21953.528151168677,4.278117843136247,21.78405193418117,0.00650777803007279,-0.0124968014654785,-10.71430553286498,4.396056899982514,4.396052083029611,87.61954412438715,99535.87911963077,9.624373641288923,19.44493399792366,0.05363609244117771,0.5098041690132635,-31.680303520709288,9.360684855009247,9.360531188153114,40.135840244583825,45594.34978659964,6.8981599049007505,31.66711816385928,0.05860988753180356,0.3188456304739482,-26.36588870137173,6.335556436770201,6.335285332531111,11.396125976562502,-0.10520693630216474,0.06742253876060325,-0.23809744400641095,1.7180554035959783,1951.7124481997969,2.158810147020227,5.0973934417001265,2.2986241058865806,0.17489838025101684,1.310746124768629,0.6677918465176275,758.6121244558406,0.9981697947858303,3.107681684424627,-0.04587821880066835,-0.0173674639487151,-3.816339093648641,0.8184721482603726,0.8171853195681059,0.22629012662194317,257.06578269149634,0.6434903924197053,1.198341145332649,-0.024467404866459257,-0.0523164445828025,-1.755883916236755,0.4763284376591875,0.4756996180594884,6.10040355722107,6930.0638016389485,3.578192446921047,5.067984019581364,0.06737350025789948,-0.4553759055401056,-4.531596192818534,2.4708182340589264,2.469899503465894,-0.18075972732254,-0.07555699078480438,0.0869035571154854,3.3973265489606934,3859.365944967808,2.589561351794161,10.864253207795077,3.156330878238233,0.13849644873335348,1.8431838076981615,6.652657106999981,7557.424319472105,2.9836595765639835,8.394122660522857,0.012418465044000179,0.1088369450259298,-6.407545640247185,2.5793044266379317,2.579274531142426,5.449395863212311,6190.518489181999,2.271869298324289,10.776224289249257,0.03871480273875584,-0.0299409250813461,-8.479501024995804,2.3347151216290634,2.3343941105161123,1.2559883283269706,1426.8038446598678,1.2779816866834501,3.848849067713957,0.007537182259645248,0.1353706942746633,-5.529445468351945,1.120734195714303,1.1207088508292289,1137.0
participant_03,run,participant_03_run_009,-0.5347340920739089,0.181467045938557,-0.10594938764612223,52.27935277273585,65140.115445335876,9.582024933663835,45.46349857051303,9.50616450554531,0.17790753693590566,7.230446236072559,30.045605282443116,37436.848256928366,4.660800256524235,23.011782291334757,-0.0054229220155400685,-0.3079528272715712,-13.578012635054312,5.481389850259357,5.481387167719784,80.55098073431263,100366.58653900861,7.455375087785598,21.061236027263856,0.01702683891816481,0.2243443683127877,-35.540608797810215,8.975035969151108,8.975019818045675,32.04909787768744,39933.20163596544,5.363872168987885,30.54887195851762,-0.02265311138513983,0.1458431815788304,-29.85172093918802,5.661237589179848,5.661192266447717,12.499602539062499,0.11645226910360677,0.41878679291568904,0.13410920174192884,1.598644791195142,1991.9126907945242,2.1878113757392024,4.543140103993263,2.0378917760852078,0.10761671738028535,1.2643752572694318,0.837725248103421,1043.8063303910678,1.22338759882004,2.7987440679966857,-0.0426374069041921,-0.0368869871523835,-3.154238866530533,0.9162658984000958,0.9152733187979539,0.27659583746173055,344.63863510859636,0.621157422699744,1.8877418450530792,-0.011887286076937894,-0.0457584059653256,-1.9787462160577856,0.526058119443095,0.5259237943483167,4.633427084504945,5773.25385997512,2.859637605329124,4.469467253431006,0.04404833848148464,-0.3294230063196679,-4.502651584064594,2.152990325251817,2.1525396824460508,-0.096997026470086,-0.3332193302889625,-0.07946702209594594,3.10699134890858,3871.3137103164927,2.76425852909153,9.222653440451154,3.0294255265701455,0.12320242301562415,1.7626659776907763,5.195965174606628,6474.176770993493,2.843658041450944,6.058464939653482,-0.027791410959484078,0.0212006850498658,-6.009619777278501,2.279635395656452,2.279465984525022,5.380684018217755,6704.336598144852,2.3402230053097455,9.115425963734584,0.01311524027599424,-0.1714820032695135,-6.964308762996508,2.3196672234924676,2.31963014685914,1.7067890639153451,2126.660541257962,1.463887251092282,4.828581741207396,0.005266987093278521,-0.0215335303801796,-6.32675733120654,1.3064519911073602,1.3064413740827965,1247.0
participant_03,run,participant_03_run_010,-0.49315698030419364,0.27632037757510464,-0.055726071928921275,46.55491107114753,57821.356966293046,9.484490184989841,40.067437264555494,9.101396053830511,0.31443300771856736,6.82311593563729,26.821627873185896,33312.54802362,4.235310300874732,23.45106188458438,-0.018134340273789133,-0.1938214750691985,-12.43603188533185,5.178991864010125,5.17896011504104,76.48655179884342,94996.5430629847,7.889645034862859,20.405417054054677,0.038601437764846126,0.3422105991978093,-32.28675373693006,8.745744214750447,8.745659025987889,26.073484519731352,32383.352562600445,5.319414958004998,25.59150639107288,-0.08269270084948918,0.13855008943591585,-18.68563201586217,5.106889719046725,5.106220179323582,12.469577392578126,0.3577427471240973,0.5075765884702163,-0.05568045400163706,1.7349293101176204,2154.787781573502,2.2777855935750067,7.101998138255115,2.163649557974005,0.15275626823623364,1.3171671534462208,1.2982504705379527,1612.4313032212017,1.532550707273867,3.4217494780242923,-0.0456316409784637,-0.13782768103764242,-4.288711029768097,1.1403213219072685,1.1394079473735264,0.49794369229734714,618.4477083246113,0.7022007524722347,2.729004971295743,-0.02378488628116717,-0.0758599902839648,-3.146528686531824,0.7060519903751813,0.7056512540181213,4.616635774115716,5733.876462235787,2.9400688186285553,6.414043158714421,0.02882386882282103,-0.3256443376334819,-3.8953441176579378,2.14882912059792,2.1486357937341816,-0.16338673044888835,-0.4414324800675053,-0.10199195195162311,2.9670272285742625,3685.057359571159,2.653237397223444,9.17521715328094,2.861393627916318,0.17524187846342051,1.722506089560865,4.584290794846675,5693.703887706486,2.6198848733788878,6.461509418515145,0.02782399428284841,0.0038974678089127,-5.470935058545263,2.1412764813317606,2.141095699600248,4.639299216539479,5762.024726802939,2.2797315187573055,8.758027946635599,-0.02657272023065278,-0.08931674036424805,-5.6821377736767245,2.154067159120146,2.1539032514343535,1.9295303916898936,2396.4830062408264,1.4655343867486628,6.29707891158332,0.00018777650307640224,-0.0367027378351209,-5.733627129158751,1.38907538562524,1.3890753729333385,1244.0
participant_03,run,participant_03_run_011,-0.22686380150835053,0.14125687692715572,-0.06949773430315663,51.821102966834175,60216.16616730921,10.545135877115447,39.77286226864002,9.713357114677144,0.19656493926529334,7.198687586416997,19.896608053150697,23119.875651066992,4.560314341101442,22.089923772585166,-0.02064529565112518,-0.0810240842777172,-10.230540851995158,4.460609182766769,4.460561405602516,89.3806430090589,103860.38396402038,8.303258781546226,20.94853271234359,0.0475349437798854,0.3532655362379971,-35.25234149780492,9.454253147654711,9.454133646667943,36.89040456165552,42866.681793431126,6.4634679875069025,30.21919761099469,0.008245065524008202,0.0137115679219174,-24.1974272850841,6.07375275614352,6.073747159839264,11.657074218750001,0.1198687554314213,0.34477608030344536,-0.29537083007663983,2.0107347792522363,2336.4755409264762,2.5675316064566442,5.547343292079547,2.2563547953666996,0.21729361350295825,1.4180038008595874,0.7860380940513905,913.3769405781743,1.1413412067823843,3.448278009262342,-0.021070848774202178,0.008189389461853,-3.457069943968756,0.8868382460851898,0.8865878941489053,0.3597912902076693,418.07778832035825,0.6471410110996,1.6599642198898306,-0.0506715864371879,-0.0706265709697829,-3.4197263008172447,0.6019625402628728,0.5998260499575434,5.951071463788653,6915.150153526766,3.3523153131034436,4.989950459021496,0.04426401968526705,-0.4131880250772991,-4.528152445451733,2.43988335115172,2.439481802307337,-0.24622156987984248,-0.4101086488736826,0.14022131905534232,3.1038796311024917,3606.7107979043512,2.6757728810595065,8.785200703203033,3.0540330925785204,0.14596695527566073,1.761783082874419,5.932260132664314,6893.291370599345,2.8865689660326312,7.163762645137099,0.02704512519485703,0.0575104696353535,-5.847188880637871,2.4357733005066624,2.435623150790022,5.059445515069217,5879.080035113106,2.483454210266745,8.70183755896071,-0.0277297058022919,-0.194757994646775,-6.982338327534488,2.2494920430295147,2.2493211231545436,1.4377887395901896,1670.7117506174939,1.2816560099365968,4.51563425264975,0.0017317513691372487,0.0227023486941028,-4.408669620450199,1.1990795380428247,1.1990782875151187,1163.0
participant_03,run,participant_03_run_012,-0.4426191201683531,0.1775831715873782,-0.09172139561345428,52.721899517588334,64848.24582912878,10.341924105366063,39.1848803718396,9.288813682694979,0.23691241084639741,7.260984748475122,23.66323535431349,29105.856269802127,4.51843056918552,21.587361432437454,-0.01427394114162787,-0.0826962279262477,-11.81800016407254,4.864508104598984,4.864487162519137,86.54868993345478,106455.16921557803,7.876434638956846,19.48567604562025,0.04081278149506237,0.37180199350859233,-36.07770321678253,9.30324435971603,9.303154837658823,28.78963802580815,35411.34812244082,5.23646861259483,29.992656038767343,-0.022943567818640778,0.1926256299697222,-27.612941702737533,5.3656466929077995,5.3655976392018205,12.34926318359375,0.21835483370163408,0.5313700937762293,-0.025391573798942482,1.5567323634753902,1914.785910982383,2.041412268817169,4.720203950709536,2.1148062481658947,0.16802567810973043,1.247690812451302,1.0706841695591491,1316.9450036501687,1.4022973424759404,3.0806609170581174,-0.07102997661754211,-0.10640109297853531,-3.251540140731205,1.0371737690172451,1.0347386962702947,0.5112351091263447,628.8209935329861,0.6414951166043716,2.0848170912412374,-0.04366371806967776,-0.04889162708479685,-3.675226019856612,0.7163390464033166,0.7150070692841748,4.439766854030238,5460.927628990061,2.863706112223009,4.440291990814969,0.022358895035526082,-0.4349467744375196,-4.371406274875616,2.1071940523400894,2.1070754267539256,-0.11988313372348196,-0.3649779926793029,0.016029593764090713,2.8200591478700243,3468.682136106752,2.458678072175368,8.14207022338371,2.8546750969628882,0.15965612882995286,1.6793031733043395,5.045113731744448,6205.506244827911,2.426756204989995,7.735713641281619,0.04666384978420291,0.02827970848717975,-5.767955854815767,2.24661773486749,2.246133061896478,4.436232483807485,5456.58038778384,2.389425872054523,7.278633940766706,-0.00090623698997059,-0.07490119523934315,-6.624558019248575,2.106236763773951,2.1062365688135523,1.4856451065307452,1827.3482983634024,1.402314655084774,3.5029806239170846,0.0077070659305530295,0.00978498830333245,-4.451978337048751,1.2188947884850452,1.218870422370953,1232.0
participant_03,run,participant_03_run_013,-0.3767078406363152,0.20306759408072017,-0.08925599784074406,49.88314365246713,57764.72335226698,9.764861235613076,41.079040557231906,9.665114612600728,0.10128286068604504,7.062799986723901,25.214965195605966,29198.95143355067,4.94356890449589,22.68691283561479,-0.015078893549202095,0.1221915251350573,-12.15348772300742,5.021473147258345,5.021450507134962,88.46957924853558,102447.84903668286,9.017033225812067,20.283643575317257,0.006691162859312123,0.2367824726300589,-33.94411319090408,9.405829257444342,9.405826877448659,29.612656451953875,34291.48169951471,5.911685037837364,30.740525474420583,0.010539752783395282,0.0742332910852663,-18.626011783452928,5.4417614371031195,5.441751230252434,11.61687890625,0.30127915276146466,0.5471289650767035,0.05006475755027209,1.5729375862191872,1821.4630808224965,2.173314193966101,4.63794893144001,2.2513528899108595,0.09734336723268108,1.2541680853136024,1.143791530585318,1324.51157844498,1.522216205259553,3.1611441610588424,-0.028766632047373487,-0.1597816675290924,-2.785089120980404,1.0698687067601644,1.0694818982036667,0.1941844028553491,224.86570590684153,0.6436424365814071,0.8828174360746875,-0.01628602765594899,-0.0565940398893304,-1.6697142796235058,0.44096444023544507,0.4406635937485069,5.297538963329115,6134.5546863790505,3.540689519156357,4.406234919435724,0.07014107600561181,-0.3072384838877692,-4.319618156706167,2.30270682759928,2.301638321572074,-0.14271882988674991,-0.5317867623153761,-0.04916747610714835,2.7991769020688055,3241.4492656792117,2.6380810423015557,7.822165991332098,3.011211830284182,0.09522682159026544,1.6730740874416785,5.298154417788717,6135.26738317383,2.823161992380122,6.784065758794801,-0.02410664404153439,0.0066964504060619,-6.194476807968243,2.3018982488536848,2.301772016901048,4.947896716458163,5729.668663086757,2.6787397607126064,6.493701502042353,0.012466931907599966,-0.1289371727284331,-6.289022848353597,2.2244217542654434,2.2243868180822695,1.6196073262177175,1875.506679973329,1.4263138036779124,3.687579460644466,0.013363149684495548,-0.0223865018003829,-4.354308181813134,1.2727080969284386,1.2726379399568903,1159.0
participant_03,run,participant_03_run_014,-0.3767218158718267,0.19060865543237485,-0.06211669517346084,60.923289672292476,71523.9938807898,10.57459146934517,52.004398990720844,9.761776545987662,0.0913628710556455,7.805337255512568,20.638555897538804,24229.68217350298,4.215348015054041,21.78752894814958,0.031975384051235796,0.1979113999476763,-11.484296676401051,4.543080268135709,4.542967741195045,86.83701233768144,101946.72632543492,7.486746721637422,20.05180349651985,0.02719592944865044,0.2200453760708275,-32.02218567922653,9.318677586238298,9.31863790141464,48.729027737787014,57207.92000041001,6.2217070214328904,47.09905075652535,-0.09598431807458739,-0.0924387151857417,-36.65696380134839,6.981277872073512,6.980618005433832,11.777091064453124,0.25971256904687934,0.5071743494275077,0.023160934947218274,1.5056988041717716,1767.6916764537857,2.0618978123202982,4.677511828609956,2.1685470933713833,0.2111993148008549,1.227069192903062,0.9837291427936795,1154.898850144153,1.4458320231784185,2.4911420645336046,-0.050756616189872615,-0.1673590352034027,-3.1489001805483823,0.9931290836949271,0.9918312068057142,0.4300320480865832,504.8579901271588,0.6528005607940831,3.469769810375157,0.009592095180551131,-0.0800278834792749,-2.177482918757216,0.655838437708965,0.6557682884118317,4.788478453188375,5621.677775878573,3.1434640873407464,4.3883836473808575,0.058201493929367056,-0.2981829843705638,-4.179951812733084,2.1890330895361045,2.188259228973655,-0.129004188052827,-0.4047519614895646,0.04621028750766294,2.787604415490454,3272.649954197711,2.407201605450151,8.69708983689038,2.8088205492588436,0.11845347266675128,1.669612055386057,4.967733854424612,5832.123769357975,2.3797460451528147,7.295713058562039,0.0012456517298920502,0.0597145526827317,-5.60870541764733,2.228841718488068,2.228841370404052,4.1990829039237685,4929.726899855233,2.2801756805255358,5.589623907551947,-0.009999015235004202,-0.1212877340006269,-6.856389255809448,2.0491907876597137,2.049166392444442,1.5101463507413628,1772.9130999084132,1.3260850917871867,4.010285294869113,0.003557019195903464,-0.0147411158213486,-3.723771629445919,1.2288852684961777,1.2288801205737534,1175.0
participant_03,run,participant_03_run_015,-0.43246742115236153,0.27176716345788887,-0.129096168927888,48.13490264105796,56991.76531293389,9.760480523222416,37.65230285706646,9.239796365520686,0.2015287153520517,6.937932158868229,25.80830579808289,30557.055825727617,4.359454413444434,21.49546049902451,-0.026130462503711604,-0.0794469742078822,-14.146710370297804,5.080254776992346,5.080187575088432,79.47043844614107,94093.06612734604,7.895075584426859,19.868127826290905,0.049036050428552996,0.4016196061087497,-29.989206216394702,8.91475422994839,8.914619366307294,28.2268919725338,33420.663895557576,5.252308094749794,26.36391454797441,0.003995657292605234,0.0656520023866607,-22.681125632195343,5.312900143783149,5.312898641281781,11.8775,0.40417942168525284,0.6161897502530754,0.10432936068694215,1.3543346038927568,1603.533312943766,1.8720312027497596,4.646226420766126,2.058355761679258,0.3118178985076965,1.1637588254843685,0.9444865323381826,1118.27285065142,1.4765796000610636,2.3975685442008485,-0.04742176479753811,-0.2129846646016954,-1.8456995273069885,0.9730032662405073,0.9718469696089928,0.3000892917683295,355.30597448008643,0.5366551941416172,1.4796777815653055,-0.037799936791503334,-0.0668424931725726,-2.934941874229232,0.5491066626710799,0.5478040633003095,4.341428602834736,5140.255126320075,3.077359586922748,4.189485273976263,0.03848323780233215,-0.3946014866617349,-4.05460433436173,2.083964865929003,2.083609513040948,-0.09335912415839066,-0.5412217052410364,-0.0506393655023148,2.428098831221241,2874.871063466818,2.295863521272545,8.190012600189894,2.823129482956258,0.1661737176958541,1.5582358073222553,4.516265551004435,5347.262220370322,2.7203857631501966,6.735505866930536,0.01254660348935043,0.1113659057127892,-5.59486093205582,2.125187748944444,2.1251507125388622,4.4445546914542495,5262.356502198434,2.489985523315367,6.297543824153863,-0.02245356527730021,-0.1821897733392607,-6.117397126564426,2.1083308217753474,2.1082112539909867,1.4366651977120943,1701.0128054445747,1.4577378554651186,2.8291329827469145,-0.0034480044302539563,0.0081520444215302,-4.527893932506521,1.1986146530251687,1.198609693650145,1185.0
participant_03,run,participant_03_run_016,-0.27516221452802603,0.21683443163662666,-0.11672758541884701,48.88109800982135,60612.75534128937,9.706270842647768,42.10457346711297,9.191191720351053,0.34700915677006533,6.991501842223983,19.515069009122676,24198.748998692437,4.322766329310232,18.67705528614739,-0.01836178434021492,-0.0813012766497785,-15.27369621755598,4.417624493350112,4.417586332956343,84.8957471959012,105270.99963813374,8.215548564851128,20.093977928236573,0.01034774932520741,0.198373313859187,-35.30717522047997,9.213894631035092,9.213888820465613,28.94596573462206,35893.09085245888,5.199072754604617,30.578641121218297,-0.04332527420499954,0.13276597814184465,-26.1564451434468,5.380319954613015,5.380145512402249,12.449447509765625,0.21079560766982378,0.588483853414476,0.02574918055463228,1.3657876374567168,1693.5811611103838,1.9039529375033841,4.482765822754402,2.0317008701073083,0.05826854234186689,1.1686691736572488,1.1626781568103746,1441.7246539913413,1.6277083342434722,2.3379590520831366,-0.05320585951496055,-0.21724848903463065,-2.557458047692058,1.0795874305942526,1.078275547719772,0.2257759354210347,279.9629515882364,0.5128116660231525,2.0798817126916944,-0.029417595995815914,-0.06261517523206435,-2.071519806249647,0.47606861939767436,0.4751588528282249,4.097900179828784,5081.409517095875,2.7061794945562134,4.288334834222173,0.05954437463286118,-0.38570912494176846,-4.262470231243324,2.0252026348934082,2.024327093092612,-0.13247362229554918,-0.3974983827626251,-0.007144938434085994,2.7307783109236397,3386.173895215547,2.148531926488701,8.344949770671883,2.7962609141599337,0.1265938686770017,1.6525066750012356,4.6118371504134466,5718.692932140733,2.225981976513766,7.438785480786934,0.015311898339647662,-0.0052939751757766496,-5.40914939007174,2.147573422410561,2.147518835869303,4.292084999941399,5322.19925453011,2.1989058682732434,7.419147939970635,0.029836507437333563,0.0697788282205476,-6.438567726374062,2.071949617417725,2.0717347803088595,1.6445382710957437,2039.2327563710226,1.4125761648449928,4.230205911260795,0.01638041894385446,0.00754600115436685,-4.598235628012967,1.2825001322497085,1.282395520537928,1242.0
participant_03,run,participant_03_run_017,-0.32637724007570523,0.19857703321720757,-0.09240548394491126,46.11013646383658,57453.26698116513,9.959971701453423,36.70171143694594,8.907112176459247,0.3213284196978681,6.790444496779028,23.45409919556443,29223.826391021994,4.530092980756789,23.8569733683472,-0.03313333639850035,-0.0015115817131424,-13.15378221476936,4.843056577570133,4.842943236872019,77.54473544630024,96620.80250129478,7.381034860304359,18.21398302383665,0.02789496673581613,0.1040684176412447,-33.67084182556383,8.805993048797474,8.805948866891077,24.446016782258262,30459.756498848274,5.0819033229832264,24.52713841432271,-0.007511097929997927,0.1220608460415549,-21.081860154033556,4.944297037886212,4.944291332664193,12.4999306640625,0.13614276818811033,0.6080407517541518,-0.0028792939400132983,1.378875023292474,1718.0793838902296,1.8313136540994983,4.749370536999849,2.1001668174354036,0.06332626149998592,1.1742550929386997,1.1385346334788946,1418.6150656020686,1.7279797968014885,2.4098881548847912,-0.06180255586524156,-0.0982611853137211,-2.8053796353982734,1.0688097068189317,1.0670213837964517,0.2865918003458664,357.0936128718152,0.6350792256719411,1.788632707020611,-0.027248659653670165,-0.0447222995754516,-2.4482500149317583,0.536035716905868,0.5353426943051212,4.357371939054019,5429.288927545234,2.790464500349111,4.684985877401879,0.05015242871534725,-0.2923835883543137,-4.294781241543944,2.0880342921417903,2.087431900459035,-0.10217468764820216,-0.4898881997431221,-0.010524224853676158,2.545274962874835,3171.414643225187,2.3673461616300733,7.636844339526756,2.864786779403192,0.16845956732815098,1.5953917897729182,4.578640626057777,5704.989888850542,2.485469510207351,6.029665383581055,0.004828987699765157,0.073857506763768,-5.395897569881471,2.1397812844260464,2.1397758354691683,4.667292478521461,5815.450168055433,2.30690820607532,7.480880244136538,0.034150328828314584,-0.0824680778249009,-5.839658831159068,2.1606616402112904,2.160391741911976,1.5041156132117364,1874.1292592826671,1.3921638555185551,2.998929427665824,0.03224860378194629,0.0369678329370552,-4.812438241239056,1.2268478249797818,1.2264239125244323,1247.0
participant_03,run,participant_03_run_018,-0.29042282562491817,0.19943465538866692,-0.11582783868976655,44.852092524999144,55706.334970785705,9.33985378741054,41.12763533891316,8.768938793810406,0.2592398845100221,6.697170486481522,18.89968354850094,23473.422159909827,4.195444948813164,18.932877055886653,-0.044595329446634344,-0.3078266045437637,-12.361000926578384,4.347605351444562,4.347376628324366,76.108410489769,94526.70700868739,7.046723355530648,21.05777450464697,0.01283219933750043,0.0796932827555889,-36.481271984817845,8.724022876810265,8.724013439339087,26.73607524682179,33206.22694857457,5.4158602294490965,23.101786076876305,-0.007576328411840603,0.2270624297554422,-21.19937388044599,5.170699435044933,5.170693884462876,12.45988134765625,0.3043386452724855,0.5396656172529011,-0.15334197457980375,1.5475094580945894,1922.0079909321437,1.9945486589677635,4.75165160797991,2.066581297744702,0.04536566835398092,1.2439893319858453,0.8440446419182815,1048.3041237549833,1.314639660767394,2.271046267552257,-0.06533951771769797,-0.1572468766196413,-2.300756528634853,0.9210395727078523,0.9187190222904289,0.30670427161802793,380.9269518964328,0.5922367797234547,1.241427789312589,-0.042884504388252295,-0.0456123057851822,-3.1006240765663207,0.5554667877872213,0.5538088764348472,4.659664093457985,5787.306549785506,2.845371459113186,4.63768452178519,0.041789687678492095,-0.3808907244535356,-4.488483565831226,2.1590299839173728,2.158625510239788,-0.21630531178652074,-0.3909372950605779,0.010764360361832565,2.7249587404866444,3384.400946165715,2.2916331846515274,7.84543860615279,2.8189299523452167,0.11267631183525093,1.6507449047283607,5.052621310023017,6275.35972864128,2.5836449089687177,7.182169053435597,0.01235655279182686,0.0821250162148136,-5.879247095417224,2.2478376263466884,2.2478036635843037,4.192788068317906,5207.446151259254,1.9875387769127235,6.365795281698556,-0.00866890934210183,-0.1170938253346138,-7.005540558646986,2.0476482164441934,2.0476298660446193,1.4252690380539799,1770.185290977704,1.3525119452259697,3.085741156272096,0.02045888400357169,0.0746303219172142,-3.4390908893290426,1.1940216095149414,1.1938463209534047,1243.0
participant_03,run,participant_03_run_019,-0.3383167610885238,0.0852298858070899,-0.06303992938777148,51.816345094302505,58967.19987119846,10.154394333800077,40.451977947435715,9.721180523431357,0.3264356391591725,7.198357110778994,19.95157054746411,22704.957188203458,3.9883532104683828,21.585784385383725,-0.03395332575326677,-0.0842420143750583,-10.35228761907562,4.46684714041054,4.466718095813089,88.22875644597922,100404.63401934848,8.90756187783448,20.466111955847243,0.03490378984070955,0.33521357920954314,-31.199709153210858,9.393081215475808,9.393016365682497,38.133668273353294,43396.24886151001,6.665695407867075,30.00101394391796,0.03646222390469644,0.16962734099448878,-23.889170445852333,6.175354060062093,6.1752464139784164,11.426580322265625,0.1609241885166968,0.251477590893364,-0.016963257174747216,1.7093118694979237,1945.2029012736375,2.154267398548755,5.097421153068272,2.2095984556027863,0.10274110173429628,1.3074065433131057,0.590100670751795,671.5366604337679,1.076928417885847,2.15280114785968,-0.06591437848346701,0.0063786166249561495,-2.064281973724963,0.7710028378953327,0.7681801030694527,0.24030282516131693,273.465513356466,0.658092831702848,1.3280484126260144,-0.02908666897974202,-0.0283902616233176,-2.296285769025284,0.49106909847154306,0.49020692076032235,5.752309181993967,6546.147999925114,3.203788389746956,5.034567104904252,0.061104721502233374,-0.3956155579217542,-4.68830892493941,2.399175476905312,2.398397211054492,-0.23080072713616406,-0.22472758921441005,0.056927935389543785,3.046218632241165,3466.6089203974298,2.2323179811927254,8.729527531831906,3.0405644516354897,0.1395398933425386,1.7453419814584088,6.291624877958364,7159.89115437123,2.9155602639375284,8.602054131534057,-0.0026439856055387673,0.06173911769726835,-6.539723359839889,2.5083125540128064,2.5083111605138555,4.845770308232746,5514.504041208666,2.32838403911612,6.002446388214808,0.005622524605937672,-0.1939856248498597,-7.930182111176941,2.201318223477853,2.2013110430452,1.1534744409966702,1312.6579978690859,1.2622534603815305,2.645628064193698,0.018509083175171068,0.11061076323714425,-4.544620449288557,1.0741587532374606,1.0739992742067708,1140.0
participant_03,run,participant_03_run_020,-0.2995995689591565,0.07261854687283904,-0.08123579830388618,49.069471092067424,55546.68454735885,10.318525823195033,38.48760475868359,9.725398621072317,0.2913865175859983,7.004960463276536,17.11658997106846,19375.994941244182,4.189294595684797,19.714608626371824,0.0017381876616442767,-0.0610264533898033,-10.180859511388594,4.137220442805146,4.1372200776691175,87.53179661927491,99086.07096155237,9.178694181598786,18.89762177189116,0.011988389040978572,0.407733625219531,-28.80532274062404,9.355850594186863,9.355842913349653,39.00033956046122,44148.418774275924,6.4976534906662575,29.744451995093105,-0.06305979107186614,0.2454598426023599,-27.244887910000312,6.245343553217169,6.245025184934103,11.356319824218751,-0.0792854811760389,0.08179661959429237,0.011539172409257222,1.6881209577089922,1910.9544127693985,2.1312157988571525,5.040089653737043,2.2126405693504534,0.0856711155133775,1.2992770904272084,0.4773023681286512,540.3067016231925,0.9296589292686226,1.4482477346890752,-0.051948293040670564,-0.0318206165892215,-2.5063274991930093,0.692821039864185,0.6908707318512278,0.15970033627578417,180.78092149340836,0.5882837442756284,0.9781734374441522,-0.012242054283242607,-0.063876348860455,-1.4942268532460334,0.3998127113647814,0.3996252447928986,5.9383961927135465,6722.26972683268,3.33803443077346,4.997834546674388,0.07517883135296405,-0.4479259090736697,-4.633373723477018,2.4380418473433023,2.4368824741282755,-0.2314706906710872,-0.05803548082562622,-0.028962971617679648,2.9685666976487344,3360.4201195220508,2.3288401931401808,8.569453027007913,3.002139213080479,0.18747953501326428,1.722952900589199,6.328580790975022,7163.9590361428,2.815148305408494,7.6440885845060915,-0.004027698635560786,0.0888949904515727,-6.0239573200227134,2.5156702910618716,2.5156670667985903,4.569344201276426,5172.501665248971,2.1717033449911423,8.165049977740349,0.006139250799661565,-0.1587030918923574,-7.71013800275468,2.1376112583154137,2.137602442288188,1.0828881708641267,1225.8303643460315,1.2044421981414073,3.9207836518024473,0.02322663324634637,0.1631345791877418,-3.61759339259509,1.0408783057380373,1.0406191286268607,1133.0
participant_03,run,participant_03_run_021,-0.4613100848300251,0.26589824964599396,-0.14674587325012778,47.00082829794015,53110.97749683871,10.169560062644324,40.94937593230699,8.976380394668658,0.14342021708127584,6.855715009970889,24.233892695676666,27384.320154147048,4.312686880862438,19.707691516104187,-0.04216530305059517,-0.3108127781739445,-12.300577705756895,4.922973756629016,4.922793180266328,73.05754333764689,82555.08851000684,7.856314112104357,19.27422817528372,-0.004845366913672085,0.2429128197707775,-30.058490572375423,8.547371924470552,8.54737055109037,30.28245723738926,34219.20342953717,4.413960081766951,30.141550051768885,-0.023208331635524184,-0.0693113271643366,-22.85497706045124,5.5029988064733,5.502949866879514,11.335346923828125,0.3415666108324551,0.6355895863771753,0.2300187832467279,1.3124000241955132,1483.0131867049085,1.9915108825342709,4.452906800017863,2.0392486902661724,0.0792079409831928,1.1456002898897648,0.9656327435372959,1091.1658532296033,1.4242435372498887,2.6824242039631723,-0.02981205996292859,-0.1043837398304292,-2.9542536460184814,0.9831182545637778,0.9826661404247609,0.20805963577229483,235.10757222095793,0.5339080410222804,1.9407121049388931,0.006293878664265075,-0.0207461967775869,-1.7862810063412542,0.4561789656274556,0.4561355453944527,4.294403779092205,4852.680064017104,3.1855235148461007,4.268326881872965,0.04371172289150829,-0.3386388460966072,-3.861830843600732,2.072755290382912,2.072294327331956,-0.040604942491868905,-0.4809366278148634,-0.12154235355079634,2.577848409862115,2912.970980395435,2.5402904630809298,8.398434719349025,2.7196605639404625,0.14903369301989527,1.6055679399708114,4.541785867281093,5132.222042205963,2.579187761579138,5.856556858382697,-0.026729423130974466,0.0665388577466125,-5.33683230538266,2.131314225857372,2.131146608584471,4.005196749516828,4525.8758651136895,1.7571258313375822,8.166934531491206,0.024534794332955863,-0.015465231269877,-5.930381685941799,2.0014491514025003,2.0012987656811334,1.4260981664858983,1611.4921879330986,1.4794949085777103,2.929070456193792,0.0021889352147933714,0.0181321298807948,-4.545368295246908,1.1941955275093241,1.1941935213715984,1131.0
participant_03,run,participant_03_run_022,-0.1701851819916133,0.09122882674405236,-0.11543576064994968,47.44373082366819,58260.940023603405,9.981322224190254,42.09495589780894,9.085491386467647,0.4191627735298238,6.887940971267698,18.777563981337476,23058.863835394593,4.786987349921702,22.56451294879848,-0.0395862819043742,-0.1273084576052645,-11.028078783394122,4.333489477897978,4.333308664443081,82.72040534894873,101580.72502087112,7.872178415409508,19.602268645466275,0.04966143306716938,0.3181450290830956,-34.64688007613778,9.095211465759498,9.095075884727336,28.486439606940607,34981.37099703006,5.454249114957701,32.476283086804045,-0.0379774718728175,0.1103725005773957,-23.100689498721653,5.337404040852675,5.337268927732667,12.319296875000001,-0.03872533361396177,0.24668168796548678,-0.06684862007482514,1.6930175330101016,2079.0269069734236,2.1047366511412884,5.037862270730835,2.169176069970893,0.04639550129266218,1.3011600720165455,0.5589890628411117,686.4390236315378,0.9435865919777717,2.057930926497185,-0.06215316039240787,-0.0647683763005174,-2.104228959847437,0.7502346820747999,0.7476557114348232,0.19692021723505004,241.81818686237904,0.6058021237815867,1.5700058910131331,-0.016647063215542747,-0.0408751765459014,-1.556932338261298,0.4440690733982184,0.443756934858544,5.635911412565042,6920.9037966716705,3.2132082860688094,5.012834287714604,0.04880084879178507,-0.3541590731673083,-4.370845403687932,2.374508988276911,2.374007458405521,-0.30228661093439374,-0.1750739896604449,0.14650346190183564,2.7235056026114064,3344.4670942390044,2.274203522899048,7.699387733232913,2.8865495012838256,0.17035779797212247,1.6503046999301088,5.6195079617463,6900.760345730116,2.6063629745633654,6.832565376938518,-0.011744807847537066,0.0793135811654038,-5.903075969081219,2.370579233490768,2.370550139049225,4.353833605484835,5346.511207237494,2.203462670569729,6.098635152632835,0.003001006290802447,-0.0423926449604567,-7.162707234300402,2.0865863537183387,2.086584195637654,1.081937637275046,1328.6202981978515,1.1586405841581033,2.654807918701363,0.01573133551212411,0.1805274812942064,-4.547673782728486,1.0402812659045826,1.0401623129469006,1229.0
participant_03,run,participant_03_run_023,-0.13935588973725319,0.169117474360873,-0.14255113334668115,45.05443211164035,51272.16885248966,8.476965067430005,42.42155198511642,9.378469410838369,0.2363520755848381,6.712259836421736,18.403599631076347,20943.36084197554,5.395706396199184,17.383517567672964,-0.045322016388394976,-0.3750550047197124,-9.900681081612246,4.290181081987782,4.289941681547238,83.50773908033428,95032.09985200896,8.47042652801529,18.8225659393184,0.04392460619448334,0.4958604199129969,-34.406075670083496,9.138362460056156,9.138256895072182,31.09479151899835,35385.98225337776,5.566046443804738,30.93784068802438,0.002629650842463879,-0.05400930299266645,-22.69474826594517,5.576271015119504,5.576270395075758,11.425636474609375,-0.2676329230110574,0.37746185087363926,-0.11412610660464577,1.4532021723342519,1653.7492001930568,2.097905181062621,4.923327122344653,2.2531308874953546,0.13631228136977272,1.205488354292256,1.083114363607123,1232.5879451330115,1.5232615425327056,2.0344901722856195,-0.07898621850304959,-0.20683468871669153,-3.377447032558164,1.043720837350934,1.040727804763149,0.2985160140036642,339.71230775055074,0.5945444256107086,2.265891934629055,0.005041051182440395,-0.04344434774012425,-1.7571130065266851,0.5463894455429096,0.5463661903921803,5.1382034696195396,5847.293680507899,3.564379561416926,4.503616279787792,0.060851346567643856,-0.26116005636867584,-4.490702501649646,2.267577199567555,2.2667605673338196,-0.17924989945708686,-0.41064016074945475,0.2105914253155004,2.3428845492186547,2666.2109158212993,2.095615666378711,9.069881033876333,2.7885484317346547,0.11662524436080668,1.5306484080998664,4.591731583865469,5225.406648982996,2.420719295998146,6.463274169549442,0.0035262196294456017,0.13556287910309917,-6.193676505757783,2.1428355088737785,2.142832607523385,4.310427327431097,4905.281413777919,2.4430682496280696,8.469143575923741,0.04611136276940089,-0.06146119383567305,-6.479389887235068,2.076668867491288,2.0761568648421287,1.2131549303483589,1380.5745624715628,1.251164845530515,3.207295029943609,0.03787309998146763,0.051090873665682046,-3.0842198556704568,1.102084072133594,1.1014331256814274,1140.0
participant_03,run,participant_03_run_024,-0.3995029385680932,0.17331642832867883,-0.07260401888253806,56.527063859565224,61162.49259628423,10.486991046974309,40.79012600918025,9.746637841153508,0.20005366727216736,7.5184482348131665,25.591670884177358,27690.28217978474,4.516004535479613,20.64300269139762,-0.02723769121131543,-0.071274075407706,-12.08598135295328,5.058894422302158,5.058821096280966,86.84800059440742,93969.85675045422,7.639490659500968,21.28934319276978,0.0003755368941468476,0.39561182520970417,-33.94526179995747,9.319227475248974,9.31922746768247,39.083556036733476,42288.55217855015,5.856899103216055,31.304210021575003,-0.006596817564620992,0.052218627737835796,-35.287874074349574,6.251687736502476,6.251684256001216,10.863935058593752,0.36420816097662784,0.4047862567300926,0.08046938006057844,1.631270408128848,1765.0409456851148,2.1829651758570527,5.481994262955051,2.2599297498856292,0.1091786042911087,1.27721196679676,0.9822707706501663,1062.8206674175026,1.4007855110980123,3.3673632320441187,-0.041781902875374144,-0.0545297035243521,-2.1599553675538683,0.9919760571999979,0.9910957424235897,0.18307831413203776,198.09152014281102,0.6060756692246142,0.9369801696534854,-0.017599522927513645,-0.04700087285676385,-1.5881667908730368,0.4282383183921236,0.4278765173879466,5.567466061658453,6024.019047445239,3.6997910491660995,5.395288294331738,0.060681673437309985,-0.42254312596169585,-4.880933690046466,2.3603280126180777,2.3595478511058965,-0.09935154475190752,-0.439372683578678,-0.14789935047880298,2.94803608131184,3189.7862861916406,2.6309816064594704,7.9333726834483596,2.9539035799304583,0.07808751464767333,1.716984589712977,5.458141877719246,5905.729728007315,2.9622286033563094,6.826818884250714,0.003482304912107769,0.15167341489335107,-6.049100095369629,2.3362692490735624,2.33626665381314,4.680065119504389,5063.847701954079,2.1291551502941535,7.777159489715768,-0.01588844884732866,-0.12158088203949119,-7.141803312821831,2.163404160648482,2.1633458159768146,1.5351054781712237,1660.9898121129086,1.5137704129947969,3.352535215729416,-0.0023229697983617958,0.06346450415673245,-4.010452036734754,1.2389959137785354,1.2389937361307457,1084.0
participant_03,run,participant_03_run_025,-0.32875825846300105,0.21107235145156347,-0.05871689508204667,48.48091748250954,51874.76662256516,9.231168240413279,39.39473152066431,9.775075312772369,0.37343230954684487,6.9628239588912155,24.056120728490985,25740.138948749096,4.8548594051449,23.691956716031928,-0.013316947184785145,0.04570261954400255,-11.865620715784274,4.904722017563616,4.9047039389234275,91.91044569521388,98344.51953383636,9.283669942146535,19.089941596260054,0.02366520373689345,0.4122466536068077,-33.68466590342705,9.587022777540575,9.586993569165147,28.06502915346203,30029.68571953735,6.4387404189428565,22.05847260387827,0.02611307649839452,-0.12864522908148315,-17.32885146764568,5.29770809371621,5.297643735988863,10.74363916015625,-0.20053540860608335,0.44786162474002816,-0.01524431615755493,1.4595282203755866,1561.7006726407099,2.043774191488097,4.792096870217374,2.3055256930939674,0.2824715021858738,1.2081093577882702,1.1174680556271925,1195.694984538836,1.5030159142494626,2.267906856727583,-0.07147701218398113,-0.07882855524880915,-3.076049874644187,1.0595173518626024,1.0571036163154455,0.25816769606881,276.2403971582518,0.7001085461921316,1.7774615160233556,0.015342942185953926,-0.0723113524544368,-1.5299744806929072,0.5083336521849912,0.5081020528090887,5.390170959657635,5767.5031078183,3.5929202655120074,4.705279786256157,0.06185354793945231,-0.4364112308323602,-4.514896103229738,2.322497970085298,2.321674171725575,-0.21922079007985193,-0.4145661976541535,0.09391907251444175,2.8043182508985987,3000.632551111331,2.3965991032904217,9.997470192254058,3.027295553306639,0.19213993748427807,1.674609880210492,5.3209643164945835,5693.45169322302,2.751982255220998,7.214674586444993,-0.012852454474363846,0.13179876172815858,-5.490810407934244,2.306757356568003,2.3067215515737014,5.128817112282579,5487.853484611003,2.4412941349298816,9.604078214369231,0.05037556101647518,-0.13962099790233973,-7.243116490034563,2.265249392325336,2.2646891866838104,1.515221892968404,1621.2930777924707,1.437713903318726,3.4754250645677405,0.03362162234991143,0.0308351476811624,-3.661550451734242,1.2314025769251273,1.230943497065728,1072.0
participant_03,run,participant_03_run_026,-0.08879022791344315,0.1182232810980442,-0.10427094769822527,53.090116472718464,62009.499176259065,9.912276318895788,45.19130153534451,9.54670631963073,0.3715508817516308,7.286296485370223,17.778893048202082,20765.807808742913,4.81978129974833,18.15326917079795,-0.021380744092619565,0.021865680364739452,-14.056646535505148,4.216556673924831,4.21650246628673,88.64787429725466,103541.01976271757,8.334842680824492,18.41464514737533,0.026637799187028407,0.5551892464025203,-34.055892974003015,9.415337692807421,9.41530001100627,37.80125154201877,44151.990832256786,5.817723006308079,31.1941219449671,-0.023074443802108335,0.04920634046623055,-31.92721473180096,6.148315539395774,6.1482722403955705,11.726821044921873,-0.03695331918165826,0.2964886487845103,-0.30218976347697085,1.4855664473484584,1735.1468285651722,1.9475883062720034,5.44247040160212,2.4174919702341255,0.21141507572471716,1.2188381546983416,0.6433049215183283,751.3823647749288,1.2152672071795974,1.4884379003047716,-0.043765924213365094,-0.040057429592127144,-3.533553040709904,0.8032561096192038,0.8020629161844651,0.27517487463288803,321.40524511860707,0.6014825072901857,1.7825494402597148,-0.014184061179857505,-0.07258700947982745,-1.9832802914554637,0.5247628628480124,0.5245711340065216,6.406379745299437,7482.673499355291,4.023631089748026,5.0763053350065,0.05345735057478446,-0.6781529124924035,-4.527672094071514,2.5316471779515233,2.531082721939257,-0.2901889504740464,-0.20041627535523107,0.22761753908603724,2.7611875412377596,3225.0764996643143,2.1911904210767954,8.438104373311312,2.9273849695621097,0.2021752305358093,1.6616821420589918,5.410976732049413,6320.039290535018,2.6374179261401434,8.170272042302624,0.010802474897719294,-0.0635693094205193,-5.637994896332555,2.3261757082201093,2.326150625400129,4.455791819168269,5204.381342343175,2.2542624445400286,8.023316390752877,-0.0285328318760544,-0.02730228099157045,-7.460826511517987,2.1110674886566594,2.1108746573797954,1.4630312108850279,1708.8256694734048,1.3335062961793012,4.396629185326961,-0.006302633927242406,0.022199179323624897,-4.626197990553452,1.2095746914016714,1.2095582709754118,1170.0
participant_03,run,participant_03_run_027,-0.23988116217952593,0.09373184799340607,-0.10194692580410754,45.46855378698053,49288.08322378567,9.127079538074753,41.4410754050961,9.823944525219286,0.29629711058340724,6.743037430341057,20.062948022478775,21748.309531015013,5.023872484000526,19.86839411213274,-0.03210133869747735,-0.05404561906684535,-13.49610089165616,4.479283259454011,4.479168228865575,86.86585495450217,94162.90623696495,9.95215163820513,18.609800277961817,-0.007441452748756305,0.1739206999210855,-34.4369389891968,9.320188320507325,9.320185349793327,35.04792642793584,37992.08115131598,6.3564789938367845,32.04906105660076,0.02499090803774314,0.38258669555638003,-25.574107361514677,5.920181667264982,5.920128919874621,10.8843203125,-0.09795657789385531,0.04819268152784562,-0.0497343275329587,1.619212383857059,1755.2322078968082,2.1878424039571485,4.960285850598851,2.3070712806082465,0.17382575239959452,1.2724827636777871,0.609638301280721,660.8502352585848,1.0295303021187667,2.239448490317757,-0.05627016593731235,-0.08105101602974535,-2.2016552779835896,0.7828183907237577,0.7807933793781304,0.16464609851518547,178.4769901668558,0.585884774132844,1.1529508012273744,-0.009220574129267817,-0.0318854166474308,-1.001231663914823,0.4058708138095899,0.4057660637795939,6.158138467765045,6675.444764397624,3.7358854335778426,4.8700734014347935,0.07820523986022326,-0.5463872025360964,-4.5025711423464525,2.4827916802073107,2.4815596845059047,-0.31340718807094764,-0.16828309885794507,0.10066724852579635,2.686196210789779,2911.851457607476,2.231443143926756,7.996345068285113,2.996142609222357,0.1746122102655878,1.6389619308543377,6.0372165917881775,6544.36498345159,2.831454287631564,7.567659660510661,-0.029691167546932684,-0.0294547434987249,-5.799673762634571,2.457254190599434,2.4570748038649897,4.73693925107098,5134.8598072273035,2.430087448792702,7.759992920230362,0.03929894558689421,-0.1183041775628485,-6.993716331660729,2.176805838423634,2.176451067924795,0.8863052683591103,960.7581735110546,1.0613108929916972,3.6511776936166114,0.013403798518459386,0.12922131329331726,-3.4916425891356755,0.9415332868113765,0.9414378728089869,1086.0
participant_03,run,participant_03_run_028,-0.2905514824378836,0.07910936189655277,-0.06528417508125951,46.66900869208127,53202.710775004765,9.724139770532435,41.39602765221482,9.461236618517566,0.28938804988499706,6.831471927197042,18.901871758363846,21548.15035608624,4.69984029446878,20.946209317787293,0.01452429875788601,0.0358460514208228,-12.60518485068154,4.347652552081209,4.347628291190939,80.10168309584567,91315.98887084292,8.823747689620568,18.892907618363125,0.045906232761490265,0.3734314231860133,-31.776907832566238,8.950072093455562,8.949954362780051,37.17804659954972,42383.00567869385,6.3846963036435564,32.0907484513308,0.009340901402506858,0.0795737602951081,-33.605474709227416,6.097387461199159,6.09738030629136,11.43614111328125,-0.18521177190530289,0.18597418190585102,-0.24324980696043988,1.604651297008905,1829.3038837138793,2.1384436984594006,4.974567334558259,2.368468780209695,0.3199301584148686,1.2667483163631619,0.5629477714515736,641.7609524038056,0.9902395913005999,2.72118137542872,-0.027978740509870245,0.0013090730756819,-2.4251406694522384,0.7508199393810026,0.7502984549174906,0.35462410966713115,404.2717955495223,0.6677798891691837,2.284369620948384,-0.015722866349309743,-0.0618796679895273,-2.392589274946304,0.5957107672296762,0.5955032406856667,6.292091826911491,7172.990192391732,3.7080474882077583,4.97321167727919,0.06001610917039701,-0.3236482742910456,-4.842668281379621,2.509122109478023,2.50840423913521,-0.25308506191302305,-0.11055805857540238,0.01356336465123938,2.807364912561556,3200.3984586081883,2.41525234505949,8.613261387810478,2.91137200677597,0.21072714603064935,1.6755192963859162,6.013995976721551,6855.960679658696,2.7573615275805343,7.854740321748608,-0.008968501595693968,0.1048619431062724,-6.110612420898542,2.4523613948075482,2.4523449954526284,4.159794085440079,4742.168899953428,1.8827062934751493,6.89049936516405,-0.041517781287138796,-0.0832601900796122,-8.590821306267545,2.0399798556856106,2.0395573258528623,1.1077052098266602,1262.7849091719283,1.318044160890857,3.033797478998798,0.012346749698817447,0.1368964608938288,-3.119977251189109,1.0525481708951783,1.05247575260747,1141.0
participant_03,run,participant_03_run_029,-0.4479224601384406,-0.00697957699290227,0.16958476614482232,62.05633401803282,54361.41927899266,10.96011482668009,42.04516330110318,12.71002821069104,0.4115723039470539,7.8775842755271634,38.96336250722117,34131.949933731776,7.263475871518857,21.398420224485616,-0.04405378786236607,-0.1311233320319209,-15.089147844462952,6.242219416477299,6.242063962121917,138.06323263753998,120943.54903790263,12.880489744726844,23.832820925191328,-0.06566382385198888,0.3813203005135956,-38.975499878138216,11.750214652307543,11.750031176024171,46.56141497751745,40787.85255152963,7.152063883841231,24.154395401420384,-0.08299721879893138,-0.097642445761917,-26.063783513020415,6.824097267466651,6.823592527218888,8.723637939453125,-0.12876912582106864,0.8498673884480494,-0.2867706149850159,1.6570778481202448,1451.6020822857354,2.2542250663615886,4.983114895506246,2.4531237291880417,0.1989480688905522,1.2872753583131484,1.2830725152224356,1123.972984693071,1.835740282390577,2.493660384273506,0.023925150193599837,-0.0557643375568645,-2.16294363141888,1.132980550598386,1.1327279087329116,0.13769087961727927,120.61736736806192,0.5423025183134698,1.0631496673827283,0.000812915605150507,-0.0752358038376539,-0.6153310711668691,0.37106810756121356,0.3710672171147423,6.253545388549234,5478.112882858181,3.780173475034349,4.713007694563692,0.0034672457618581385,-0.406847242564548,-4.395623798485232,2.500711380855937,2.5007089771801185,-0.15096577418947854,-0.6197913215758702,-0.0623824239409747,3.333509243785015,2920.157894263241,2.5540223504249147,10.255078136494202,3.649938099754221,0.09221669865743304,1.8257900327762266,7.566455293913067,6628.223455298476,3.822150158809301,6.201051096994689,-0.059769016885778736,0.109797107376915,-7.457318398397305,2.751368319453533,2.750719050341759,6.72048925371437,5887.156240569566,2.8865466998190135,6.772637748513458,0.016338516198849,0.0311454136811872,-6.761268056766065,2.592442130660962,2.592390644504483,2.3647715928703463,2071.5426087161463,2.1180633698521194,4.933153212354536,-0.0013974382318716553,0.0746234901792717,-4.185462157439744,1.5377820215179907,1.5377813865664867,877.0
participant_03,run,participant_03_run_030,-0.46265137354694724,-0.0029054884117074463,0.16646535668404575,72.71654273043552,62682.15875466087,11.628394441188139,39.473796474552145,12.877957810903755,0.5550952113842238,8.527399529190333,38.918425842789716,33547.86325614652,6.484518602378483,20.494840102031585,0.014592671447141561,0.12734164945830595,-14.246965337779368,6.238480487173915,6.238463420008946,149.03100980324032,128465.41912991875,12.44882213990709,23.38628027231657,-0.05614847755611228,0.47670336326589074,-37.65038442283751,12.207954884204488,12.207825760684837,50.5976586283387,43615.41574983951,6.601115875985117,28.62267427698998,-0.08877070401885322,-0.397689005608796,-27.7878265442908,7.11375701484319,7.11320312013784,8.5942109375,0.004198364768045582,0.8796466700667657,-0.16943361756348108,1.9928266207831267,1717.8258400670634,2.514801023142301,5.043399018866394,2.3689289541693053,0.10305347742592028,1.4116751116255917,1.1464103092043063,988.211023822035,1.750489904925114,2.288287224988929,0.011192968702882493,-0.0915259821999614,-1.8304952869037707,1.070764022440374,1.07070551936763,0.14195680681057074,122.36742453437579,0.572722215442373,0.9968848810008084,-0.0011694972656859468,-0.05854362775351895,-0.6230419432559571,0.37677337291059354,0.3767715578577698,6.316100174729737,5444.5077481575945,3.4768358718580323,4.64831183705783,-0.007554446899155972,-0.36678953718031604,-4.580167829154877,2.513196618730355,2.51318526470488,-0.1557691700723814,-0.6436457930823364,-0.02643268966611091,3.3894929477253637,2921.7595093712025,2.816835252380775,9.739277781131328,3.5611062337469157,0.26997936986383303,1.84105756230634,7.733881368603431,6666.641462586837,4.109373089601811,5.858429220706814,-0.06591625195850723,0.1844591389003245,-7.128313193743505,2.7817667624866913,2.7809856829195345,6.113909571834709,5270.2184433170305,2.761998673945427,6.3579592409188885,0.00302544858655512,0.010258289539902949,-7.340331658993706,2.4726339650611164,2.47263211413156,2.2187644580111345,1912.585225210937,2.103409580517255,4.114979899581274,-0.0078135584612937,-0.0009797761391926998,-4.648428598605136,1.4895722572963563,1.4895517641260858,864.0
participant_03,sit,participant_03_sit_001,0.20304818309523856,0.17024814527544646,0.6399156386565122,2.6048441082072644,270.9283612545763,0.9991548145831257,9.11388146257493,1.8527648658309324,0.22408240028519205,1.6139529448553525,0.6254569672089276,65.05342512715495,0.7505864956329544,1.1432027499246422,-0.10158329224851283,0.0813753723593691,-2.2172992338772914,0.7973557126358187,0.7908583736731424,1.8210204438975064,189.40330560349062,1.373019499670474,2.093251693667419,-0.014781933070953998,0.1623805290242189,-4.347887941977999,1.3495328634171235,1.349451904996064,3.364609699866727,349.9511503870817,1.5233134191957727,1.6226890923310733,-0.46471171115246845,-0.1063034058427142,-8.581187750794296,1.8922385352668891,1.834287245735173,1.0357102050781248,0.7175499157564236,-0.43224465630919645,-0.010534613369721,0.10082011103127138,10.486242680375158,0.32819929234629475,1.3933016637903572,0.7512601418338088,0.18547564728681717,0.31752182764539416,0.08976197261404378,9.336091962922954,0.4020730929853869,0.5885410896367148,-0.031478922410809,-0.1357590367909227,-0.4017934693669812,0.3012522118926092,0.29960302504154357,0.4505986048557579,46.866505835233305,1.0942462728398046,1.3748338586563182,0.04672018113982913,-0.1491127180642207,-0.780721338053852,0.6728903180916608,0.6712664186861711,0.052657727782106395,5.476900460355876,0.27246324400588207,0.3061043566483848,-0.2627164033813525,-0.2902927162559821,-0.5769630258649436,0.34882321652627984,0.22947271685781384,-0.4325174567318973,0.22348329404065387,-0.5970200535240381,0.06153721150423341,6.400450536171446,0.34758951346807204,1.1977121489095797,0.5587515749503138,0.11567800105184388,0.24806694964108664,0.20240674970010758,21.052211466449865,0.7739246462057325,1.0800001577164935,0.0608046122104255,0.0642494323413078,-0.5946116760741145,0.4539867295044733,0.4498963766247819,0.1028106873311532,10.693281394584565,0.46487599086531367,0.5856228717801325,0.017880272893052298,0.0950912574359033,-0.7563187852201121,0.32113920889527525,0.3206410568395027,0.06352525296320422,6.607225603012516,0.2731676277366281,0.5859466913249857,-0.03131994563268598,-0.0779961984745399,-0.4948315196644546,0.25398069209614854,0.2520421650502237,105.0
participant_03,sit,participant_03_sit_002,0.23895593803412388,-0.3392097558622857,-0.09038305272010598,0.19466926162578346,61.516098841236975,0.5243471390055324,2.5119369157826146,0.8675262347959446,0.035072833103152484,0.441213396924644,0.23809999336336632,75.24034664494127,0.5532586201607519,1.7172811124168483,0.05621218692373965,-0.0430861938265989,-1.4214523992610069,0.49118204702749046,0.4879549091497762,0.3809732992690558,120.38876059826462,0.7689625577015577,1.8108724363366289,0.1008456495928167,0.0925912820188329,-1.4703648344269729,0.6254143780813269,0.6172303453890255,0.3135584287491815,99.08544951753623,0.7343278785930432,1.11552493491365,-0.03618913238614234,0.0306990117430701,-2.242825052375086,0.5611310738606831,0.5599628815816111,3.17023046875,-0.0072684585722787584,0.4244610798502114,-0.18051513047007872,0.011131205764777021,3.517496025461252,0.1689263109054776,0.5679286348177573,0.2946633150895112,0.08038745719311764,0.10550452959364835,0.04096109116369892,12.943833616191638,0.3179085637039393,0.2742161815153991,-0.005955262091748137,0.0395107284578242,-0.4447876467242165,0.20247606354895467,0.2023884659848454,0.024464770920155577,7.73094454401105,0.2093227472637761,0.3188475136522538,-0.004569724313175918,-0.0172107700879776,-0.4837377466392439,0.15647892286328535,0.15641218277409077,0.031101780130320233,9.828260325521228,0.1970336803624686,0.4021292265020522,0.037063260558982195,0.037430594943763,-0.2599370513953434,0.18020950422656193,0.17635696790974897,0.5519735708965252,0.45836614999102687,0.7111620377419586,0.2541760488324024,80.32043072679024,0.3378790955501192,2.4740339961337026,0.4773890408447735,0.02540891957652655,0.5041587536008895,0.06379260871640431,20.158664960071548,0.2132192730723804,0.8919638761273612,-0.004511275094512029,0.0180630295646723,-0.6412660924213335,0.25261227270143205,0.2525719871965304,0.0572631676310658,18.095341044270988,0.2176339980287118,0.8644862069679536,0.037301128180560104,0.0456164306745835,-0.6251863915366527,0.24218699757544454,0.23929723699003672,0.35458674067075335,112.05052510460169,0.3262152015870732,2.318564215648294,0.07086679311462375,0.0062766886839333,-0.8834111243869339,0.5996739472722691,0.5954718638783476,317.0
participant_03,sit,participant_03_sit_003,0.20385280296718136,-0.12076268584919125,-0.3048352341464344,0.39201190725095886,125.44904320870573,0.7079915718033782,3.318953038103618,0.9765786785468101,0.06520327985896356,0.62610854270722,0.23027479537944365,73.6907798164474,0.5789852144530194,1.7964326821153913,0.08705031393511638,0.0223851577354218,-1.180554795554558,0.4877012943756105,0.4798695607969354,0.6799771082419053,217.6014207712981,0.6847893091066294,2.8788205160287923,0.10111793874317962,0.1127086698155283,-2.5517685953517946,0.8307839344724804,0.8246072448395693,0.41581104481880055,133.06480264471682,0.7872630666154968,0.9769939570076174,-0.04303811695662247,0.046513973887052695,-2.096281751040943,0.6462687709691475,0.6448341219405194,3.2203911132812495,0.42122492316392673,-0.15339856807508753,-0.47166626739678524,0.03725697087350317,11.922693050929333,0.24186107892147307,1.0083223394693528,0.4724656442057168,0.07099165300087665,0.1930206488267594,0.07690619731720054,24.61094954902686,0.29385737220326114,0.6017436624019118,0.01736656012624593,0.09910657507692894,-0.7970111644400835,0.27786290635458893,0.2773196663008243,0.09597289790113954,30.712516101102857,0.43142945563543156,0.6456141304305928,-0.017444835960141965,-0.03187739742347185,-0.7327706415250744,0.31028570737759703,0.3097949287853814,0.08538195778994741,27.323287822510572,0.4609020305912779,0.5690200642436675,0.04017191939208112,0.076161663504069,-0.463498336211763,0.29495040413193413,0.2922019127075444,0.5633445947872933,0.6205273430761221,0.8758390523148959,0.35618729346171274,113.98449236465135,0.511171885796502,2.9565847879329645,0.6184873823721849,0.053968589026637426,0.5968142872466382,0.17128563382787404,54.81354361376669,0.3744422165440367,1.5322399162087932,0.0002902146526631411,-0.03151626255176095,-0.8446234857249143,0.41386678781030334,0.4138666860570853,0.16767763842431596,53.65906379208519,0.31761371232051505,1.6796295076763177,0.0030370554133526094,0.00824256345501765,-1.523102667441146,0.4094958633855778,0.4094846009611545,0.39878875699788435,127.61748436963029,0.41944352105900906,2.3296439867960834,0.030864193414168534,0.0007138805345854001,-1.5415444089172197,0.632251022484734,0.6314972343548975,322.0
participant_03,sit,participant_03_sit_004,0.24495577689804995,-0.39217716497460087,0.3847727748834051,0.4323154632373681,23.374929837632475,0.9111270205786193,3.2163027611853883,1.6341023987069916,0.3151208685859921,0.6575070062268296,0.8300517247356128,44.880883199222076,1.265206773668571,0.9966402148519616,-0.5009851349396569,-0.38866016452778723,-2.5479012990888505,1.0397296909130367,0.9110717451088102,1.192195860730455,64.46079688997035,1.7851756151706977,3.0526965375867,0.5571926647254843,0.3711127169200802,-0.8088278839244536,1.2258301376431977,1.0918772187065975,0.43467389839429355,23.5030950222584,1.1164108400151163,0.8493243384977982,-0.29023242028167234,-0.28217296345028975,-1.486351238340351,0.7203532162605029,0.6592980345748753,0.5517783203125002,0.32139112384653845,-0.4659809040321224,-0.9622752997556574,0.018373699238975544,0.9935213921891187,0.1971482895711622,0.587731965178892,0.35809909286565655,0.083226392577741,0.13554961910302643,0.003564929386224946,0.1927616742273713,0.08740454361822168,0.0480950710527379,-0.06627666031707549,-0.054162889069840806,-0.1797264208496297,0.08920496112330276,0.05970702962151899,0.12067037242926484,6.524769947226774,0.6309597399606355,0.549446034584361,-0.05086010839616005,-0.18771226775935201,-0.4432857058486891,0.3510799382695257,0.3473764131734693,0.015371759209648022,0.8311472449617211,0.2150091679281955,0.1866913454461381,0.004717223355920146,0.03608344246994715,-0.20007418144187,0.12407260538022752,0.12398289885967348,0.21777349893250642,-0.18629040224468743,0.6714880991947795,0.16013310777387926,8.658381799623665,0.5941134820793419,1.7873348925077706,0.8038191545969318,0.09753930428614295,0.40016635012689317,0.12882228983435878,6.965322652681975,0.4779412873968299,0.6049155843899054,0.06534636206602064,0.21057605681646246,-0.7443333205365514,0.3648183614754365,0.3589182216527308,0.07818824399837175,4.227692694130374,0.506884853438008,0.8987385154960159,0.41376518120051997,0.4086568722387519,-0.1560863649888177,0.4993894964576957,0.27962160860414875,0.26443339026939544,14.297774949091698,0.8706497905254043,1.5205911082436177,0.3991774602348145,0.41623181158455846,-0.3839347683388162,0.6509808253926627,0.5142308725362523,56.0
participant_03,sit,participant_03_sit_005,-0.0548541730894421,-0.01605577678040687,-0.25851475052407186,0.6839615758969962,268.1199494018929,0.7605593191955113,3.8856408614417397,1.0084222025663414,0.052583692461525826,0.8270196949873662,0.27686579511993675,108.5342858233203,0.46383661071241655,3.0597428396102204,-0.01897266810267741,-0.0090234561323071,-1.7082257539803862,0.5265223236054395,0.5261803826825329,0.8602021083977657,337.20829916620585,0.8229686168281226,3.760172696543984,0.013456048071425813,-0.038546409982117044,-3.029456457193721,0.9275684199170787,0.9274708126931897,0.5620951840556578,220.34702348159755,0.6384262944911301,1.810452074992308,-0.03424616164992148,0.09320074791266314,-2.995378732670092,0.7505118144595796,0.7497300741304552,3.942686767578125,0.23091451774853095,-0.04886342391632446,-0.4851766570245603,0.02887534837190253,11.319436582772155,0.25073871165503414,0.8133226009524638,0.3936685608422241,0.1376050679677233,0.1699274797432791,0.04249137373509078,16.657105687629212,0.1898584290033369,0.5999681321044018,0.009922086255674738,0.0491528760156352,-0.6757208274592663,0.2063730155101578,0.20613435845363282,0.08226771354797556,32.249779380201296,0.3819230547689576,0.732585458212919,-0.000607204014290663,-0.0142573617826336,-0.5434350085370699,0.2868241312105565,0.286823488487215,0.058836871404340636,23.06464790583741,0.334297602105029,0.5289916560829169,0.012470324282210385,0.0411517887656926,-0.5391733208115449,0.24288347080862485,0.2425631286991917,0.6932293017370206,0.8557917202615156,0.8467429856897376,0.5513988168838332,216.1539157262858,0.33918827421734443,4.0526215160286485,0.5923452465363801,0.03636981328160094,0.7425623319855601,0.17267268255555784,67.68951158453099,0.3756899772234723,1.7515631972686982,0.0351968817286296,0.028275389781684902,-1.2675560309786171,0.4170269811882404,0.41553902651322394,0.15537463624137865,60.90843311985693,0.24941943915399234,1.7502850410080113,0.024254062047101146,0.0015269718814515,-0.8250493813811215,0.3949213792227046,0.39417589505369127,0.566805476977215,222.19353953558638,0.31373236082958234,3.4205142109539426,0.07477855437705978,0.02032150027423535,-1.1861002344184697,0.7565694344684681,0.7528648464214642,394.0
participant_03,sit,participant_03_sit_006,0.33725610102024994,-0.36395973901302536,-0.2695225817017982,0.5024497209182976,84.42434104773567,1.2227269858029979,3.203840354390259,1.2439681118820725,0.23444030436447863,0.7088368789208823,0.6827403412277709,114.71626628446427,0.8391143777903198,2.473424151466656,0.061505540264164375,-0.0015910178837115,-2.283084754337671,0.8285669995304892,0.826281030417479,0.434398259144862,72.98905202668489,0.45826130167812773,1.7170566550662143,-0.011852030278948511,-0.0410138533529423,-2.266030930749368,0.6591955171014099,0.6590889614800585,0.8981112759303432,150.90387122967965,1.0995695345188137,2.118627134102007,0.17530860187067082,0.4107518558676845,-2.0628211865509702,0.9637657297394385,0.947687330257371,1.6954531249999998,0.5713791727989758,-0.8876242121021123,-0.8489801923181581,0.03544886338521757,5.956238546053187,0.3064593009282836,0.7393304719098088,0.3311629225456834,0.022743742967463766,0.18827868542460555,0.03501289657436951,5.883014590164601,0.18860022676632276,0.439246890716792,-0.004745768787390328,-0.03826148514858,-0.3398910554805175,0.18717750638298633,0.18711733370901135,0.08837411863838412,14.849103842889999,0.351867402041775,0.5440899565257401,0.033323699971581626,0.09778352989376325,-0.6454452012007212,0.2991397459686361,0.29727784754062003,0.02051978514695301,3.447835926573685,0.1575544295308473,0.30461968473584,-0.0088290992366066,0.00480835177665845,-0.2514068812075539,0.14351912116607618,0.14324728670014317,0.1221769816955998,0.6087219929348967,0.37578566930393054,0.1305768832569584,21.940237919760037,0.6183254485644565,1.3919109014597857,0.6498251945720678,0.043393687143224155,0.36135423514462706,0.12096760583699427,20.325442646479278,0.5070354133065569,0.7572217553232541,0.0062383608788867785,0.03344478947927585,-0.642406949703454,0.3478599186216335,0.347803976166165,0.17187698493198794,28.879345799821134,0.48244598207328254,0.8055538915464743,0.045732908304507124,0.01293573796802475,-1.1353584769679506,0.4170952934689822,0.4145804927055637,0.25720025370699373,43.21600696440808,0.6056048305753554,1.2479128196412823,-0.025969332551387475,-0.11450754822676865,-0.8873472717242963,0.5078136074783328,0.5071491434548556,170.0
participant_03,sit,participant_03_sit_007,0.32216259337778075,0.20671927818111083,0.167456727073983,0.3439158018553509,121.74715991241744,0.8422492996659589,2.8110782213688337,0.9340542481462745,0.13459763722217685,0.5864433492293616,0.4222482772457285,149.47707623565432,0.5658428561123806,2.665029936979596,-0.05845764411643581,-0.081267633657357,-1.975956121430614,0.6524305123163481,0.6498063382621998,0.33694915501920447,119.28094736318887,0.6695220289344627,1.5677350264118992,-0.07442657066594295,-0.0422359977345948,-2.293463898068678,0.5852251442310873,0.5804732164529252,0.4478599161937143,158.5436683660473,0.7169803705197813,1.7339650920868594,-0.018952079043456763,-0.0064070435214355,-2.21552633780162,0.6694916709666997,0.6692233679375775,3.55142236328125,-0.03828619308803801,0.29723550457954506,-0.29640196342055486,0.03592344726504888,12.717001240387038,0.32819496002889986,0.9151610905593369,0.45179306512754025,0.1325610257797563,0.18953481808113484,0.039585487562707286,14.013373792388164,0.27976602649712023,0.4077794110311831,0.0013800821452813077,0.022745087366482,-0.4602507647449812,0.19896580658353086,0.19896102020925427,0.08876304454200003,31.422367102262786,0.45257383346802615,0.6435746504150225,-0.014783381812449137,-0.0101570034085012,-0.6596079705195438,0.2982978258717497,0.29793127486385185,0.11133783181801388,39.41390521029551,0.3924526508317453,0.8285159867726779,0.011558721171700726,0.0343849006033958,-0.5867481874279635,0.3338733829659666,0.3336732410877652,0.4728505887063059,0.25719731055630474,0.399156639596884,0.09317020797324624,32.98251533659652,0.2759309879280871,1.959236979195968,0.4363178084886062,0.061306914781180645,0.3052379530354085,0.10068734530389879,35.64360306720183,0.2925886602495125,1.5106251359869716,0.032612913192625305,0.0073295705690184,-0.515582383191772,0.3189842432014605,0.3173126932599747,0.06355238844356276,22.497724026966274,0.3118050157523241,0.732024856761806,0.017105395773332758,0.0355088970736414,-0.823441050618962,0.25267564783359137,0.2520959905344842,0.11794421376920086,41.75258297826837,0.2632269831416071,1.2281872234228512,0.0018148799992809277,-0.016344414896829,-0.6449835125268574,0.3434348665447535,0.3434300711486996,355.0
participant_03,sit,participant_03_sit_008,0.10658638858618597,-0.2527437556296069,-0.06803169591667917,0.7768228291798628,261.01476889682783,1.0218672302595788,4.831774040676834,1.4855926990425437,0.06583293961855576,0.8813755324377134,0.5933828234383023,199.378384245753,0.729015174801525,2.44938299309138,-0.02836382058568353,-0.0335511750450962,-3.688525551317123,0.7708354751544061,0.7703134579106756,0.9495922317622154,319.0657993165769,1.3494866091274442,2.5007547167106274,-0.06593868794091265,0.0211649068925197,-2.656097026660491,0.976698593389785,0.9744702313371175,1.4333097561768586,481.5963186368332,1.3523487498616853,2.3862367316262896,0.04869567091036423,0.1808603086529596,-4.255353748693738,1.1981990755055143,1.1972091530625961,3.370873046875,0.16590597315682518,0.2891233357304742,-0.19757994408094065,0.04563983503267309,15.335119600075881,0.30586021699805765,1.0514377921028273,0.591928800909362,0.1611897470232754,0.2136348169954352,0.14157288750558292,47.56890905657262,0.6440929351674913,0.5744154316533646,0.03829747671926642,0.129842318740856,-0.9021787993917676,0.37820574325179895,0.37626172739940333,0.1149751253631093,38.63198228509752,0.5267611540140008,0.649506654909451,-0.04267733533530616,0.0149270745837248,-0.7849886628371703,0.34175500042344875,0.33907982152158406,0.13319789344021596,44.75488627252038,0.4099289887787695,0.885864465691035,0.054640483118060086,0.0209481429900124,-0.5250102367522663,0.3690304538050904,0.36496286583735604,0.5069003001683443,0.7090648882421107,0.7152208022005837,0.3785156692542631,127.1823847382763,0.6025503384173239,3.4644755356904384,0.7779616392389898,0.15714878414515918,0.6152362710814953,0.33358651990801963,112.08605763146114,0.6420129625531552,2.6382188019418624,-0.02132022481858313,-0.0088367873637161,-1.0861490574934554,0.5779628637675042,0.5775694935745997,0.3616010760706336,121.49903138540171,0.5821025097757218,1.908813374069217,0.06545335833578642,0.0369250461804451,-1.891356445147865,0.60488446681004,0.6013327498736731,0.28328366104716096,95.18414822918646,0.5103796107383489,2.2225028397940703,0.023022385891066862,0.0343920683705746,-1.1060415480943186,0.5327416740778574,0.5322439863889126,337.0
participant_03,sit,participant_03_sit_009,-0.21270359114145668,0.027455564713431305,-0.0491509702068711,1.0274462588392983,304.1275404226701,1.1096431535551767,5.083382534446834,1.5317879432130217,0.15137687009937606,1.0136302377293696,0.6999293875642137,207.1814474753414,0.5672442412387989,3.564274367927604,-0.02234534918631521,-0.1025532496061655,-2.0881436330975647,0.8369161858839105,0.8366178264681035,1.532401667799389,453.59603595609514,1.2524510739603394,2.40792360029105,-0.1315304353098627,0.0469495274474959,-4.945181061858704,1.2448702435242764,1.2379021236751269,1.121455252221167,331.954517930124,1.2258095500786397,2.718491077087186,0.04727244635353153,0.2381978514471947,-3.865159252804413,1.0600424219838631,1.058987843282994,2.969519775390625,-0.3978180526180027,0.7313776650615971,-0.7410778311953504,0.30354942898453563,89.8516496016675,0.7397405966128984,2.3523673738594155,0.8983918539230203,0.13838565723207602,0.5509532003578305,0.41125199892190556,121.73197172114894,0.7414772645816807,1.83381159631826,0.13763104739226648,0.1830887472357287,-0.9151528114155671,0.65589199120602,0.6412893254389204,0.22461867194607904,66.4878806499721,0.7567062803040157,1.040871352407239,-0.11004676849822623,-0.1342637121461175,-0.7929819590743759,0.4865480070897231,0.4739395235112588,0.42803348915287953,126.69934914324284,0.7356141451818872,1.443547953176451,0.1253020179235701,0.1634281554380487,-0.9545534429627588,0.6661336839168234,0.6542426836831112,0.6182654238534802,0.685992828526955,0.6239410901110625,0.4647772740093292,137.5756327620434,0.7849590898270876,3.115674579766811,0.8494530566271954,0.1532068535402915,0.6817457546690916,0.3233859190368546,95.72331722255676,0.48906320237506695,2.1398396441110217,-0.013651505567442856,-0.0205811175569159,-1.1746663963731103,0.5688341433503377,0.5686703078558389,0.23613256359033052,69.89603121389081,0.5073835802335553,1.6535084477034294,0.03343069803274092,-0.0072886732304962,-1.333947012054482,0.4870833349246172,0.4859347318213944,0.6241699263485836,184.75639272913497,0.7938789999144376,2.431231351946876,-0.036815557467350477,0.0654888471436665,-2.382947008019268,0.7909015815006412,0.7900442559430348,297.0
participant_03,sit,participant_03_sit_010,-0.24746056503386527,0.21695773814989736,-0.06040574573206207,0.8093621345039619,267.1004276129167,1.0989468914797786,5.138872973643033,1.4241196992008853,0.21810607086730308,0.8996455604869964,0.721712978127264,238.17410663792165,0.6410661181333166,2.8776732707880948,0.03330780670908913,0.0141446581355676,-3.022314230266028,0.8501896189174707,0.8495369198141208,1.0244997413557946,338.09720445772604,1.001867214186033,2.158384060871264,-0.1242391429070501,-0.1368962450795395,-3.9043493124169535,1.0197720853142005,1.0121757462791698,1.0741360075250597,354.47828011928533,1.1809566400047067,2.1075211374568803,-0.024198151371853358,0.1356273384687755,-4.629611826108762,1.036687782340891,1.0364053297455873,3.320615966796875,-0.0321327341091899,0.5821520890020634,-0.52894743253468,0.11784174545517506,38.88921050801979,0.4471126082444261,1.5794118086805526,0.7449626274388084,0.14363910221856804,0.34328085506648204,0.27029705834622686,89.2015218520293,0.856914307857577,1.3558282587536283,0.06707174548281557,0.030990985562026653,-0.6438508159527428,0.5242095739189989,0.5199010082181288,0.14434266638321702,47.63481569682098,0.5295157703356039,0.8603508769532777,-0.044328411520397244,-0.11316132694994925,-0.8444145796204432,0.3825018620231001,0.3799245535408537,0.24873994020574078,82.08719516196827,0.6832214799768612,1.0738689580878225,0.05447724011447285,-0.0014075997206175004,-0.7237572631394392,0.5017048035411169,0.49873834844108467,0.5013566839644976,0.5565946950525662,0.39621144534653685,0.3171237454379371,104.65471309352257,0.6371434660726808,3.6521936892753315,0.7588392365958636,0.1719990739870633,0.5631374125716894,0.35213416931910635,116.20856294871645,0.6304161864903048,1.9529482910044849,0.061759928509190584,-0.00151193884929035,-1.0543503311469344,0.5966141618236754,0.5934089393656843,0.16626839712685054,54.87060735200077,0.4605181052675338,1.5770697443130406,0.04133429787608134,0.0182889867541863,-1.288910902987276,0.40984987654964494,0.4077602201378287,0.3683699400366111,121.56653549271938,0.7081577976329511,2.723538688809712,-0.025795600446455454,-0.012264240027609851,-1.3447884247330149,0.6074828006116751,0.6069348729778271,332.0
participant_03,sit,participant_03_sit_011,-0.14616212750193625,0.03776894367077748,-0.43843276619727556,1.2852522463874814,421.5666315188709,1.2314784998838664,6.045559565971236,1.494151133681117,0.1135329791823558,1.1336896605277307,0.7016140043680371,230.13151953575976,0.5518932862681185,3.4843966204608856,0.026780168406543032,-0.0803213474810135,-2.2016092607115376,0.838052016158854,0.8376240232753817,1.0890489700106674,357.2113623118929,1.1353464311755148,3.007099577915509,-0.1422022676858854,-0.041716519589123,-3.629957137533802,1.0532190916165904,1.0435750907388828,1.6864407101606909,553.157663359101,1.0775139941267438,3.402982644140483,0.1403478171321631,0.3548150502624349,-5.408175668743223,1.3061922599427904,1.2986303208229395,3.2905012207031255,-0.17083040920361273,0.3111518849296106,-0.5607574570706455,0.12624794972104464,41.40971007804725,0.44618751311457305,1.7233526211047445,0.7847064764854084,0.15144308968500433,0.3553138749346057,0.3401755038320207,111.57859609176289,0.8640477891399563,1.4632232460605548,0.09541919682344654,0.081108425454981,-1.1751543147493384,0.5909994305872489,0.5832456633632356,0.16842315552519932,55.24330538546396,0.4767903261476487,1.0300968181023973,-0.05241147647290814,-0.140271149186416,-0.9086582076275316,0.4137271061838583,0.4103939028850201,0.21836623227626337,71.62478590246977,0.6569128858882971,1.0369168886533968,0.056528986698898394,-0.0023613429367388,-0.7445578024109532,0.47070347206438534,0.46729672829612595,0.44285609586570807,0.6396560663729898,0.06699291981895596,0.42636805242378206,139.85001321940175,0.5987492732241415,4.071787962986358,0.7245841208332566,0.0502004547484544,0.6529686458198296,0.48401287483444533,158.75768965137937,0.6252208989621117,3.2007369261587177,0.05812539770601487,-0.0178413166797089,-1.6236370007436325,0.6981342540607269,0.6957103383121781,0.13845575731142795,45.413907961049304,0.308686686486295,1.4543561144906356,0.04507863051363221,0.0394269514283128,-1.254239318178561,0.3748170757054866,0.37209643549949245,0.3234314457426793,106.08649429888892,0.5690813502402414,2.597754243648584,0.008915038500530013,0.0276477241144132,-0.8867577742606164,0.5687802068058849,0.5687103355335468,329.0
participant_03,sit,participant_03_sit_012,0.7990375135367409,0.9828501970943568,0.7762407612949256,3.2616863671228686,45.867464537665334,1.989764403838925,7.224326910395693,3.3296535067176594,1.2613560433255702,1.8060139443323433,0.4919584904279131,6.918166271642527,1.1493964642908423,-0.5164584072858095,-1.177587443573773,-0.8441080608963966,-2.456490650808811,1.37064608039075,0.7013975266765011,3.392535508931707,47.70753059435213,3.6564862524803727,2.7438816515281794,0.34305940418839465,-0.1259247197389602,-2.0684115168072283,1.8735595169980064,1.8418836849626816,6.511083815513703,91.56211615566147,3.949473831097782,1.1236726057738065,-1.5647041525419552,0.0169470431476831,-6.471338871353864,2.9932228284068225,2.5516825459907237,0.13942333984374988,-0.21007353944776522,-0.8711932119819628,-0.2963978911623775,3.2118025443505693e-14,4.516597327992988e-13,3.2551264084190734e-07,9.806650284919217,9.806650015959997,9.80664975211772,1.7921502571912236e-07,0.03318469199886808,0.46665973123408255,0.31138840076997854,-1.93686471940279,-2.125912065171351,-2.058274738196284,-2.4651588181719184,2.13370260365403,0.18216665995419712,0.012134730581514836,0.1706446488025523,0.09874700915180146,-1.6013421404600143,-1.7120040584242346,-1.6903452427759766,-2.0087365080453456,1.7155444111542444,0.110157753161159,0.0018564657994602138,0.026106550304909253,0.06320113706141761,-9.332336790004373,-9.416620871748329,-9.42258755429387,-9.466253093019128,9.416719445117057,0.04308672416719811,-0.9201651066087542,-0.8999403653171925,0.7746592673555657,0.06360093050251989,0.8943880851916861,0.23861619022434466,1.2935194205380716,0.7278049721282718,0.4104473572558296,0.2521922490928694,0.24377431623879808,3.4280763221080974,0.770949974656105,0.3461594581604004,-0.16664259980122248,0.1010994762182235,-1.0941550731658936,0.5210989083727853,0.4937350668514422,0.07684259138737183,1.0805989413849164,0.4786354601383209,0.1271963417530059,-0.3391320260862509,-0.362765222787857,-0.7081213593482971,0.4380104136943977,0.2772049627755099,0.029439080198636832,0.41398706529333046,0.21288633346557623,0.682019829750061,0.3169617215792338,0.3161324858665466,0.1059713065624237,0.3604217156958062,0.17157820432280096,15.0
participant_03,sit,participant_03_sit_013,0.08709559036563852,0.14088474108488916,-0.32130863350321826,0.9925405083190127,311.66086056314566,0.9177230260263958,5.850493020460025,1.459516657724972,0.16293412741292806,0.9962632725936517,0.6164070701630132,193.55377068647144,0.8027978611029722,2.070770281837124,-0.017030179625690162,0.0226555272039891,-3.2874238039824344,0.7853006412712881,0.785115959691951,0.9167216126515473,287.85348739034737,1.1490064518351293,1.687107406475836,-0.03613071054678824,-0.0170771946738358,-3.707879945775504,0.9581372766447211,0.9574558019311112,1.5876887624624916,498.5392957447491,1.0947464215884843,3.246950486441156,-0.017789939739517042,0.2626586388210775,-5.755516442043942,1.2601608010164524,1.2600352227070843,3.150037109375,-0.6933574083100811,0.7081330344265808,-0.5075264450622836,0.18849448510139136,59.187864823371996,0.4558538869662918,1.9900540969575007,0.8473113995799815,0.15920507016505359,0.4341595157328598,0.37807301363868323,118.71612271613401,1.0593140326009456,1.324417372324722,0.012334512505897262,-0.0386016516406659,-0.7868059463509932,0.6150001250710778,0.6148764214366031,0.18005924575846655,56.53917297589821,0.5844617576847241,1.1271524188261577,-0.04065992560463153,-0.1077627705643324,-0.5561881720684896,0.4262774628204507,0.4243338847634803,0.3389512497976331,106.43176506699412,0.6033931810368106,1.427383866551304,0.08684592112392646,0.0956177480297871,-0.7797685316750576,0.588636954169118,0.5821951990506561,0.3931779082293445,0.3554960439715145,0.39758737858408605,0.29661199250168135,93.13710429107383,0.48356621377494025,3.347299654001368,0.7874188589100172,0.18601742144466335,0.5446209622312397,0.37850216359201916,118.85087715955093,0.6139030340381317,2.520340405657255,0.04636838703159709,-0.0740650095301051,-1.0127511045888549,0.6169701701929609,0.6152252949871446,0.1432580661942845,44.98348613331607,0.32411893122468866,1.0424918169964543,-0.021073110345746666,0.0432135307087275,-1.4245246171968968,0.3790806539167206,0.37849447313571766,0.390190523997313,122.52105931529553,0.8851094371248737,2.2438479585910787,-0.04577766693118281,0.0036448303861142,-1.080779059638403,0.6263274852558965,0.6246523224941319,315.0
participant_03,sit,participant_03_sit_014,0.20714733473770172,-0.0549198680398519,-0.08860578409263122,1.2872623686442952,378.4733476097348,1.220282277634699,7.067186115384857,1.6786839829035214,0.15968640391447275,1.134575854072479,0.9564684162558477,281.21458804193685,1.2101694339817688,1.8289472774351412,-0.025067742997236624,0.18431949157199023,-3.296045055756726,0.978313246355595,0.9779920328181859,1.054334555580991,309.9885678016445,1.1754309397570972,2.4751098588469373,-0.07222095292844388,0.0056838964271525,-3.000056584921203,1.029344656382343,1.0268079448372958,2.0786129036925334,611.140098885909,1.3423730135973468,3.995037692345664,0.09991070909009685,0.28810103346878485,-6.952519719477858,1.44519723687925,1.4417395408646227,2.95941455078125,-0.49820128028108585,0.6379365320831187,-0.6144705628702918,0.2711926647647386,79.73451626836379,0.6644638923859892,2.433406236527692,0.9510536754458846,0.18600772642503755,0.5207616199037124,0.48766066869801267,143.37917939312877,1.1097214578368604,1.6169031715444782,0.0014347404445474367,-0.0322427486904326,-1.104294321411781,0.6983285238182356,0.6983270499543983,0.2740291449959647,80.568281787978,0.8845541542639628,1.0682791439183266,-0.06311122870692455,-0.02645576268477505,-1.130637744393992,0.5272685958644441,0.5234779317182002,0.3970077427089728,116.72564423983755,0.7258910023356142,1.7172269545428858,0.11407504666610127,0.0331979222471809,-0.8208552584171066,0.6403287116636627,0.6300855042841192,0.29726521977338793,0.42541707568979753,0.49818874816340797,0.34165727964229775,100.45182747197218,0.7060977234058825,3.195945361089476,0.9592646501324117,0.17608430595977964,0.5845145675193201,0.6096789027146445,179.25379304041869,0.7892294693884996,2.6503687187796503,-0.03976069746953788,-0.08472399137902825,-2.415227096444656,0.7818310660097286,0.78081937905936,0.12538531910514925,36.86496759144031,0.44431742086043763,1.2074838600101276,0.01538134329860969,0.0060188479952713,-1.0863943993463268,0.35443180560838344,0.35409789480474074,0.524912022577529,154.33127100785393,0.9658968586870271,2.1124830874166585,-0.00722533415829809,0.04766844961890755,-1.4911863974178112,0.7245441518853273,0.7245081245766185,296.0
participant_03,sit,participant_03_sit_015,0.050913484974984616,0.06953165792065664,-0.07815886005388266,0.7888000084023847,265.04640224475884,1.2422983978916604,4.104581615935865,1.3191145029706985,0.14992284161445743,0.8881441371772854,0.9337480868884862,313.75056806340865,0.839466993230289,2.623113338684171,-0.06013443326592667,-0.059051042182518346,-3.3953428840479773,0.9681757262773636,0.9663064145955392,0.6149711475637223,206.6381339991151,0.8081981304981678,1.917374747285524,-0.06551330260186927,0.01182513238680125,-2.360558535573842,0.7869327419681598,0.7842009612106595,0.9698360608638219,325.8775945959594,0.9161677347415804,2.449180539930779,0.04898614244834339,0.12054254878615656,-3.546149277732761,0.9860201331695977,0.9848025491761391,3.3807421874999997,-0.3071929390136244,0.5995552002495601,-0.6240368171764361,0.21574742252542595,72.49391759001661,0.5358303355748864,2.2540948232823874,0.9983110025855626,0.37899170906169694,0.464486191964224,0.5283073231149782,177.51806185069478,1.1179657954568754,1.668285800300931,0.0011258904172558256,-0.0194935850860077,-1.420070956283962,0.7268483959837911,0.7268475239793957,0.2998351377813892,100.74817050251626,0.9781719909885791,1.033449719671079,-0.016726290788385348,0.0749896534778143,-1.1208179250824706,0.5478274423437792,0.5475720388966088,0.37860292879337243,127.21515544592559,0.8443559194755179,1.481714174504666,0.07311534918406651,0.00295945120279705,-0.8221278220551156,0.61963600854024,0.6153071824652889,0.1419479639134377,0.03673224903347289,0.5604008277091489,0.28934364732869594,97.22293886874391,0.5142710399975937,2.8965258460081196,0.7792715315699821,0.09790235567017178,0.537906727350287,0.19124017592751294,64.25895696202322,0.5411902354236152,1.4750731739447105,0.017048174488505742,0.049227474623788445,-1.085127429149649,0.4376423381951333,0.43731015987227295,0.21879009359253665,73.51605209397701,0.496360104333131,1.2971003492536086,-0.004038205764136466,0.0382859127691167,-1.4330267449645655,0.46776746434348143,0.4677500332362753,0.4845271373112598,162.80692481977943,0.7809519270583059,2.6172705050912515,-0.04175419803598417,-0.037755823871935004,-1.774036947632913,0.6973310192189129,0.6960798354436507,338.0
participant_03,sit,participant_03_sit_016,0.24566226831537885,-0.2499165448434227,0.07844552651292057,0.6226748601905349,206.7354685439216,0.8381121543851126,4.29567196189675,1.2021949360252433,0.15397423217408626,0.7890974972654107,0.6357997321713916,211.09317058642213,0.7267855225449562,2.6728804803170667,0.1555962704743021,-0.026175585882705597,-2.240723701853628,0.8124099528913368,0.7973705112251089,0.8546951146611311,283.7689530296008,0.8693842828282687,3.357807957734225,0.06076059135942703,0.07215790579718276,-3.1346885453432307,0.9264917507044941,0.9244972226357043,0.5491934286952413,182.3388539022099,0.8448917052395513,1.5759075025000622,-0.018899735967732843,0.060919561263609395,-3.135275527603417,0.7413168207419089,0.7410758589343208,3.34060205078125,-0.031289996356303945,0.4293863649338696,-0.5159147074209148,0.14392354581453265,47.784460556131386,0.3447367437111961,1.7526819285548045,0.7615053421290483,0.28215136981648314,0.37937256861103263,0.30126250110449354,100.02300658938782,0.8571666398361948,1.341950690573582,-0.012524471938872956,-0.19779471202812743,-0.8554034357660748,0.5490167242460299,0.5488738480784938,0.1456006991060639,48.34116566023224,0.4613628539328244,0.541668454330379,-0.05499937572227176,0.003052047285219,-1.4260328467369816,0.38551994816857854,0.38157659664353616,0.2614788149363876,86.81415622949322,0.7213790178865771,1.0498491704073958,0.11086082730829377,0.0980125651609896,-0.664828172369861,0.5232293359205569,0.5113499926042706,0.32861127994654427,0.4903005658498086,0.5329729854386155,0.3284419501873189,109.04684869158076,0.6992115745592331,3.1726348713384254,0.6540990142961018,0.03683194209991629,0.5730985518977683,0.3701692617546185,122.9006599158122,0.47973010483858125,2.8876207638031897,-0.00458722610971068,0.04325201168849735,-1.0518970313752665,0.6084326621722408,0.6084153694266923,0.14885460727355684,49.421522026102345,0.3607642027668092,1.533829387572056,-0.031732022564335924,-0.027686206685903852,-0.903270934023714,0.3871195274454395,0.38581680532806867,0.23609380240747413,78.38624677023506,0.5228490293338048,2.01084884538029,-0.011909464950051487,0.0610283735732806,-1.1906735415265444,0.48604077788069455,0.485894847068246,334.0
participant_03,sit,participant_03_sit_017,0.12145187816251421,0.3284758192039394,0.16715083088121116,0.70979077230547,188.80699390628598,1.004154878322486,4.385950192281144,1.3907830447413596,0.24980118019665726,0.8424908143745367,0.7685712237259963,204.44281331418858,0.68376205434893,2.868500536706219,-0.09543711954385999,-0.0764588907969035,-3.189152271742056,0.8818613652455952,0.8766819398881195,0.7747380635345283,206.0832157138544,1.0807966525243062,1.7770865745869182,-0.08162374241942577,0.0714226653632627,-3.0034915024360886,0.8839686073956932,0.880192060595032,1.072209054702777,285.2116093309935,1.2879104512177966,2.0447482977231384,-0.1130452509786823,0.0383498953274194,-4.285772295687837,1.041627708671198,1.035475279619353,2.668463134765625,-0.6447848428878851,0.6780477980980494,-0.6846925891431144,0.29632560852995415,78.82371756153698,0.660054989263763,2.2237593833976015,0.9692768927336058,0.19135578313942325,0.5443579782918169,0.3694488594209079,98.27477514648172,0.8077641522201983,1.5730353971005993,0.021494108964478766,-0.0767119752120495,-0.7996728931945285,0.6082029728150667,0.607823049432076,0.1876602628426662,49.91833014101057,0.7417628560688804,0.7826322286086093,-0.09439266734806319,-0.2058996655020873,-0.668643722529677,0.4433624234097296,0.4331977179564387,0.6385584436464232,169.8589286907085,0.9597179855345555,2.042998829132463,0.1754530280103817,0.1597935697114694,-1.0153246017253188,0.8181333685191156,0.7990985193619266,0.13535513114586048,0.1820007202191231,0.31247883122872727,0.1790935221892614,47.63954516175469,0.7467975009413175,1.8550346521724588,0.7544296438507774,0.12025924923234597,0.4231944259903022,0.21798254179607135,57.98416948544825,0.3922380179271038,1.5849956877404865,0.03674560621904165,0.0026744637683475,-0.8170717909551822,0.4683297784387368,0.46688600514051753,0.15284554551174015,40.65748542532254,0.41046810168076653,0.92672946642695,-0.03491251286880214,-0.0423255982714869,-1.1597101622413244,0.3925104190547742,0.39095465915082805,0.3740842440675008,99.50780475868683,0.9746476707621712,1.5139639144355213,-0.027859562156294506,0.0920846223840729,-1.3876869505505458,0.6122584415678083,0.6116242670688441,267.0
participant_03,sit,participant_03_sit_018,0.47120308755714374,-0.12149713043648673,-0.14207301665262495,1.3086864616191407,434.4878234804938,1.2740190275488805,6.35269203378957,1.8512259824261217,0.2823254894145431,1.143978348404873,1.7506664872437905,581.2265152813673,1.507973272876351,4.046928707409725,0.06490606946113003,-0.1663165195450299,-2.941676672736869,1.3247185682614566,1.3231275400518994,1.4010809431317224,465.16306797285506,1.4840552510956577,2.951674969033166,-0.021803326160687874,-0.160649543385548,-4.552897368315319,1.1838734426294863,1.1836726503268218,1.5655194980314184,519.7571605305568,1.3670730886686715,2.8307925502860165,-0.11734133260367723,0.2110641399448846,-6.094299655616831,1.2566974522010559,1.2512072162641241,3.33055322265625,-0.5750526348482634,0.618161147822585,-0.7211895650974718,0.2444154538721458,81.14666246834845,0.6542326995313841,2.298817234376724,1.1005625363874396,0.08112276106705446,0.49438391344394067,0.6420077798714124,213.1485050962905,1.2836589036775599,1.6394513446648438,-0.05693174700256352,-0.0700471846416526,-1.4573644811001236,0.8032739281765444,0.8012538797855598,0.34771476389550626,115.4423426754754,0.9510450789299967,1.309103484292259,-0.011723663338403382,-0.1450613136525519,-0.7256556728950053,0.5897899695464297,0.5896734383499957,0.45921445977827213,152.46057553997846,0.8763989618008678,1.5012099656708566,0.05777264688131505,0.0485185247476037,-1.1249834466536817,0.6801118573484403,0.6776536429314551,0.040487932593006135,-0.0037661443188859514,0.3849302625061202,0.2583624229866046,85.77709797174128,0.5440749035355243,3.4384046063985867,0.7958355091707423,0.1214569112467753,0.5082936385462684,0.26669213449455786,88.54258713163779,0.7616515783150909,1.461275505081173,0.04345275854124219,0.0783037807348918,-1.1214777254804364,0.5182473123127619,0.5164224380239087,0.22838749886302698,75.82533341743172,0.4176677353554915,1.7574953113994063,0.02125445849395903,0.0373018510943561,-1.938684231141378,0.4783714569964416,0.4778990467274725,0.3936846373936806,130.70447831122107,0.6300778687437762,3.067286433631596,0.02474703339147838,0.1055713665330969,-1.607439808017972,0.627930770909787,0.6274429355675946,333.0
participant_03,sit,participant_03_sit_019,0.1993774519185054,-0.1300965185377797,-0.19101234828422917,1.5165503710093897,394.32646617293074,0.7992910780150188,6.14339856141394,1.510477059915121,0.15732821374971362,1.2314829966383578,0.6102890679825143,158.68447677916038,0.8256519138431113,3.4067195262146712,0.09819712421133842,0.045221008095525456,-1.8789446750257472,0.7873574430878846,0.7812100024849363,1.4101956317442992,366.6724300499419,1.0721775163290581,5.080642819734729,0.20139653050334017,0.13149714646670763,-4.248087829454542,1.204473409520975,1.1875165816713042,1.6911347581588079,439.7209529299934,1.0453860439655394,1.6680311771373928,-0.19044323025887946,0.1664105938000522,-5.48668156319276,1.3143071871180818,1.3004363722069634,2.61825634765625,-0.786884097186161,0.8669157049040792,-0.8356016648446701,0.423153652814362,110.02659950700786,0.7442085241332265,2.7146691863963412,0.9065390336431491,0.12167065251537362,0.650502615532299,0.3234794755068696,84.10961806132875,0.44078338562166675,1.6577927518306623,0.13665926505222528,0.062315397657197,-0.6890946460080084,0.5849403646795834,0.5687525608793947,0.23489460689947841,61.07630178551018,0.5697291556952082,0.7266902486047238,-0.16008946094767473,-0.1472347367135892,-1.2098246458146,0.5104147748703945,0.4846592688678082,0.6161262359418482,160.20225696860126,0.9812038075694454,1.839856262868424,0.16174660353061207,0.13588876847131046,-0.9344616195589962,0.801428848804145,0.7849370904358185,0.6253871356806029,0.4857787884455479,0.7556677867860427,0.49021780519709923,127.46407275710843,0.6653889275103135,3.2414116267807302,0.8310759003744285,0.07228207637960983,0.7001555578563232,0.39248927464859906,102.0531600510782,0.6652424804669873,1.9356956820235565,0.1305865882235171,0.032397876566237,-0.9230417638141696,0.6399547887721894,0.6264896444863227,0.20507065284577192,53.32150034828963,0.44375783441540384,1.94411325781152,0.0854879614935039,0.005216200203571849,-0.5554638245970759,0.4608457924361323,0.45284727320121065,0.548846874036724,142.70865291814778,0.7729692289990745,2.807249100399208,0.10068320249673181,0.03827324830287055,-1.0548768539040003,0.7476523131119985,0.7408420034236207,262.0
participant_03,sit,participant_03_sit_020,0.03315948514738799,0.19821477820822395,-0.4057223038311669,1.1538506930720893,369.2468633957023,1.201221794500369,6.703727577521979,1.6159123482873843,0.20526444658132975,1.0741744239517572,0.8684453208472277,277.9132334119622,0.983007377591987,2.5506290053430765,-0.0678667350681944,0.0288868678829396,-3.3057902215582824,0.9343720964241409,0.931904137155334,1.134394916708733,363.02066916286515,1.240212424917337,2.119214784732705,-0.05054681394667009,-0.00870579108017035,-3.6844176927551313,1.0662785269848083,1.0650797701152404,1.7390739040011174,556.5254704107357,1.223301950589571,4.333548968467892,0.12628695393303319,0.3009157681357994,-5.9739667394721385,1.324772546037546,1.3187395133236577,3.2201958007812506,-0.6857680495989315,0.6653132367123779,-0.6291478240749254,0.17486579521483148,55.95923106827179,0.5559112031270949,1.8789914318461294,0.9303825974705888,0.1676739440596582,0.41816957710339414,0.27380241949241557,87.6202608987506,0.9072367393891307,1.20506973050369,0.0805442140429844,0.025211276652647052,-0.8175386113831943,0.5294240171244762,0.5232613300182,0.4149450374856368,132.7876593277392,0.9732215256072888,1.456048541665991,-0.05054001294824383,-0.16930864710985405,-1.0355772584749698,0.6461418810094618,0.6441622757393022,0.3355672089416351,107.38568233765743,0.5857564947559637,1.3439795249442117,0.08438746143031457,0.2011780564409665,-1.0433290832339344,0.5853959793065613,0.5792816318006597,0.35144182959661485,0.24160495083826686,0.3911355354950851,0.2421463486305225,77.48982894464703,0.40624187241038395,3.2380097471372746,0.7038491439278592,0.0731201599524414,0.49208368051635537,0.3241927381779013,103.74569292873427,0.6985911364641437,2.698410143744611,0.07006763616164562,-0.0841191980871894,-0.7647973196651379,0.5736743081358813,0.5693792568911351,0.12219435553761136,39.103702545276526,0.3951571146707882,0.8920442454286099,-0.0009730501166910011,0.005123791778822,-0.9996455999956828,0.3495644466534618,0.3495630923561745,0.2856968616418484,91.4265462259068,0.6296834385956551,2.4018341911532244,-0.023570961315388692,-0.029148548140373952,-1.2349703692115004,0.5350256553280225,0.534506184849014,322.0
participant_03,sit,participant_03_sit_021,-0.022396050654623682,0.15814678765189308,-0.261882303058668,0.7956654492447114,264.16331138112815,1.14328785210289,4.240015255987598,1.3825507469266876,0.0801934051814583,0.8920008123565311,0.7812254615030727,259.36919221740794,0.808288479967396,4.072903536879454,-0.08038360733869114,-0.0212175463605202,-2.9383417657416078,0.8875173157926857,0.8838695953041221,0.9349062702542689,310.3916808449868,1.097949695859969,2.151715414921841,-0.06480901294042038,0.0140079717934974,-3.6090532951445216,0.9690750633529791,0.9669055125782813,0.9795494718834832,325.2133574481664,1.122565976585798,2.73736268736123,0.02773230867302021,0.0804401518075127,-3.608673191726884,0.9901103740633258,0.9897219164409179,3.330547607421875,-0.42566160254408675,0.1619605848936991,-0.1871807336063128,0.04945925961194886,16.420622272782623,0.2714219853489913,1.3828053477396938,0.6970018258371892,0.18161176073220106,0.22239437855294109,0.1733012432078085,57.53653161099004,0.658496431451818,0.8901722677515971,0.025129226134294767,0.0193481765446602,-0.8908471314260663,0.41705242022306616,0.41629465911516145,0.16613030918210606,55.15576004459448,0.4993004495987295,1.0719106668277705,-0.03454966783769055,-0.1285421792236794,-0.7469796564493623,0.4090525500834835,0.4075908600325896,0.19009006832464415,63.11047181572294,0.6492221207242886,0.8325090646058609,0.06264205108361397,0.12091819252949,-0.7825760072384025,0.4404703110183549,0.4359931975669393,0.4399898228774721,0.44916654921683985,0.04146676849415201,0.2674449417241088,88.7925213857626,0.6135840852255585,2.5928856880534172,0.6772983089288687,0.08169197499146236,0.5171507920559619,0.28448632899899345,94.45031298314188,0.4192079853915976,1.8037639953709528,-0.025213056442974047,-0.0426350244522345,-1.86655847483678,0.5339681893279692,0.5333725986578177,0.13730027802427833,45.58410338273713,0.31539195207872417,1.2241547628511795,0.0358077174654178,0.0553929947922148,-1.1835352154182197,0.3722666660531957,0.3705405214335921,0.30214290616132294,100.31234946503875,0.6025945257795781,1.7598237605395877,-0.018180675788857487,0.0447442062004439,-1.0036699790848944,0.549975856864156,0.5496752733763116,333.0
participant_03,sit,participant_03_sit_022,0.4246696544335094,-0.3361276247166767,-0.14643276634727048,0.6002641230451866,217.29726161961867,0.8674489894588411,4.439381981711144,1.1896839455535024,0.027629141189157533,0.7747671411754545,0.5222386682518828,189.0518326287977,0.6132910868934208,3.3430103108617004,-0.026085214939894335,-0.054865492444582,-2.802416398605436,0.7231314587890251,0.7226608251814144,0.6139425875243588,222.24890333927817,0.9792333019879752,1.7702359584505143,-0.052612274734698185,0.0233179538105592,-2.7268758408633555,0.7853092632696486,0.7835448854560655,0.8758305760087592,317.0530746431269,1.0597829973993278,2.2748755749370124,-0.012316317498131115,0.0470993699304875,-3.096430962741183,0.9359392435866091,0.935858202939291,3.6314831542968755,-0.18131445502699747,0.16210932697319144,-0.20320169900846635,0.04740530579153493,17.16085093089222,0.303818010648121,1.1532865180800997,0.6741135945868886,0.11413714965283585,0.21772759538362363,0.2669200609833284,96.62579537283573,0.7816555424366096,1.0099274308805002,0.031101037607672685,-0.0920194026008476,-1.0463828069495955,0.5175783375718136,0.516643069229936,0.0984400223589343,35.6355585335561,0.4223938853164158,0.7961675652693377,-0.02001806480008504,-0.0644187333855356,-0.469410330689075,0.3143894802267956,0.31375152965194336,0.13343875116576676,48.3051945119833,0.5309788045207988,0.8540584944290804,0.04083640816412655,0.07663450494517,-0.5831741216732905,0.36756817516960566,0.3652926924614928,0.20920489504924633,0.6470771872357671,0.08816645247465721,0.17028844738475524,61.64488577868631,0.5376379611553254,2.1924447125844204,0.6135894647363395,0.033528777435236544,0.4126602081431589,0.15536527451824847,56.24265620328321,0.40790963559861854,1.8614413333653956,0.0013240082995512705,-0.0030264376698402,-1.013671445657695,0.39416624350168017,0.3941640198169392,0.18982103820554105,68.71573731677456,0.3950118035202547,1.3544370532226564,0.037194837842159705,0.0798519715778939,-1.2888727574672685,0.437269361112399,0.43568456273494593,0.19987814618698954,72.35643803547644,0.5342995401461959,1.2558610324878232,-0.018188203575995158,0.0116823410546316,-0.9198070741988706,0.4474471554678958,0.4470773380378271,363.0
participant_03,sit,participant_03_sit_023,0.2256771817860556,0.4644634385674719,0.5987131576130954,1.602886380456674,157.14656154874083,1.1591386145458449,7.079619182633437,1.4603356361345654,0.09907056270181175,1.2660514920241885,0.5975699093378838,58.585308901541964,0.8865730934813995,1.043161390533644,-0.1770375999270937,-0.008216571367317599,-2.340236011042836,0.7930398609942816,0.7730264609558225,1.3120906225189466,128.63696910406583,1.2225938761082988,1.830003337088596,-0.14069417812515633,-0.05756460707418965,-3.483192087752822,1.1540734267269392,1.1454652428244807,1.4485090240384315,142.01224061943157,1.0028530259481176,0.5684176405863759,-0.5711040458442749,-0.21385926281357204,-5.961717079479943,1.3321669772285045,1.203540204579154,0.9859189453124999,0.7148237991971773,-0.2784116082018263,-0.009999035578484724,0.041440237726976435,4.0627684519981395,0.3124131077954093,0.969095176416331,0.6964655231157285,0.3014973449208058,0.2035687542993188,0.06596387307778424,6.467046528450186,0.36595658484608445,0.3354312591566974,-0.09402785763747679,-0.0808480865176535,-0.5682044256524067,0.27350523046127995,0.2568343300218727,0.27554167536606106,27.01389860248313,0.9745836461113199,0.9549279507677796,0.05715076607573184,-0.08904676940301959,-0.612892653276553,0.5280226182931032,0.5249206372072459,0.09511048388319264,9.324557522229181,0.4893022854827433,0.345523070352766,-0.2788924205027225,-0.3047322594898778,-0.7103423969455925,0.4158021958781123,0.3083998765939971,-0.43824904111646873,0.4569227028494984,-0.6689492048788989,0.035609521911080695,3.4911499248741764,0.34410850562482453,0.7962763366923561,0.417345092353426,0.06746229141311902,0.1887048539679907,0.07854277018775567,7.700272530652871,0.32881155230880893,0.7057728424677248,0.01574651472153592,-0.07827125926634684,-0.3851517070406115,0.2806968523400845,0.28025483080181807,0.057422217180456495,5.629682278450201,0.362104763806671,0.5296542406442454,-0.0014114313483395476,0.01341103617794885,-0.5032151483373803,0.2396334895604276,0.23962933288822655,0.07308009869796499,7.1647210372616,0.45048355284175967,0.6098711551107072,0.02216792935902296,0.0244060262764553,-0.4639454753429468,0.2712406971492877,0.27033331037436914,100.0
participant_03,sit,participant_03_sit_024,0.1511876280776251,-0.20287573460639405,-0.27201380821044324,0.6440629310628755,248.6148978703882,0.9040812314645637,4.577316210460401,1.2282024580907,0.042112007868428024,0.802535314526953,0.5639723707543249,217.69911945442158,0.7908479850623464,2.5659584555828348,-0.04407256426951631,-0.05997245274147675,-1.942293277628195,0.7522730632394168,0.7509809390086575,0.7701669534315088,297.29246332484826,0.8106745142416895,2.3071983745380225,-0.06443854318998138,0.10365428585284464,-3.568646830725711,0.8799541347592815,0.8775915641296405,0.8122374167262919,313.53197995491786,0.8781530008804451,3.7672685306209335,-0.008529445530008464,-0.017879287141389498,-3.8816483020468215,0.9012825129599161,0.9012421521024702,3.8822680664062497,-0.30121449539903355,0.29845475295564267,-0.02458869964419092,0.046818358693547245,18.07252748642845,0.23305452495908346,1.377294169418823,0.6173135209647114,0.04404996815748989,0.21637550391286728,0.1899044760473968,73.30522370639544,0.6818676575837046,0.8794031894593677,0.032166957569479224,0.034307001864162454,-1.205741656816968,0.4369658902096061,0.43578030708993354,0.08718537170876536,33.65445931653989,0.3448955740699643,0.6547754492555148,-0.013890148416254461,-0.03848112982100815,-0.5368567744104021,0.2955982204476051,0.29527169134335474,0.14930146453977683,57.63209466446998,0.5986031562119494,0.9817268767047688,0.016594582885845723,0.0041954817054065,-0.7635661105011325,0.38675165768349595,0.3863954768624716,0.40756675659683717,0.4176077188539051,0.08335852975821748,0.20996623198057915,81.04911970974177,0.4632092575476962,2.56660460070012,0.6271325929555612,0.06930193398370173,0.45822072408456077,0.22316352992430746,86.1434121132584,0.4555114463105334,2.019102007219,0.01922448261836439,0.025135821395421698,-1.3592798023870805,0.4727928834661656,0.4724018733285331,0.16450054607282116,63.49897527806575,0.41832129649215305,1.308730977403262,0.028169633750000384,0.03494675063222839,-1.1981235163961776,0.4065637395765027,0.4055866690028423,0.21412304102007754,82.65372015955313,0.44023055875993283,1.570409017751845,-0.017643557265632766,0.0325460099868279,-1.1443785256271033,0.4630705520037559,0.46273430931807674,388.0
participant_03,sit,participant_03_sit_025,0.2928563994352266,0.20208577829646812,0.5968949413907394,2.7749455297534102,238.7686949419403,1.5723464078496576,8.757557724032901,1.9919892166318511,0.21828229165987287,1.665816775564891,1.5560031855544756,133.88569285485818,1.6632408120030422,2.598008294008921,-0.34457422558944034,-0.1932468652504452,-3.2867827401995977,1.294115366764122,1.24739856724083,1.7142515549372526,147.50261102380824,0.9497708496323649,1.9449511800281152,-0.4520862366442222,-0.4248884353563184,-5.310341613500462,1.385147472401545,1.309294296534302,2.777234132898064,238.9662078287172,0.6286092084600208,1.9223401611101147,-0.6102166281227472,-0.30274942820373174,-7.834400944840489,1.7747108119734774,1.6665035652221283,0.86641259765625,0.7721099395776407,-0.3747768362344427,-0.30668472371269395,0.06654204373191425,5.725577754664117,0.423134758212113,1.1450274937367457,0.7433004797088646,0.27354265324322624,0.25795744558340283,0.05563070269848278,4.78673005991992,0.39474128940069914,0.259690503129891,-0.11328394185516767,-0.06589592503982761,-0.4696619190559533,0.2616561755065754,0.2358616176881749,0.3261996458547118,28.067759381011747,1.0375430619736676,1.0929242395191026,0.09670955713109511,-0.00482527436348055,-0.6249355652832409,0.579268835943385,0.5711389024175396,0.11628091096909858,10.005327642657218,0.5377524771557771,0.32861414655492,-0.31422984807670923,-0.28725676397370214,-0.8198533153113637,0.46370390163487984,0.3409998694561313,-0.5107455691997728,0.7153830221495583,-0.42135116918246124,0.11837644747593848,10.185647090974035,0.4726258753141728,1.4194765663828022,0.5859496379960848,0.11947648041970203,0.3440587849131867,0.18803731719024921,16.179571938321708,0.46421097289053853,1.1219296504030467,0.035693380311380356,-0.0215613520440844,-0.6716344698015141,0.4350992238424496,0.4336326984790806,0.10686316004358876,9.195070505684306,0.48386476854824373,0.4899406940953168,-0.1663942436629663,-0.0863174386980207,-0.8177954317604417,0.3668108563929908,0.32689931178206655,0.12673017936483744,10.904478462003796,0.4226169331123544,0.8158795026151965,0.10545950608068692,0.0636128602464224,-0.4937754471039562,0.37128410521811983,0.35599182485674785,88.0
participant_03,sit,participant_03_sit_026,0.3853832106054143,0.6948478353856021,0.7856477880148792,2.8288457618839993,45.41869028802644,1.1893966118349164,7.048088978588743,3.631087202036552,0.8268370194986817,1.6819172874680846,0.377054562501263,6.053820475714722,0.9222776345089078,-0.3554053832814097,-1.1960297710784658,-1.0613982281684875,-2.29675002457723,1.344448502475,0.6140476874814065,4.677105987046146,75.09353501424093,4.043964424914122,3.629372108648717,0.6575293785730705,0.1821386282615363,-1.9440071385033428,2.26040944758529,2.1626617828606824,6.765366538288642,108.62171830918984,4.198882014903425,0.7767810760766267,-1.526853249611399,0.286395852202177,-6.462697884258628,3.016064883940253,2.601031821852367,0.15934057617187503,-0.5217136996149426,-0.7899741187340559,-0.11062457103790051,3.6497657562552856e-14,5.859901686432099e-13,2.709710589243741e-07,9.806650238813193,9.806650024087988,9.806649654991814,1.910436012080825e-07,0.04381040370420321,0.7034003705841514,0.36713527630269516,-2.217074576446414,-2.4971230624689333,-2.44897662191689,-2.864256920446455,2.5058798839566174,0.2093093492995552,0.015879263019962977,0.25495038959829436,0.07919263304993507,-2.3085198112174865,-2.4101466092913464,-2.3667623029582203,-2.769772756370902,2.413438613534336,0.12601294782665381,0.0025545303254362827,0.04101440355839365,0.07115384963154625,-9.070116178637743,-9.168626409146713,-9.179657918852568,-9.229476719510554,9.168765716323437,0.050542361692309974,-0.7373898726927751,-0.8895797776413601,0.7122342795329273,0.0806917087104863,1.2955502120739188,0.10230159165027497,1.4384629442748258,0.7225498062012905,0.4031106236103803,0.28406286049127627,0.17842088741580775,2.8646464701760244,0.506537176668644,0.1665345877408981,-0.21388660330215797,-0.0041592479683458,-1.1091386079788208,0.4734642188042751,0.422398967110252,0.057529663956968784,0.9236707157535545,0.40025164186954504,0.1233643293380737,-0.3662694052738302,-0.4420671164989471,-0.6626980900764465,0.43781610431391627,0.23985342181626007,0.10516388350367153,1.6884645740311708,0.5442755445837973,0.8710175156593323,0.2859278579708189,0.3524406552314758,-0.1280396282672882,0.4323408649057504,0.32428981406092844,17.0
participant_03,sit,participant_03_sit_027,0.1949638084612276,0.008257756151434112,-0.4619387919840899,0.3793574324313678,80.42554837373237,0.8569551185793841,3.4529270033804202,1.3253365362191514,0.09583225462978154,0.6159199886603518,0.6090059263370804,129.11210220554673,0.9626667949229051,2.024746768550637,0.03562632667466051,0.1050447888317223,-2.201974078095072,0.7812011018229621,0.780388317657998,0.7484477686913013,158.67442438203574,1.1180201915515655,1.811296146398774,0.1986113721811874,0.2128408559443743,-2.0099419387006545,0.8876340720426381,0.8651287584465686,0.72183384575178,153.03214835473133,0.9872896947360417,1.4646510975263336,-0.12598060793852398,-0.036166477231193,-2.964393795004621,0.8588975255106632,0.8496080541942738,2.1269118652343746,0.4900979116736834,-0.2558557167337821,-0.5043822325732747,0.060886550209326575,12.908233160966999,0.391854944769545,1.0530542662320177,0.6147931180437678,0.21996465263965204,0.2467520014292216,0.11471650583918322,24.32043529634534,0.3508142337121822,0.787171133344218,0.032041430937383326,0.0610636451073681,-0.864598345594949,0.34021046300150487,0.3386982518986232,0.09927410044110141,21.046573191179114,0.4421354723207419,0.9547311029841244,-0.008295422987808212,-0.0390324452380207,-0.4691023867520255,0.31518711027522694,0.3150779275688816,0.22087730961963267,46.82702177632296,0.878773578634669,0.9605404303660346,0.053793540172829585,-0.0122158482507524,-0.5151834933623088,0.4730444530738718,0.4699758606775806,0.05455124934007133,0.4175567071650265,0.8185037989510854,0.40789408187821197,86.47545140529252,0.667768774952919,2.5651299212261915,0.8932459928623798,0.14688861533557482,0.6386658608992749,0.1858359354281178,39.398086702982596,0.6192581852757152,1.2059238474069425,0.083954654161561,-0.0749102928705787,-0.6391065963526786,0.43918597357327466,0.4310869232859167,0.23915063354847874,50.70105183860249,0.6704534541204192,1.3342822925183109,-0.02439302668971865,-0.0289217433854611,-1.0595683689666762,0.4896382882287333,0.4890302992131252,0.7659827321800252,162.3919185807269,0.5674265899189208,2.3549525490959717,0.08467455804322988,0.2015820776477251,-1.84918517738608,0.8792909148625621,0.8752043945159469,213.0
participant_03,sit,participant_03_sit_028,0.17155958614298183,0.1088223843153691,-0.3584960722019748,0.5638370399162286,207.49355457306373,0.6597713946212305,4.692218069243313,0.9825216535541511,0.09957176656113258,0.7508908308910348,0.29328287406514975,107.92889031239149,0.3714749944335858,3.028605626661531,0.011939144454586308,-0.0172318391833652,-2.4219773686256554,0.5416875642244866,0.5415559750064158,0.5785486651848674,212.90747243307223,0.7695436720884206,3.124345838843442,0.11680302270254217,0.0706752131830774,-2.1699678307336945,0.7695398698555638,0.7606238657739234,0.6392385432210094,235.2415115770699,0.7413504064118279,1.3960062202027632,-0.0658047708394101,0.0366661764571396,-4.331318017915391,0.8022274060927094,0.7995239478721131,3.6919833984375,0.10644922015289551,-0.15120058323853305,-0.38158100201574446,0.13087175931468234,48.16116113526071,0.2754406014886549,1.8119674985499576,0.6791784645418143,0.2695021138217186,0.3617620202767039,0.2523491162058439,92.86515678838894,0.4327851394127587,1.148986797869595,0.03454834111081835,0.1198987240400111,-1.6678727620846934,0.5035302414744852,0.5023436236341056,0.23583606588122938,86.78830963906505,0.6062177984865781,1.613208378014962,-0.0004609514805968491,-0.0990899262540098,-0.6351097896738149,0.4856297749906783,0.48562955622699633,0.10133461747983052,37.29141310992217,0.3669018828154238,0.6017058989698965,0.037967698052136574,0.0599368899921838,-0.5884195992313311,0.32058721679943625,0.31833098730697035,0.38516103207185565,0.5943108912854552,0.857731856686633,0.510282477792067,187.78533096931253,0.4343904224484038,3.709099292662837,0.6383069508455407,0.03668290434090135,0.7143405894894025,0.12614739852995477,46.422583597938285,0.3190026903187058,1.733890561430696,0.00635449453712155,-0.0436165486454312,-0.7287364361804306,0.35522919098910927,0.3551723504581329,0.15885502409678698,58.45907820552056,0.28163368553136836,1.7493189557498792,0.052363489050215206,0.0340178777351723,-0.8243208661049916,0.40199124254428603,0.3985662104303211,0.6289263920877678,231.4466120893583,0.4230078211446566,3.320995466449096,0.03173502779192976,0.0215565437456725,-1.821784483778272,0.7936835037196643,0.7930487955275941,369.0
participant_03,sit,participant_03_sit_029,0.039284077684751624,0.47836394320521497,-0.2936023625081946,0.4826779501034232,69.5192753107875,0.7690849190161619,3.9342403527278287,1.1089657417224894,0.15569668433337558,0.69475027895167,0.8842357464380645,127.35444713716707,1.0540209480851916,1.901017313320128,-0.16882193567898066,0.0330864357545709,-3.3014869612728286,0.9553724888254123,0.9403381021941334,0.5247502789324188,75.57829318105328,0.8047787811624382,1.1264178513007184,-0.04367931843722787,0.13208150223171625,-2.444679042869776,0.7257121755844803,0.7243964929045549,0.2685295601504754,38.675548520860055,0.6030924834610054,1.4473701711193776,0.06751779077426076,0.0037196170132792,-1.0643714291122433,0.5225784268619518,0.518198379146901,1.4547119140624998,-0.5051204991464873,0.5683559378976996,-0.4186646284270347,0.028612630909621208,4.120992724011522,0.22788444680806708,0.774277632698202,0.3972148204192876,0.1665610476869349,0.16915268519778576,0.02015864949813167,2.9034235199287806,0.21594156859690672,0.1791973439564287,0.016138926214368503,0.07497101255550855,-0.2625570618948252,0.14289546681922594,0.14198115895474184,0.019861537092757134,2.8606540068472848,0.24555747887061757,0.1665825099115918,-0.013543832405996194,0.0387768447985029,-0.2965409955939154,0.14158026871354232,0.1409309656986609,0.14446943764163217,20.8075714848438,0.6167674714500022,0.7439351732711734,0.03819319183090816,-0.0772104761873917,-0.4791779579654843,0.3820054417725809,0.38009135433686486,-0.24910779026567595,0.025504395131626743,0.39629031654611774,0.019261559006072907,2.77418711467596,0.10454996766250674,0.8287717470954469,0.2534471535251538,0.025987710263053652,0.13878601877016614,0.025687628708193005,3.699770957640056,0.25613580478575976,0.2232124565652421,-0.046878255149213496,-0.0390740265087859,-0.4122336473176266,0.16698862091180874,0.1602736057752274,0.04771190551804379,6.871832943664768,0.2924577793495419,0.8016684959494514,0.024754472868970145,-0.01816516793762445,-0.3504019286719883,0.21982877301450865,0.21843055078913248,0.0063464892204818085,0.9140864902862744,0.10988048045804323,0.2889976605938952,0.030669862348922033,0.02840555244928205,-0.1088812657499458,0.08536468635790583,0.07966485561702731,146.0
participant_03,sit,participant_03_sit_030,0.6113676192054802,-0.09965927900070051,-0.21534208838548854,0.4852449489361341,106.75607455400777,0.9825182554520148,3.183648373071097,1.286454875259177,0.09639136841607825,0.6965952547470691,0.5237727947861468,115.23237418986575,1.1106720810899497,1.465123744506864,0.16799776694489837,0.053960099949264,-2.227009778125822,0.7429643628631317,0.7237214897915819,0.9109104320908165,200.40439826012417,1.607282608853861,2.522928822370809,0.31439133101288474,0.0944684572596404,-1.390845558563706,1.0048643396533035,0.9544162781987828,0.5741613731004184,126.31808839458346,0.850631839550104,1.6057376806588044,-0.06558457381374895,0.0567222326195194,-2.294031483424388,0.760567360213906,0.7577343684302689,2.2071330566406253,0.5117922555472052,0.0695722563386059,-0.5812501268465569,0.027840180839335614,6.12496519087383,0.2354871781532672,0.9904612659161259,0.5498746358848758,0.22425600854352734,0.16685377082743924,0.07719696532433398,16.983680105431517,0.5238789642794976,0.3837768447537825,0.0010783105480485012,0.0687417096254636,-0.5652257272485388,0.27784551117117584,0.2778434187169708,0.15793038650015426,34.74539642817133,0.6806860258184813,0.7775657527023941,-0.04210268301804966,-0.0960798826782526,-0.7701075932450481,0.3996286056045946,0.39740456275709046,0.09188975026088227,20.216158975188065,0.5753826610506212,0.5162447791093254,0.03756854099553936,0.0109473720091103,-0.4335724041887464,0.30545236213428734,0.3031332219682994,0.3879303776123702,0.30165120924750316,0.7637193909437593,0.6028284020257058,132.62496388890756,0.6709829020489326,3.4869897058224755,0.8911496747479862,0.13431624259862476,0.776420248335723,0.11603129492607196,25.5274075472265,0.44377520390485853,1.0586131830886665,-0.033288117110698116,-0.0561369573321622,-0.5402743693946106,0.3422563274314261,0.34063366675370177,0.11490775118718963,25.280222863664545,0.4046955783202286,0.9678775738151936,0.008174642715108966,0.0268910781017906,-0.9592954743290564,0.3390790113980948,0.33898045841492047,1.1358886088654712,249.9006105657589,0.8275768640641732,3.433320388518351,0.17021623402636937,0.1891564910213012,-1.5178449391323192,1.0792878092481129,1.0657807508420627,221.0
participant_03,stairs,participant_03_stairs_001,0.048262284061692966,0.21394612939520566,0.24704851618707172,4.513059469408692,6002.372482496344,2.3954353031430005,16.29685776386883,3.2457817447570383,0.12035126016892082,2.1243962599780417,2.920269028336296,3883.9600000814394,2.0679245537992825,10.90592957282773,-0.037412038180932305,-0.0296612932112292,-9.10590143749309,1.7092889424954307,1.708879465713219,8.377784076135214,11142.459110887517,2.6522992855361895,7.125820829387565,0.010563754241845528,0.1997724306954747,-16.166267128537804,2.894459477871282,2.8944402008221233,3.7482359566971297,4985.15663639814,2.470090723603861,10.138888552167094,-0.0189285322611506,-0.2067461611025201,-8.859922514800052,1.936128674967315,1.936036145503779,13.34193994140625,-0.2222633241307781,0.031109883036458216,-0.7867271721089699,2.319082555632325,3084.381540043961,2.620277799892188,6.268303316770309,2.4547260345755513,0.2646687931017359,1.522853425524704,0.32447389114798403,431.5505188258359,0.6188553154435252,2.847835215263685,-0.014336272586101203,-0.0144927651542826,-2.9418059903617886,0.5698064757965173,0.5696260976710811,0.804588010027787,1070.1026573820088,0.9748645184353344,2.64271810575134,-0.015590850539570439,-0.2609615132738907,-2.200302046343164,0.897123784462509,0.8969882998276996,7.213515405320899,9593.980904628897,3.9754791141889343,4.266876668628911,0.041671940517039284,0.0362216778252354,-5.679479542547602,2.6861221036928598,2.685798839325257,-0.1807742350233666,-0.17771687446664788,0.026811612903253044,1.4317596091926525,1904.2413551208292,1.6214968205007458,9.88176100628919,1.783751714158482,0.10295682078813266,1.1965615776852658,2.330986443281733,3100.2137195545274,1.9230628210346077,5.60541238546012,0.026578576565600295,0.219678441076878,-3.5366745483986235,1.5269881676077215,1.526756838295389,1.5161590742748248,2016.4927070430804,1.1116610382004857,8.43981863853796,0.004338238290343116,-0.1155708110978587,-6.075527593769481,1.2313317565084922,1.2313241142261548,0.7654598947509683,1018.0622346883782,0.7068926404194735,3.881312091968313,0.01411147067925047,-0.0005967861997164,-5.486303897955745,0.8750194445586336,0.8749056490564959,1331.0
participant_03,stairs,participant_03_stairs_002,0.04928237201250173,0.2431465659182855,0.22979824146921915,4.509206851242282,5798.843511634571,2.3803089810596254,20.53082632660215,3.249116891750001,0.135342223031326,2.12348931036685,2.3507652324057378,3023.0859140020652,2.305185506481867,4.318902263047328,0.007738962271425092,-0.0394654588490736,-8.841315486709082,1.533240073811918,1.5332205426505796,8.849551457517,11380.53004513663,2.6469187559176657,8.06040795020801,0.020415040534465835,0.09229910653053,-20.46063399604115,2.9748896166743775,2.9748195672203384,3.864969188177517,4970.3533767487625,2.531158199993559,10.403592513349787,0.014313768900949687,-0.1586985963713953,-8.896839307457416,1.9660045961690085,1.9659524887894715,12.900599365234374,-0.5091260383749293,0.6225437056849934,-0.7865224820332569,2.060518888046581,2649.828889809649,2.348118871839001,5.961219135521026,2.434143932357346,0.2529226864188647,1.4354507612755587,0.5770395047928055,742.0732511755858,1.251231623017838,2.056603873926193,-0.029091098854238183,0.0147131521085738,-2.8049403842523364,0.7601880009743331,0.7596311636529964,0.5857776569278604,753.310521605546,0.7668856329020857,2.335361280768454,-0.004669602925404228,-0.189154834727188,-1.2958822628926403,0.7653753733426112,0.7653611284405947,6.820732294975628,8771.467026938264,3.851008142502412,4.280836116941222,0.034029657041204045,0.1128530437468686,-5.456595135019527,2.6118748654049204,2.611653172796041,-0.10328291788118356,-0.44545383165896757,0.31549572619788,0.9950926314023647,1279.6898965708876,1.487436569145488,6.778756896802315,1.6775273700416007,0.10066176105293785,0.9975432980088457,2.1277199460981975,2736.2495026387614,1.7948455524455913,3.668318449385659,0.010265911713674802,0.1869005637927333,-3.1767923257100383,1.4587067337342041,1.4586706091843344,1.0638561949323924,1368.119892658363,0.9522355834038095,5.829450162239037,0.027849311870713562,-0.0580953657844274,-3.061512411331939,1.0318099529971905,1.0314340477860873,0.6158024651105283,791.9224482396434,0.8557872992584545,2.71183180467623,0.030514412741379737,-0.0029140045951848,-3.06959113183092,0.7853238787248733,0.7847308233467883,1287.0
participant_03,stairs,participant_03_stairs_003,-0.11327618791449598,0.21866272172449033,0.22757671697483592,4.132626083068596,5405.4949716621595,2.4153062737544264,16.20684786449153,3.216545239061547,0.2014308665565737,2.0328861461155654,2.1047412257292484,2753.007940272606,2.0449800687425417,5.757345813574059,-0.002952517867916402,-0.00467189607686235,-4.300905780909952,1.450775634993574,1.4507726306107545,7.137990858841225,9336.514004584598,2.721176769313155,6.658506411082052,0.052400057254276586,0.1344024362297839,-13.02247974529432,2.6722156770817502,2.67170186563569,5.222382298385668,6830.892107086109,2.511440109622886,16.155750879945934,0.10450115635697818,-0.0728458971416642,-9.881431925272716,2.2876413158678557,2.285253224127617,13.131306152343749,-0.38749261313070743,0.27691146969738456,-0.7427840168825866,1.9686348386266002,2574.980601635305,2.3786014017530457,5.751707722789262,2.3732320262695583,0.23888416074999533,1.4030804818778573,0.5072010580457856,663.4205688640417,0.9429584810210567,1.897254615011864,-0.036858085249828254,0.036308666084008,-3.936242002454436,0.7131336315825172,0.7121804954123537,0.7605944910575053,994.859979140593,0.9889890635820138,2.701217069727698,-0.02563082897074721,-0.2414328406243218,-2.2862096261661944,0.8724972380765643,0.8721206860621443,6.329780249541565,8279.372067685623,3.7374862048583477,4.676101694384148,0.0356907922473943,0.02469463923681425,-5.254788861450047,2.5161585963910964,2.515905453219887,-0.05739517743781956,-0.4630025193011826,0.03345456346347731,1.320155379501557,1726.7672970864887,1.568951316834011,11.335844071942118,1.720111073701614,0.05979779337364971,1.148980147566335,2.159886141979666,2825.137672542571,2.1685071916447,4.5603842340056735,0.03495894500929276,0.27920030898019277,-3.228770166263426,1.4700708383665833,1.4696551098743085,1.5502532153210111,2027.7360896532234,0.9430793717782107,10.43901835356113,0.0010710630696701,-0.08841893935906794,-4.2396150191764255,1.2450921100453214,1.245091649366026,0.5675576642800716,742.3672191510785,0.736287338940254,4.060304565687682,-0.004145935294389289,-0.024542978894657147,-4.171482666144344,0.753375638748385,0.7533642308207044,1310.0
participant_03,stairs,participant_03_stairs_004,0.06576854225265431,0.16299044603584656,0.06005254442873396,4.250397948213408,5653.032462113281,2.146245932787514,19.321408085187365,2.972831416409157,0.17218194362486544,2.0616493271682765,2.140442212950957,2846.78975016337,2.0138183169687496,5.656141876261971,-0.04109009024017561,-0.0660848975027895,-7.249478735589918,1.4636019296471645,1.463025021300373,7.6848314494501855,10220.831597161725,2.5713189172442545,7.106263912641597,-0.009006000062630734,0.148412900527383,-19.289353298922823,2.7721674836645986,2.772152854633053,3.260155388782299,4336.009114644564,1.9768504823475075,8.267924925643863,0.0304306402523573,-0.1172154503966585,-7.671525013785037,1.8058464532314114,1.8055900389574315,13.341977783203125,-0.48894397803454437,0.5111400495262708,-0.6735028073478049,2.0136875521780193,2678.2059561742067,2.353233963974909,5.988486041991351,2.387840395783529,0.22352552303620218,1.419044591328271,1.0841010258770094,1441.8551783060814,1.580373864230691,2.5763452355552072,-0.03395917220566442,-0.0382613835513266,-4.974742858317851,1.0417553701584183,1.0412017219909933,0.6710462941880535,892.4920750586205,0.8863439432460054,2.7587764486621102,-0.04308751802712296,-0.216344953532638,-2.5520963711403115,0.8203065453827557,0.8191741537597811,5.954549387689489,7919.555156009443,3.5852721797239777,5.173539094052633,0.052562729880377954,-0.0373358050490867,-5.42362272549327,2.44076058397008,2.4401945389024804,-0.1833689960296866,-0.5932952231428121,0.1437037576702096,1.303941149057275,1734.2427071809725,1.5523694606690306,10.596038730196037,1.6318915754898449,0.1559805608909239,1.1419024253662284,2.029531084811946,2699.277866471873,1.877864761538765,3.2106350396825656,-0.03216483817096797,0.1364312825865448,-5.9421744856147,1.424979179365969,1.4246161184024086,1.2664111742868471,1684.3278125606462,0.8815680148036371,10.46895376855153,0.010701750133075016,-0.0447671866529263,-4.4623232130057735,1.1254002406889552,1.1253493565497104,0.669677801015149,890.6719781112596,0.841503818080205,3.320028390649152,0.015559525300820276,-0.0568875330650854,-4.351780330007389,0.8184863467662339,0.8183384391650859,1331.0
participant_03,stairs,participant_03_stairs_005,-0.04261545216526168,0.168685643703767,0.12022530505281609,6.5617107472630565,7900.382229798976,2.489534778751509,21.410298806042718,3.6166890743890456,0.3387348132069302,2.5615836404972328,3.2233065861914523,3880.871930518854,2.5211565177973023,7.940678173297598,0.013974009035749508,0.0216578115447095,-11.151067306422265,1.7954113342407036,1.795356952305433,11.889762496591755,14315.313416216026,3.11989597371426,7.834998238543146,0.029935450823039642,0.12658796275872614,-21.28215388810889,3.448283432058295,3.4481534908689544,4.524869854943846,5447.958498032047,2.6003957850789936,9.766901138347851,0.05585934296592922,-0.21560237281804612,-7.24582064857537,2.127907451262961,2.127174147770663,12.088275634765624,-0.30711955909366123,0.4795882142931114,-0.7189260913314387,1.9047063778081617,2293.273064718791,2.1294909666783766,5.793636785181107,2.42245467251261,0.37828749550685137,1.3801110019879421,1.0812111290818431,1301.7820152186014,1.5314250765272663,2.395467643440269,-0.025299665030243158,0.058321152781278404,-4.597339312259814,1.040120763244579,1.0398130260204683,0.5531806695885233,666.0313670083161,0.7055547835123467,2.0531328208108115,-0.03258567729319653,-0.2508431309902982,-2.0134687295382583,0.7444746442647859,0.743761164345466,6.134019835213962,7385.38023246281,3.6405103898651427,4.446463455397608,0.05366083196069314,-0.1521543167642207,-5.298508196032096,2.4772765933784373,2.476695345660011,-0.05424205180206436,-0.5913106694773514,0.03274049756148373,1.5052270384652642,1812.3014583223373,1.6646485605307535,9.017758723038858,1.8577593469294644,0.18467029744499133,1.2268769451192993,2.323221787376066,2797.166804248709,2.066364887992271,4.049434950760214,-0.023578639673666215,0.2405514371767185,-3.788616166564552,1.5243942205430085,1.5242118577730808,1.8912408796917255,2277.0622178867898,1.0675134782602325,7.207364087241026,-0.062192014590643566,-0.1012023600626615,-8.176452186336958,1.3766294804233157,1.3752239380158147,0.7372186475889193,887.6137201999907,0.954975458802165,2.799119855270158,0.019791816102667573,-0.02393126640562645,-3.787955286334403,0.8588424556189344,0.8586143765328643,1206.0
participant_03,stairs,participant_03_stairs_006,0.11963476566000973,0.1476623511887567,0.13389243872944853,5.096242114856389,6309.151848064883,2.6474177607183096,20.297914548921543,3.448561621271431,0.28428508891463855,2.2574857950508544,2.882643659791229,3568.7151755341706,2.33293448797729,3.651755222080206,-0.050913611624686356,-0.1349299688733409,-9.109202691242569,1.6985982031192361,1.697834991920955,9.822261278680054,12159.96738418436,2.9323039873022094,6.954706793846846,-0.01415922595911668,0.0678291465498768,-20.267608101239112,3.1340806885528356,3.1340487039419243,4.280788038296781,5299.6190436598345,2.4571891603297513,7.777531002974691,0.018267847879021668,-0.1488548071699809,-8.734509089480387,2.0690871785797023,2.069006534135835,12.419245117187499,-0.33557441587849324,0.46367377201077375,-0.7928081294422639,2.1321119878150125,2639.5563603601368,2.430331435880874,6.179295784168159,2.4382630684652407,0.16511774888734654,1.460175327765475,0.5069641593803946,627.6220381549925,1.0310304247863755,1.9455310843076496,-0.030128400212410873,-0.0057984646906643,-3.7255097919880016,0.7126513031488498,0.7120141567275152,0.7132866788476611,883.0494836445971,0.9696813170153666,2.485668724514364,-0.012551996129654398,-0.2780375377829223,-2.2799440131275737,0.8446562800657437,0.8445630105845632,6.854369499491214,8485.714968087463,3.7255879476231026,5.01837077167103,0.03941025286746382,0.0118632583538429,-5.648863798455233,2.6183816886623488,2.618085082553891,-0.2894607092068568,-0.46645058438565096,0.20418399298604162,1.2764140195103966,1580.2015855200157,1.577743388250379,6.702873806242167,1.7592279399149564,0.01480176297277136,1.12978494392092,2.457491403780229,3042.3763397278285,2.055048248112732,5.144353952700577,0.0006117143326387685,0.1866314204610334,-3.6358606466390633,1.5676389182380788,1.5676387988883884,1.2732385905826524,1576.2704019466387,1.0298049302524332,6.107056694072324,-0.0018776352332331972,-0.0978303370846591,-4.41408413392652,1.1283803064998617,1.1283787442976105,0.6399089010947574,792.207735610875,0.7869036763062595,3.3112802174899123,0.025576726172188605,0.0120573893136788,-4.38579205301086,0.8003518413900504,0.7999430611579535,1239.0
participant_03,stairs,participant_03_stairs_007,0.06384076620884503,0.24427695926248966,0.1057831443466483,6.367117694643818,7933.4490355726775,2.36762464012332,22.082102821440856,3.3591201249197584,0.23510814628248597,2.523314822736913,2.9191696973687558,3637.2951917933033,2.2389755929430515,4.527023065525461,-0.01191044519003175,-0.00526486849525425,-6.8396889407763135,1.7085992965213874,1.7085577828592031,10.91981820721125,13606.128516622173,2.743202192850645,8.405507495480794,0.017947378448804275,0.0555470113735055,-21.932989474439005,3.304563559020228,3.3045148217569325,3.8110873534593086,4748.6272442222535,2.2347781891616294,13.815863318842991,0.016324311551599236,-0.0809674099921598,-9.09704574663563,1.9522688945447402,1.9522006437503572,12.509499267578125,-0.5722563107094982,0.5546086882732143,-0.7105453549933481,2.0063297670349347,2499.89367212783,2.326563773053297,5.936335171752041,2.318781843063932,0.2102883252546854,1.4164497050848417,0.9671031803420087,1205.0137961029657,1.6074604449361973,3.1467859442535,-0.025941164865262507,0.07627164400605546,-3.6166868183780254,0.9837561305407837,0.9834140431893419,0.7302592733059349,909.9054348885708,0.8639846792913769,3.0477323144054176,0.009131353331110216,-0.2284732811685951,-2.746000882857631,0.8546008746307204,0.8545520892876776,5.683875260506953,7082.127025308825,3.2334841435111903,4.052700574684343,0.032938775854310244,0.00365604627929935,-5.333248873425208,2.3843154622368523,2.384087930531706,0.017794515883842465,-0.5883509186184133,0.007167952345730953,1.2942657595011924,1612.660315879318,1.6965700095565532,8.585063206420752,1.7059178288677599,0.061825539770502654,1.137658015179075,2.1004539661381316,2617.1724690020624,1.7655245506846073,5.413028232886873,0.012162709886214712,0.22775528760149455,-3.1776202034823195,1.4493453341594984,1.4492942993533549,1.244413692210266,1550.543620092355,1.0190361355679394,7.650136925021558,0.020751803670215025,-0.04103854547899015,-3.962719970482389,1.1157259204508214,1.115532918478996,0.8588280728893242,1070.102660807286,0.8702810555405661,4.323771433610332,0.012128406532584695,-0.02375561713524435,-4.781712937601265,0.9268091341448593,0.9267297733909946,1248.0
participant_03,stairs,participant_03_stairs_008,0.026312030651732314,0.39756573562864855,0.15995849581703694,5.758620519035003,6656.970292906465,2.6297448128582808,22.26963117810027,3.611239500334465,0.21189288572301757,2.3997125909231305,3.0834096825982256,3564.424255786211,2.395612353116001,6.794556702460873,-0.012912518277418045,-0.0941259606313229,-10.984064420423858,1.7560115078570786,1.7559640322621148,11.437585511860416,13221.85872872749,3.2086200658900346,8.004212715804236,0.06626157648060717,0.2681494949908618,-22.22578633894068,3.3825990167884386,3.3819499570307685,4.274118700802412,4940.8849090763815,2.6657194047719366,10.757275855671573,-0.00015134035816335352,-0.1877177907913896,-7.606343961679916,2.0673941868222223,2.067394181282905,11.59652197265625,-0.48178825973847356,0.45377492839351047,-0.7417762525789028,2.0980807161400676,2425.383119672008,2.5335351272276636,5.8547590340486355,2.5299764933016053,0.24228745214886765,1.448475307397426,0.82497168700618,953.6679825899272,1.3127732941086805,2.6660183445153933,-0.027093098302032596,-0.0622262977530452,-4.300555794605493,0.9086835109001283,0.9082795203053848,0.96612532912112,1116.8417147691353,0.9850576903181203,3.593006544968142,-0.005268405007848814,-0.2482545567027471,-3.4119003376139734,0.9829308649200343,0.9829167457730691,6.705606780629093,7751.687229086662,4.069913379296057,4.351103419375086,0.037365545298191465,-0.0695428684455306,-5.285840673768916,2.5897882084457264,2.589518638787737,-0.153471809301874,-0.5576189013548858,0.07331105165306598,1.2474447773874497,1442.0472399006326,1.694131744292011,6.755865467712094,1.760547510985969,0.1203264177949972,1.1168906738743276,2.3817526073689215,2753.3080708996545,2.0214692938463004,4.256528003427958,0.01773858203682611,0.1749965256558582,-3.52944324574407,1.5433947209517074,1.5432927808322443,1.1716473093026845,1354.4253013391442,0.9457606506452899,6.514491369487818,0.0027406973379077385,-0.0621147834007352,-3.139573898546584,1.0824300535021105,1.0824265837934157,0.7930118224628622,916.7223515786598,0.8475780817675891,5.192129635885296,0.015440465579015196,-0.0153875905754659,-3.158178751411384,0.8906459624565525,0.8905121124739753,1157.0
participant_03,stairs,participant_03_stairs_009,0.17071525049544228,0.23940075705134595,0.0535454426520937,6.239019849414801,7636.565384606921,2.4466795796838015,18.467425325406683,3.6529358078091216,0.2532265509138494,2.497803004525137,3.897506113421874,4770.5506618708805,2.581485293626131,15.38676700806083,-0.035906757250611536,-0.1773843145733226,-9.123852473213848,1.9745367579860673,1.9742102505614427,10.739350201093686,13144.973405804412,3.033494520308808,7.283468421833004,0.02980867749575174,0.1642395339740043,-17.717536405188323,3.277230348685874,3.2770947806088375,4.94358203425578,6050.948442214584,2.5711197599386475,13.030069085686756,0.018538180796480452,-0.1864468502619927,-10.35306543361103,2.2234940293158023,2.2234167477681237,12.27862841796875,-0.41530243657993926,0.4476209800068174,-0.7526572579666944,2.268420373986655,2776.5483880209817,2.698754378097763,6.037572758810952,2.558327016024858,0.2953443823840701,1.5061276087990203,0.8614921617513462,1054.4671086689348,1.3131204483547574,2.957170608717291,-0.025483787547712012,0.0756874994756676,-4.121715199264295,0.9285157969464619,0.9281660205757083,0.9931092193833472,1215.5664945653632,1.1901118243804731,3.0789999659900804,-0.04511412769858719,-0.2393172377555153,-2.4957307066261736,0.9975692977940689,0.9965486537963649,6.953685369599786,8511.316564237908,3.931418423647073,4.293852084136671,0.04986016675714496,-0.0762560100492684,-5.439910967182707,2.637455479402228,2.6369841428419294,-0.18198206554231067,-0.5182792428127041,0.0711062755027583,1.51437357106947,1853.5944862040155,1.8235175859435169,9.650906068039374,1.879192806423855,0.14393799300445287,1.2305988668406411,2.6335699411739273,3223.4917560963504,2.2052759906632913,9.63150342258267,0.038654190375142096,0.2098900231889135,-3.603948655116956,1.623288048254987,1.6228277607848367,1.607726744967687,1967.8588471999467,1.1953955939632188,7.394623503474575,-0.026513422369197896,-0.1273925495883694,-4.403622659876033,1.268238820779988,1.2679616496439028,0.8022096373537584,981.9052504518627,0.9342084894826737,4.333723079158663,0.005978569224813271,-0.0687751877922346,-3.861244499511012,0.8956815174177338,0.8956615640708037,1225.0
participant_03,stairs,participant_03_stairs_010,0.02757591878789963,0.15115502098082043,0.20494303864351962,4.866457586426344,6141.473324115604,2.5537726827645866,16.993897450832044,3.4472572798694325,0.2140030012943846,2.206004892656937,2.0870151669707617,2633.814791836695,1.9093287187606207,5.9133244134891285,-0.016026398810067267,-0.0163326994415113,-6.737990452021615,1.4447394271734888,1.4446505345483251,10.6449677198175,13433.957684061354,2.865261248359516,10.699319818688153,0.04426054887350825,0.2223907837763267,-16.751847262498554,3.2629628738317087,3.2626626733110946,4.015640753758628,5067.741808174365,2.5968341666486188,5.220422132532382,-0.014172432636974704,-0.2305648558546687,-8.425754049363244,2.003956489449179,2.0039063735011746,12.659852050781252,0.3915979405083631,-0.3547880691079611,-0.8177204386675023,2.370702367526346,2991.828263373919,2.666337439178133,6.169788561648638,2.6711535255356065,0.11427375678103519,1.5397085333030878,0.30455447857114315,384.3479929017815,0.551356127695988,2.144110662222297,-0.03298434465087252,-0.037438701781118,-1.582959042036086,0.5528493877749985,0.5518645473040854,0.9719711949687975,1226.6284170151753,1.048690713414774,2.82215568380951,-0.022152343174381466,-0.24871799892024,-2.537875693375919,0.9861348392978077,0.9858859949146237,8.225228625033012,10380.24503209279,4.538851229094238,4.873797560849677,0.04930043239698793,0.0041317314817393,-5.581198729725149,2.8683896453702977,2.867965938611024,-0.3835574345121894,-0.21627384226533172,0.09333513778643081,1.3515306704447587,1705.6327753502328,1.6011893394295278,8.621777872553691,1.848645575708719,0.11389805074886997,1.162553512938118,2.5367429274878073,3201.3715814064853,2.041922684763901,4.457647555556354,0.014430052068386172,0.2841144986217533,-3.679418065858851,1.592780949751253,1.5927155827352877,1.6945332226435086,2138.5022675878345,1.190105404646505,8.608428158534077,-0.008513397063275915,-0.1613081763427966,-3.890467684513404,1.3017702180389081,1.3017423795219654,0.5369333450578593,677.6103062520571,0.726474405774337,2.868998599425569,0.023042037903596272,0.0040570743657913,-3.1990360303599865,0.7331195540760115,0.73275735755969,1263.0
participant_03,stairs,participant_03_stairs_011,0.23967382344857105,0.20502163899754675,0.22778796579763677,6.280970608955716,7939.1700182151935,2.4011683534991826,21.964236628986395,3.443223739769721,0.2807815459451517,2.506186467315574,2.8803506441327675,3640.7725094908837,2.247234731114973,6.755100025954098,-0.022495557284868573,-0.09551141291338625,-6.905540631502069,1.6973086620383233,1.6971595812217446,10.351993820221091,13084.952920743232,2.7583842881286276,9.036005346990526,0.0292302276754585,0.19274741890880592,-19.521537495368847,3.217584222119298,3.217451447997482,4.9023495837631685,6196.586978958251,2.373996497207796,14.211422902333483,0.02656739815934912,-0.13617852979669226,-11.7447174476747,2.2142844014281735,2.214125015387155,12.689952148437499,-0.45651991575037293,0.3999480693165508,-0.7543458874166031,2.254921456635001,2850.2282900955047,2.6502586383383697,6.227023475550911,2.6701575498511945,0.2698662638133971,1.5016395894604673,0.8155129278748511,1030.8110208097298,1.2829092618772249,3.128543838645525,-0.019776621043659254,-0.038035951694137954,-3.9836679993804047,0.9032740683838741,0.9030575440551123,0.9720943345323483,1228.730384539239,1.1968012724304018,3.23847751841786,-0.011970652158670752,-0.25469304902978745,-2.3429050779901,0.9860211108518173,0.9859484441553464,7.595519240812431,9600.760742892531,4.1552617806915135,4.324302772728248,0.031652538439990566,-0.04252396379970605,-5.6236154202537465,2.7561787177180888,2.7559969595071094,-0.11597862284863564,-0.4604084260183152,0.05560254873283087,1.4406156411299085,1820.9438355356574,1.6670628847423221,10.490345489894212,1.797912447825212,0.03527081289563605,1.2002564897262202,2.261051026697604,2857.9756574231815,1.9838881943241748,6.106398648605278,0.01266903739311672,0.20163920317614997,-3.727705926233701,1.503732533134158,1.5036791634845526,1.655052613258612,2091.9919170195726,1.0453246114591974,9.525679955812182,0.023086818742933515,-0.1168325315730738,-4.5329261165306205,1.2866956184188558,1.2864884815880056,0.7561871239215131,955.8230562756642,0.9141233579376856,3.39768837783975,0.010979143358592418,-0.019438744999598752,-4.219829249739124,0.8696595112516171,0.8695902045915151,1266.0
participant_03,stairs,participant_03_stairs_012,0.05505371505889298,0.23202144274139672,0.19106376759036614,4.866250649429584,6306.66459069822,2.3703062939429884,18.382900862615553,3.312945394674767,0.2003111213887344,2.205957989044575,2.3165362884260072,3002.2328144967832,2.180372243349888,5.503275606135562,0.006336191171315185,0.0661860258719107,-6.622979386355441,1.5220303662360246,1.522017177441177,9.035320092122177,11709.78180034573,2.681498726880238,8.820388394806374,-0.004813323629162113,0.1514360566169277,-18.28856334666792,3.005884771611603,3.0058809178212926,4.489537583529582,5818.444167066035,2.630267702788649,10.65063117139533,0.020013946278659885,-0.1296386751203851,-8.730814472924969,2.118947413593652,2.118852893319775,13.000932373046876,-0.601910080113988,0.5954386654611138,-0.6991426110702422,2.2446773876111554,2909.1036236794866,2.610972000946654,5.8991979564991945,2.421085622292002,0.08213765822674339,1.498224745360707,0.9763537094817734,1265.355159686922,1.554036583607826,3.269688042716714,-0.017989266036765556,0.1237440096601637,-3.614496620052385,0.9882698635364305,0.9881061225808558,0.558888720698131,724.320212601604,0.7858457278152962,2.212740043269973,-0.008026071809339912,-0.1972059146895882,-1.7269961045500448,0.7476316864117115,0.7475886039113564,6.5690116303283705,8513.444133777395,3.683381076720729,4.219077126155881,0.04112038485594093,-0.1215202039931203,-5.364730653186211,2.563338158803686,2.56300831647663,0.03268760092805968,-0.6499375172477878,-0.10180327025048218,1.070639092153107,1387.5490882679399,1.5151678883674775,8.78689696356034,1.694967137814433,0.06517423577186816,1.0347169140171175,2.141342622940425,2775.1816890554624,1.9877017494637026,3.2612761278879745,-0.009378976404012286,0.1803301229704873,-3.300727532095026,1.4633627671014497,1.4633327109514176,1.1502065754043145,1490.6686078615687,1.039183183657432,8.458095422576093,0.011993346447903582,-0.0011736979579008,-3.818335978354972,1.072543899224332,1.0724768414303008,0.6517354781504677,844.6496817904623,0.9484179415550539,2.948536684197,0.006017339224693644,-0.0523243316640251,-3.710698877539184,0.8073237804758465,0.8073013552264531,1297.0
participant_03,stairs,participant_03_stairs_013,-0.11841796598323698,0.037964324678686434,0.2280206952182026,5.896951674161697,7347.60651112701,2.613782381850486,20.747938568347056,3.6120382086318377,0.23954958818458957,2.4283639912833697,2.849111721242943,3549.99548761079,2.294825609564514,7.156872225611055,-0.028146842290542734,-0.0408166850821024,-8.776385909627573,1.688165858550004,1.687931195648372,11.075317522353808,13799.854507305989,3.066843337398935,7.854664832885262,0.03410637853647968,0.2067691871916671,-20.631927769251053,3.328134727953585,3.327959964055128,5.016843324766211,6250.990802565209,2.914051003592172,9.894086480903878,0.0233160165385956,-0.2134020450893491,-7.325618999500368,2.239952446234839,2.2398310929099567,12.499336181640627,-0.350973984777474,0.18582866369932685,-0.720830622708098,2.1547037433317793,2684.762590716832,2.4861134228628794,6.1333892759032915,2.5564791716961826,0.12425466417217505,1.4678909167004812,0.6620368051057234,824.8983896399407,0.9862346869722789,2.559280127062644,-0.04226693567867514,0.0098281693480343,-3.564237936937499,0.8147535203712769,0.8136564416912849,0.7981154576010362,994.4524996864822,1.009237164433848,2.505751356229046,0.004402310973653865,-0.1708653089562725,-2.2338423645612475,0.8933839252767788,0.8933730786189139,7.226192479732066,9003.841619964487,4.016052054492695,4.558960552936439,0.046248048778101465,0.0877336408095458,-5.5952205289019,2.6885556274229936,2.6881578226979284,-0.12322805693241667,-0.25584733588730657,0.2009779140878421,1.2588167326284403,1568.4866575222904,1.5547299749393872,7.30462269331078,1.856166169544483,0.0747893304628538,1.1219700230525058,2.5414215437192524,3166.6132798696563,2.174611667675183,3.1145190695042784,-0.0016518242393436524,0.2469040934938396,-3.828582951161562,1.5941845163727348,1.594183660598506,1.4262767757159651,1777.142005392073,1.1133367893005541,6.822897326779314,0.004244500140778906,-0.0245775154862457,-5.404152413802105,1.1942758439729955,1.1942683013946092,0.7354054526129997,916.3157832229871,0.8406240066378828,4.563384044793884,0.03232746876728659,0.0587819219854087,-4.2423044738997575,0.8581669522009687,0.8575578421383596,1247.0
participant_03,stairs,participant_03_stairs_014,0.014756699443552299,0.24882944219391825,0.20019276626317667,5.640809816594089,6926.934950882551,2.7302699562294843,17.47420876572336,3.5276393176892915,0.10814424397985097,2.3750389084379417,2.9883857640862526,3669.747589405518,2.1477334275579416,14.743894608037822,0.011680719382893267,-0.06979666521602446,-5.215054630832748,1.7287342778147121,1.7286948151962083,10.27705869615416,12620.261608711433,2.790064716166257,7.186289299081215,0.011706418171782524,0.06607227252697276,-16.999511675603664,3.205806565652484,3.2057851918296336,4.819298462944522,5918.1147432238195,2.7017409369050593,12.978836598278628,0.005706985614752362,-0.24579301749919746,-7.398501741056291,2.1952974815795074,2.1952900635097223,12.328792968749998,-0.2692063883278945,0.3571809500334825,-0.8019616993194651,2.251083734020116,2764.338379346093,2.665105321547992,5.978912058879484,2.61164091983501,0.05945117303500454,1.5003612011846068,0.549746021623002,675.0899592795957,1.0231921784248341,3.952790147518211,-0.022270214195552494,0.02882820450270485,-2.7861710299866536,0.7417829763908833,0.7414485967503088,0.744561299650828,914.3238530906594,0.9820768536684279,2.4253854947311675,-0.025899148835439558,-0.23268447961571204,-1.9428214204123129,0.8632682465845876,0.8628796553696396,7.773305993516858,9545.645239588574,4.310005795586875,4.771442103459719,0.054515915431824484,-0.023508213230356047,-5.459849959437333,2.7885978517083148,2.7880649191718723,-0.188402304536603,-0.4304674622462219,0.1182488366431114,1.3009485822427087,1597.5693971884596,1.6292126727337966,8.846285160538308,1.8909648267654933,0.03440069559036827,1.1405913300751978,2.5798975143303173,3168.12258723146,2.2226767855507346,4.361407941273503,0.02250649125151322,0.288977339970627,-3.672218485801003,1.606363612784718,1.6062059377085858,1.6039026498483122,1969.5976997653231,1.1655961789119398,8.2199324666215,-0.008482328579043047,-0.0822244065951715,-4.547608892167048,1.266481188074436,1.2664527823208855,0.6921759025261791,849.9942667049896,0.804286019592249,3.761226703850543,0.01191635664012736,-0.0062472924382483,-4.1281840780324615,0.8320564296258721,0.8319710947660256,1230.0
participant_03,stairs,participant_03_stairs_015,0.2679778024202103,0.2558855731041549,0.1325741335846517,5.094101719537792,6479.701385762054,2.5655776667216723,19.51647102192211,3.4793966803249057,0.3782515758062975,2.2570116790875923,3.3610461642841605,4275.253359153254,2.5955095624181688,5.689567580773033,0.0037183575528223402,-0.141632427241941,-9.732033484553652,1.8333193912864858,1.83331562047678,9.598867005790138,12209.766365797554,2.7728590471704466,7.00284407362915,-0.004873492597929358,0.4497490327339909,-18.17158653452384,3.0982076684302875,3.098203835416601,4.240229998947083,5393.575886941692,2.5884710181047286,9.94496850296444,-0.011055878951543105,-0.1686084473561107,-9.02291050263704,2.059211555767516,2.059181876121457,12.760321044921875,-0.4301628224350833,0.557393820070334,-0.8053950355064163,2.1853016103811984,2779.7053637122704,2.5237342176347166,5.744616374953039,2.4360517834330784,0.18022428231036489,1.4782765676223102,0.7219024335558397,918.2604621254408,1.336997296098139,2.1439772896444924,-0.017667255130767476,0.0557448617620538,-2.778552067335645,0.8498320807428343,0.8496484176150978,0.6501176241484803,826.950128213275,0.908338472209627,2.288898506164311,-0.022449907647996137,-0.2208467252283244,-2.090565328514399,0.8066111966132653,0.8062987189301991,6.744444397799594,8578.938567913481,3.7974172170523754,5.018671813626923,0.048675622107043175,-0.091717150731646,-5.22873325367402,2.5974629379429266,2.5970068151238253,-0.25203446298578236,-0.5329596875547495,-0.0189374774712313,1.4236876457713061,1810.9318029153287,1.5971260947773542,7.535670750156445,1.8461094166716827,0.11182937878031915,1.1931838273171935,2.2215900477707784,2825.864284555676,2.2318340766154,4.675115804013621,0.013625627370439725,0.2868536328352374,-3.607043365187345,1.4905622112116006,1.4904999321606085,1.7069553471324657,2171.2485413918585,1.1904766663839275,5.927553802429531,-0.04174812931541979,-0.0827705447179933,-6.304755119794367,1.3071718530605696,1.3065050122875403,0.9004784465594744,1145.4092908356185,0.9797997798499284,3.8599642108991272,0.02924412094545897,-0.0157130541557621,-5.1814127951313145,0.9493859411058008,0.9489354280242015,1273.0
participant_03,stairs,participant_03_stairs_016,-0.13762789215386706,0.0026230961360726073,0.15517525602437843,5.875262232764526,7156.074215295907,2.876291437956234,20.79604388722912,3.689815991011846,0.251210326764673,2.4238940225935055,2.669124051722506,3250.995282804612,2.15973206071987,8.327066902076824,-0.025753288481188106,-0.0029194968027748,-5.957267101010188,1.6339483723759762,1.6337454060295031,10.355453568255522,12612.950934211925,3.4144093192737652,6.792296658483115,0.02593885535261619,0.1343772344985903,-20.50941718912302,3.2180935959776757,3.217989056577962,6.462135741667952,7870.886630184141,2.773714865647463,16.582727700821955,0.044213827708965404,-0.1790288691876422,-10.120875767835743,2.54245759143169,2.542073118867345,12.21856201171875,0.05996117392380787,-0.22514583607794927,-0.777766821362308,2.4847298778439018,3026.4030278777063,2.7840641329465847,6.148573238397719,2.6320077388934036,0.1204730692740768,1.5763025971696873,0.4963080357797458,604.5035943895955,0.6005584256294445,2.7578749956955533,-0.030942753065305823,-0.024349043023721,-3.887727662681673,0.7051705394775126,0.7044913312310846,0.994045223485497,1210.7478969965018,1.154556967651792,2.9256446549785413,-0.029396772578972993,-0.2270333925528461,-2.503088177793225,0.9974514493064597,0.9970181660759733,7.918765418063833,9645.062769993077,4.118603304841978,4.705195716414977,0.03541629433287245,-0.0537672430300879,-5.506911764409621,2.8142529616166536,2.814030102551114,-0.16979130914402124,-0.1398719322746764,0.06073360289645298,1.7404161727000123,2119.828324919248,1.6806328958721988,11.3615863295176,1.9836465441897315,0.09198631095348206,1.3192483362506138,2.9390195591166934,3579.7282320365575,2.189978757463169,6.59092327794391,0.030956314805082933,0.2585078209628982,-4.628423176122897,1.71463636160645,1.714356893740826,1.980083684446357,2411.743550675076,1.1360737097450517,11.166346453778797,0.019044020673701322,-0.1024742004719615,-4.598050913908613,1.4072833258337771,1.407154463606024,0.7546688092829308,919.1872282876009,0.7805866468300663,4.233159095319166,0.013295261568044787,0.027446907001234,-5.9724145656473535,0.8688184927032191,0.868716760102469,1219.0
participant_03,stairs,participant_03_stairs_017,-0.11624156876061059,0.027847547453589742,0.16829490149213733,4.50082548532691,5671.061139099108,2.540521877162278,16.837833490100955,3.409600938722951,0.16295730599565883,2.121514903394956,2.026393291588966,2553.261960867105,1.8701429398154152,4.623414812595097,0.0007662031550978763,0.03711487685581285,-4.770366044803569,1.4235146218624666,1.4235144156589936,8.746187091250484,11020.2234137536,2.9506897698592844,6.778782968659581,0.04352294856729583,0.22985530846226565,-16.617712207021913,2.957715560749964,2.9573953221120917,5.350956001098792,6742.221512933965,2.8664515032001097,9.299088726565769,0.02779979514000332,-0.27588543742419214,-8.57001593161537,2.313380390188483,2.313213349671576,12.649867919921876,0.31161993167303226,-0.5064502382047558,-0.8143594551266646,2.4431921759268986,3078.430054695401,2.707658980002323,6.412474878158111,2.64037455854831,0.2101658221496583,1.5630713918202517,0.5912638757698072,744.9943756844696,0.9381139716577754,2.3562681674837425,-0.034193457045595975,-0.0903367887734145,-3.6873286186697367,0.7696967378614361,0.7689368477123509,0.9216373515878657,1161.2660295712303,1.1600391853258323,2.754433004363122,-0.01315566074631306,-0.26530663650310465,-2.2370100649736537,0.9601095890561337,0.9600194537549048,7.898300567263553,9951.88385400659,4.229633552457075,4.614206390516836,0.047179728914569695,0.0657582580727547,-5.639692944622648,2.810787522045024,2.8103915327341054,-0.186156054871473,0.038116735758142305,0.1256486594398883,1.5883100945038748,2001.2763677550865,1.7136353891459728,10.730372033032792,1.8810049316927089,0.08753675101297792,1.260281752031614,2.8032862442599304,3532.1496344385,1.9883631734853906,4.849941622319878,0.005805832611781283,0.24076993880967965,-4.068119985826206,1.6743117845706774,1.67430171840679,1.5908610634292404,2004.4900254818092,1.1594428322318566,10.026609427314725,0.02948775292555741,-0.1251649569637916,-4.048275738676011,1.2616380586371985,1.261293408937524,0.7309729892321931,921.0283245241242,0.7455400662598883,4.290872164384261,0.02158970518299514,-0.01086353080150875,-5.782406949386629,0.8552421321485991,0.8549695838052913,1262.0
participant_03,stairs,participant_03_stairs_018,0.09904917241741687,0.02787575741585804,0.22964587025420155,3.8212589847031655,4998.237839800346,2.502968117277443,14.18111440979676,3.364813416163237,0.13159715846478662,1.954804078342166,2.1794238814703264,2850.693313583896,1.9846573128067297,5.393273083624175,-0.015443958516298786,0.022767163612507302,-5.686045029864668,1.4763679749049623,1.4762871947796359,8.206600355245884,10734.258373199695,3.063249307872268,7.387342939105517,0.03137768788390339,0.1123518054388691,-13.751890364054594,2.8648882900634756,2.864716452852862,4.754081413735572,6218.353031350631,2.658160695476175,7.800529551823072,0.04358422526444964,-0.17172212628487443,-8.286089419858351,2.1808211752519906,2.1803856112476003,13.131428710937502,0.28890853357034296,-0.5034127258275201,-0.7057313213165258,2.2903034311660337,2995.723924708789,2.507100666330788,6.261655314701341,2.687820602545027,0.46920316649587623,1.5133748482005487,0.6290985399920697,822.8628827678663,0.8377692701701374,2.449610571495248,-0.03073294768783209,-0.1768352734624578,-3.324611430430666,0.7937525143680823,0.79315732360741,1.0774678725166285,1409.3312773179648,1.3057400790639846,2.4252889161001474,-0.03192613744355009,-0.29301958057496,-3.071522427044401,1.0385023595392997,1.0380114992217708,7.805996599750823,10210.267361134469,4.149049952983746,4.731152789733616,0.012498721789838721,0.0041813501581473,-5.509449651850825,2.7939493226966734,2.793921366064339,-0.4622815727482035,-0.07704594450848476,-0.05581017201395882,1.3499749243013293,1765.7715319289982,1.6641564063435772,8.415161568391351,1.7999588703509206,0.08105120803227306,1.1618842129495217,2.4134643751145384,3156.8187682350276,1.974098887298268,2.656253990662949,0.024431038016543102,0.3288930618557968,-4.355157837986802,1.5537249598088794,1.553532869016468,1.4971511406353528,1958.2783458787692,1.2037650307314938,8.27550431324042,0.00746586841271992,-0.11449441675018834,-4.960142379832697,1.2236040535346835,1.2235812766773415,0.678535534876259,887.5266075963298,0.6765586251270026,4.532643899429309,-0.004815996306152459,-0.0230436300128019,-5.396118002934777,0.8237467624802418,0.8237326841131527,1310.0
participant_03,stairs,participant_03_stairs_019,-0.0986453445686658,0.2268640735514595,0.17927181056051916,5.639167694483091,7330.922333986002,2.6540513264431578,19.15097334956818,3.4173416708455484,0.16181236651046524,2.3746931790197845,3.5020812355075965,4552.70829593041,2.0269725340188396,11.04746361942903,-0.01496754743476348,0.0213169165901768,-12.778352859248349,1.87144469941909,1.8713848443085128,9.61881098671438,12504.461670448343,2.698270379951583,9.656956220532944,0.03378920241005044,0.1692723405957611,-19.10834795547818,3.1016048582812554,3.1014208012964604,4.1950871314441835,5453.616492910565,2.6081297397248724,11.667248014087711,-0.0068336255863308375,-0.1552644737448059,-9.243559893329117,2.0482025851665253,2.0481911852764583,13.04110888671875,-0.3951800269950401,0.49635235095515123,-0.752603089377562,2.1034638946886717,2734.504678658941,2.502834644468709,6.048783344782444,2.4802351742313427,0.45887562296336887,1.4503323393928276,0.6195455324806062,805.4096680662108,1.2525028930913602,1.891710580764968,-0.0430105532351857,0.0649287242493746,-2.4199082341572167,0.788286394764113,0.7871121473339147,0.7928859448102047,1030.7523372286462,0.8836228859253047,3.4615185833613,-0.013405697890832296,-0.2497697589963366,-2.3737433587593784,0.8905423389969422,0.8904414325547777,6.839206555849802,8890.973775451555,3.7442074513423016,4.370509867414191,0.036915587722550776,-0.1418791421468269,-5.496249905415487,2.6154482056555244,2.615187671248433,-0.0927175663756686,-0.32306335482613063,-0.05037801165972425,1.4208941260554198,1847.1634551885788,1.6393137273473606,8.836549933432396,1.7932700963238004,0.053099420145495804,1.1920126367012305,2.3082836041846924,3000.7704583153723,1.8462988992363403,5.392811196085921,0.02942668513537139,0.2107591261814538,-3.3300985663101685,1.5195886068218425,1.5193036576618555,1.3105113316517674,1703.6657376844184,0.926849381726568,8.05463369748431,-0.019808489988670852,-0.0266901100529481,-4.54766218435146,1.144947032804312,1.1447756687018498,1.0166577512231585,1321.655857433233,0.9111079420551236,3.202976392155513,0.0008782319091985662,0.0042251380672787,-6.80610578067934,1.0082948589150125,1.0082944764418569,1301.0
participant_03,stairs,participant_03_stairs_020,-0.0185556443713197,0.1260346935072843,0.17734490357640242,4.988304374069007,7193.138361911922,2.4424164491887392,18.26220960331412,3.181816692543873,0.07716495110690035,2.233451224913812,2.537920103354273,3659.6825465992597,2.1325434524378295,6.44791610799928,-0.02769982079554859,-0.1185762511021524,-6.678278694549246,1.593325887389764,1.5930850898035147,8.620956930015259,12431.425863273787,2.484597306484418,6.6164427310635405,0.02208414589660768,0.2277061967231095,-18.23582156131579,2.936229663959419,2.9361466124863824,3.950421777153238,5696.5109384041225,2.199247151663351,11.689199627734562,0.04132842756481882,-0.0234774546815473,-9.24163983351843,1.9879964326120454,1.9875667981613192,14.465611572265626,-0.3581117089904936,0.680143708666484,-0.7117231181786609,2.123460468942424,3062.0314667554676,2.4464595215482463,6.078504395672341,2.240270853872792,0.12627126203832512,1.4572098232383777,0.6752228198701447,973.6717738585795,1.298364677848478,1.8964300612500335,-0.02899361575204803,0.0812741758216004,-2.737961787064556,0.822230776378823,0.8217194289233671,0.6403486397133397,923.3831819213726,0.7720815942969008,2.2103514736675054,-0.03358705185422686,-0.2366505567880104,-2.700621013633473,0.8009224243118669,0.8002178701537098,5.824659815794452,8399.163488073533,3.0603247198106294,5.1601925803318975,0.008600724956460554,0.0163437027853987,-5.556415881601913,2.413448526126926,2.413433201021825,-0.012238342595132273,-0.5395791335879385,-0.08432438182208725,1.6366179444694666,2360.004209316899,1.5580615334015775,9.472575942581958,1.717274499284825,0.1383490138454146,1.2793036951675965,2.074529622751705,2991.4731526628216,1.781043966055859,6.249530151553344,0.030578854147275562,0.1930445432928706,-4.55973206871202,1.4406473159912059,1.440322749508493,1.7324667727066703,2498.218286012251,1.024224929870234,7.779222141131507,0.00219237965709792,-0.0231701136160293,-5.623479507079586,1.3162338619087532,1.3162320360432922,0.777667451119995,1121.397003065899,0.8164398631017626,2.819054172428172,-0.006777236569590301,-0.0231424288436619,-5.123006961294557,0.881880593989637,0.8818545521343046,1443.0
participant_03,stairs,participant_03_stairs_021,-0.09605343467648553,0.24419160991130465,0.1302219421738243,5.2894614924942545,7087.882341418822,2.4584613904330124,20.62917107561474,3.238800889525635,0.11660773553379833,2.2998829301715022,2.632060353140571,3526.9628345051997,2.2039210089286216,9.56842747754242,-0.00868812083034875,0.010460352344639,-6.388677456861197,1.622385847011781,1.6223625837464852,9.491208036375758,12718.225841178713,2.2008047083782136,6.936603718332039,0.02869575461587119,0.2305621833718006,-20.626774361443672,3.0809140661025807,3.080780426511399,3.6551253239321166,4897.870657709367,2.4199725718811154,10.576229743367945,-0.0002264096195501848,-0.1054721598425702,-7.98924919161673,1.9118382188860628,1.9118382054797725,13.442341552734376,-0.43029846035254765,0.5619257974895095,-0.738154314464636,2.0636143064484487,2765.244708356499,2.285510399778218,5.9932671356969545,2.2862347075902623,0.15045437780138798,1.4365285609581344,0.5294413991007506,709.4518693116966,1.0746249369829397,2.2192169317094423,-0.020091519889277938,0.0212133982354045,-3.053011930052412,0.7279045736030321,0.7276272391140608,0.5929052982474305,794.4935414587836,0.7479079551733145,2.323140270942912,-0.013487818940641143,-0.154671104118963,-1.9117491333805212,0.77012156151299,0.7700034404127234,6.166436393367179,8263.029362072071,3.2603816741201315,4.677122050273267,0.03338807410115506,0.0451751999802366,-5.483628063179991,2.4834554871910557,2.483231039063256,-0.038548181221128824,-0.45877740993797456,0.03339814780361999,1.3838646434474098,1854.3796534152395,1.6250844159554942,8.807984371128322,1.7199632668963287,0.07670636424875436,1.1763777639208461,2.1637259772894093,2899.3944218822476,1.8835851239186199,4.965010285274355,0.0138773721375618,0.1396260675408148,-3.124030648973105,1.4710263623561795,1.470960902705918,1.424025344143862,1908.195022274492,1.0374175773487033,8.659634661508743,0.02289334336613549,0.036164361418511,-4.241249416191361,1.1935449087966241,1.1933253303872595,0.7528475819242685,1008.8163207677762,0.7186779156752598,3.342833680678014,0.028682624263441477,0.0370931775651559,-4.480188467498549,0.868141851807011,0.8676678984059907,1341.0
participant_03,stairs,participant_03_stairs_022,0.043695877325035964,0.289069262819739,0.12607787227075615,4.0517582777923815,5234.885144780511,2.292472489611826,17.58472751821461,3.198689445509974,0.12316650866143337,2.0128979799762288,2.682553461869676,3465.867363253008,2.423166762015491,7.965114472145428,0.002321791284894812,-0.0470902315046373,-6.152898937365438,1.6378519019082423,1.637850256241295,8.000108215494176,10336.164593111469,2.553438819110637,7.130831232783129,0.0013340015362575425,0.06648166686642135,-17.440482568284168,2.828446569241547,2.8284462546589384,3.5992106410877542,4650.191284895614,2.408101539907411,11.392371498067403,-0.038638813165160574,-0.1789367248473549,-8.412066621779811,1.897552001651224,1.897158570359303,12.970679931640625,-0.46110925279198256,0.5678389160145296,-0.7545698008531072,1.8946704622916706,2447.920159891474,2.2936103041993032,5.674885926239902,2.270339324477581,0.07600827792013118,1.3764702911039055,0.9002329652740874,1163.103855937432,1.4745211330295636,2.564064646411593,-0.024256095602192912,-0.02036638218375965,-4.386050254031512,0.9491160748022078,0.9488060735862136,0.6141085500163681,793.43014668976,0.9515447873857734,2.628670828084158,0.023320065314604507,-0.18761527682838763,-1.817620319993408,0.783997688429402,0.7836507832040801,5.532890954091955,7148.512190898419,3.2705768621773927,5.268221808016534,0.02732137548586161,-0.0909666519061616,-4.967454292993365,2.352368468512192,2.3522098023118505,-0.14705726741878153,-0.6376873301334469,0.27873008812658173,1.1726176818819798,1515.0262565738822,1.4370367784811746,8.57455663474859,1.632151292294142,0.09943501570038187,1.0828747304660773,1.7815200602992605,2301.7294290381274,1.7997599134939235,2.432935098995445,-0.009070276824388641,0.1083155196822307,-3.265457409499194,1.3347667699717922,1.3347359515272152,1.4677478562803683,1896.3347952658828,1.0533644517471268,8.424711855703581,0.025072419396057852,-0.0962827843404376,-4.197593981459775,1.2117658529991426,1.2115064408744876,0.5862952995140296,757.4953681884365,0.8157933769914958,3.431859659772921,0.01616819686038533,-0.056121132611607796,-1.700130407428454,0.76586990416372,0.7656992226155317,1294.0
participant_03,stairs,participant_03_stairs_023,-0.007641405357906355,0.20121474236016432,0.20427677313482986,3.820274585779643,5042.778132467135,2.4702336197235177,15.126513101482445,3.239904877725442,0.2648346139023601,1.9545522724602795,2.256986090296284,2979.2284582712896,1.9302960444205666,6.945823071848501,-0.01998724275467474,-0.03954261002653445,-11.014212959226835,1.5024598431136915,1.502326891956702,7.2551572304282415,9576.829556663097,2.5763782814074916,8.25532925874315,0.0031437241195474623,0.12223818477639126,-14.267779005349064,2.693541741542088,2.693539906967825,4.803300617551188,6340.37172525877,2.691908658238744,9.313785164875506,-0.03748188013912936,-0.11092335817460924,-8.464363237218091,2.1919638475326075,2.191643360027171,13.251612060546876,-0.14751742340342766,-0.2986069428895088,-0.6946623826701767,2.316047789414938,3057.1902569337735,2.7465997747814193,5.942326424534712,2.423841717463079,0.06450755942681397,1.5218566914841023,0.4832566609702806,637.9002920491345,0.49360263354631595,2.838474754475836,-0.03081121143958362,-0.0871579250545451,-3.280538527800409,0.6958491156282771,0.6951666425903077,0.8916962683689706,1177.0417720008077,1.1406019489927766,2.564602541925487,0.028758891577996257,-0.17839602688302053,-2.3969953454996524,0.9447345353133682,0.9442967056857556,6.812977359332296,8993.150853581252,3.738749521353376,4.337584299739121,0.036739181572125454,0.05924202860497,-5.323953882287005,2.6104266177762754,2.6101680710889665,-0.20892875819228507,-0.18919600155196814,-0.06260179642139505,1.4360977820870426,1895.6535337016744,1.615821259658254,12.289722287237444,1.711918365089523,0.0982299831028172,1.19837297286239,2.2560625097385913,2978.0093319472194,1.8606683267438813,4.358918446959007,0.017992806774479675,0.23954556582062675,-4.271052604746235,1.502127241892049,1.5020194771502104,1.5615204610632691,2061.2117352031596,1.0701905690478566,12.134644767722197,0.05466030485742845,-0.12677713134967156,-3.6221244586559616,1.2508030260558118,1.2496081229982738,0.5458668614538146,720.5459068891886,0.7482141907849114,4.476823310156149,0.0009739298863120194,-0.06657676367227035,-3.834110267479729,0.7388286743171506,0.7388280323957765,1322.0
participant_03,stairs,participant_03_stairs_024,-0.031530156663826484,0.13716411478362844,0.19807055855925854,4.797832143530371,6544.257362526507,2.5252461338874865,18.84637850670055,3.2891218398601674,0.1597944243021052,2.190395430859545,1.9663082738089652,2682.0502768794695,2.018686652359964,4.485018312729108,-0.0015142857755992875,-0.0396060974721689,-4.59069919378931,1.4022519626908623,1.4022511450553232,9.356781865669406,12762.677868631037,2.5690205668065245,7.677463057017827,0.012232216269285208,0.16645788875860812,-18.7733404004202,3.0589101805682795,3.0588857228849538,4.29286963988461,5855.486949791822,2.6272754408148797,5.356728975006166,0.0065514453557230295,-0.08678564261190799,-10.30033472522718,2.0719344973528626,2.071924139510086,13.693233154296875,-0.051809251314356236,-0.20408434592721295,-0.7973121761763902,2.3829759211056394,3250.3862727599126,2.7044559760660576,6.360580045753284,2.5126450082244363,0.08174044014268649,1.5436890623132753,0.5193420716700322,708.3842547661852,0.5855455342855833,2.673707078832225,-0.026555434778311765,-0.01462240022117585,-4.188202261763531,0.721143025194238,0.7206539194856517,0.8433366887080358,1150.3137104323848,1.0904503547341946,2.7433030849443445,0.00958051190756499,-0.18301220788977635,-1.3466670262545215,0.918383620779708,0.9183336478143637,7.331862948056435,10000.68250748509,3.9732948553269187,4.572470723010053,0.03197143571437712,-0.03753649447795955,-5.714323316540995,2.707930043549514,2.707741300061074,-0.23542229849264382,-0.15019111217358694,0.07563816717545706,1.1220434803913504,1530.4706429528514,1.482968638863648,10.772032099697684,1.6920503462876642,0.0664889745442431,1.0592655381873566,2.3702748640472984,3233.0618540913897,1.818005128765177,3.927814871069306,0.008051618675544369,0.13176313085563496,-3.920639792173933,1.53959075491203,1.539569700938317,1.1817014611772683,1611.8443365100725,1.2557883178222062,10.34984110859062,0.0056916663101396715,-0.09710713115768754,-3.462526565132096,1.0870758281935322,1.087060927996802,0.4329428135642973,590.5353092454,0.7389010188331541,3.1116046645843056,0.007841705554813252,0.0063963022124057,-3.054488330772985,0.6580306268786473,0.6579839006877731,1366.0
participant_03,stairs,participant_03_stairs_025,0.004925358811375993,0.19116018946180385,0.13017440044904827,4.439301673478886,5708.958462154249,2.4360370283024695,17.163684149268274,2.9523967279105516,0.1330210848106037,2.106965038504172,2.1428113803269038,2755.6627221260756,2.0040237177708446,3.8941565028290266,-0.019866455244344244,-0.1301692430422111,-7.336801365358487,1.463969281225149,1.4638344784595367,7.848620946572067,10093.350911284066,2.2790697598000285,6.434253754213402,0.0008291392774419622,0.16437006737700385,-17.159525649641754,2.801539154472771,2.801539031777367,3.162576521304285,4067.08436857282,2.2431101996934446,9.127088538469756,0.03929250229555459,-0.0794653156593269,-6.756318739171425,1.7787974651547407,1.7783634390372192,12.910679443359378,-0.6978711948070855,0.5364699503969107,-0.6481968629079745,1.8450500099182698,2372.7405297073133,2.2884067119716516,5.544956076182122,2.3512326581179814,0.032413336877585644,1.3583261795011792,0.9501753725969734,1221.9285949162177,1.4905147825981473,2.726934887708439,-0.02460207308568416,0.11491185415981064,-4.038748566363983,0.9750798093474641,0.9747693945733901,0.6022784617101101,774.5319728109699,0.8752370446947026,2.6478261754162844,-0.005745316861926175,-0.2562416097748329,-1.890227434648296,0.7760872827046931,0.7760660163350217,5.819119042038133,7483.405523124223,3.548107617326467,4.369325850972078,0.03367306798681229,0.03151437264738125,-5.016636434819412,2.4125200346413243,2.4122850250412227,0.15807678232479816,-0.5607270392758111,-0.16499521126317584,1.4606694410955992,1878.426859880623,1.4645626016660598,14.206080360739184,1.6102960573215708,0.07670097135864858,1.2085815823086166,1.8082250959671073,2325.383084411585,1.835429879096244,4.338732494070236,0.010517072449218028,0.20355067225080747,-2.871003182547194,1.3447437320099356,1.344702605027263,1.6297092859650284,2095.8114276384017,0.9061671459439014,13.047672832406487,0.04623553656235027,-0.048765643666773856,-4.430923355054732,1.2774376739419566,1.276600676000537,0.6135400007642949,789.0144830214215,0.7564325714639888,2.5572049687018445,-0.00034200943572214944,-0.049671005934687595,-4.515330243603853,0.7832880171014677,0.7832879424351527,1288.0
participant_03,stairs,participant_03_stairs_026,-0.09142725630433456,0.2777635871936597,0.15464318893585885,3.0855912926316917,4184.06406496711,2.0660200332186944,15.341762928285151,2.843524720182497,0.12755064295168902,1.7565851225123397,1.7864793512538755,2422.4673158226046,1.9051828675927036,3.88360269308048,-0.06558390338321406,-0.1022387077785579,-6.136825779868579,1.338200508009489,1.3365924402202323,6.754358359450502,9158.914909169196,2.2402613628923476,6.916038284516684,0.0373875706773226,0.185375977457708,-15.082089036555931,2.5991837545451943,2.5989148426700135,2.6241660856602174,3558.37114453087,2.2298167288609383,4.114135285695989,-0.022830938042845854,-0.1908237886696818,-6.226647976114322,1.620088681952977,1.6199278026073314,13.602766357421876,-0.5477488188843679,0.5254594614800187,-0.7879247992253091,2.062187416909285,2796.327655876426,2.486028480288878,5.650441789307777,2.285670339562692,0.1765531673105328,1.4360318300474002,0.5578668742991489,756.4678923499953,1.0611405094648336,1.7734866198639108,-0.021726958235965044,0.096874218343228,-3.982257714390701,0.7472208074012234,0.7469048629505293,0.6735805972359724,913.3757858612548,0.9268615049118297,2.584782435322906,-0.0109296773927638,-0.2397768884323529,-2.0764488470275846,0.8207923337141267,0.8207195606514885,6.053436995058281,8208.465022910952,3.389116125620121,4.642872096409152,0.03162803993956597,0.0225410760636773,-5.168290321498629,2.460576625095975,2.4603733446487914,-0.05195550418298535,-0.5273735122609851,0.17916196306594162,1.291973189294925,1751.9165960632918,1.505574299668052,11.934788514672826,1.5538047215569124,0.07221273826219174,1.1366499853934477,1.7651414233077496,2393.5330698148987,1.662410261104895,3.7647512397517073,0.012928116989653534,0.1750064408290378,-2.976708778515241,1.3286491483896898,1.3285862498564966,1.4307297084199448,1940.0705381739317,0.9136881685675537,11.32190108871054,0.0215132345945787,-0.0519489256241179,-4.544899130768712,1.1963245912722291,1.1961311418151208,0.5096324702878661,691.0620049919886,0.6344934037575328,3.3773827537930963,0.012196087089715806,-0.0190783800636697,-3.5715524186265744,0.71398964616314,0.7138854742098806,1357.0
participant_03,stairs,participant_03_stairs_027,0.2091461659665361,0.2757738018814198,0.09153681374442059,3.8810718622056855,5324.833419598208,2.314390368958936,14.850460205366764,2.79994295047201,0.1641454071747342,1.970043619366253,2.471957979048703,3391.5281463508727,2.1297881533025924,4.858740051781695,-0.026316720146438044,-0.1138863300185909,-9.295238206189255,1.5724663903587794,1.5722461572694981,6.645120833683627,9117.110620146417,2.136216162677922,5.436182145855323,0.010738430970712993,0.2278571204191294,-14.591416225485345,2.5778355547985097,2.5778131882825854,2.602505801504582,3570.639853773311,1.8420519316034694,9.344768150433309,-0.018970772459253674,-0.1395610654448477,-10.109502296685118,1.6133399182169523,1.613228378595102,13.763243408203126,-0.4859485656607045,0.6333332881290579,-0.8322256873794052,1.9195286097912239,2633.5946496703923,2.277500707004596,6.245508733117895,2.239242098861818,0.09691448200492185,1.385470537323412,0.7417807944091307,1017.7237897989006,1.4214129232890298,1.9466189750261955,-0.033553255519917,0.0880691790509614,-2.6706514595038287,0.8619203068527365,0.8612669704621969,0.711307137465713,975.9139102937417,0.9955732165423916,2.987479561970225,-0.01387905593462949,-0.2193203385018686,-2.029703494360105,0.8435044550323072,0.8433902640330353,5.476512890878013,7513.779672101873,3.4376502707839025,6.054039753870233,0.05305200471071287,-0.0537454244888485,-4.8862390827164495,2.3407963187944905,2.3401950540239187,-0.2550002965689413,-0.5923181003700349,0.14677916849200048,1.616477918803467,2217.8088810742797,1.5232034891363095,10.556494451824472,1.5648202365091566,0.07132410093548236,1.2714078491198122,1.6964858207104785,2327.5797807206127,1.6911904443125088,5.285564437643196,0.023157811460256323,0.160070830544428,-4.450602415745909,1.3026980098787697,1.3024921576387622,1.6638958626301052,2282.8663345153036,0.8668311324468083,10.54102017413251,0.007055070294430231,-0.0813964521643555,-5.2802388340164255,1.2899401678554572,1.2899208745617328,0.7040210692068146,965.9174193397181,0.866053450871615,4.297615301770187,0.012307745372452078,-0.0576551843780367,-4.509938547543032,0.8391498971000162,0.8390596338799851,1373.0
participant_03,stairs,participant_03_stairs_028,-0.17916355778346352,0.30943923552621644,0.31858699438889965,6.9244298886032905,5567.290073829913,3.001141981684402,20.12089446283596,4.242402188284321,0.5994933303691027,2.6314311483683723,2.8648996837648877,2303.3936104574136,2.248675106161399,4.870953169937079,-0.03302109408477196,-0.1310727212446312,-5.154317432431946,1.692923529406879,1.6926014544968604,16.715610376968005,13439.434775526117,4.421916981256491,9.391407750001504,0.10544956367358838,0.35515908368865695,-19.99122404652772,4.089832513373494,4.08847286611615,5.329119725866315,4284.6388210341365,2.882802599140449,6.611904912541087,0.023799706514317443,-0.038157624007854204,-9.295729917305453,2.308611303770404,2.30848862372469,8.01643212890625,-0.7582920240998989,0.9464404446877889,-0.8936170339713077,1.927292299528705,1549.5525853618963,2.4004589651967385,5.741891182943336,2.755775633311157,0.3003379565719802,1.3882695341786857,0.6637673797383771,533.672269688,1.5438611826159945,1.4373262105175404,-0.03060431530950622,-0.11124050725434685,-1.3951039140388783,0.8152938144337541,0.8147192030008726,1.0669707032877724,857.8497306826379,1.4945459262127523,2.6392883175658417,0.038815268563029075,-0.42145465091503764,-1.38891947360972,1.0336717701288898,1.0329427395977826,7.774781833402955,6250.963112850176,5.271890559728325,4.114458124542297,-0.11674105988009606,-0.15330034434996637,-5.02821785626138,2.790772349810153,2.788329577615056,-0.02851456655161175,-0.7456408399349171,0.019092649917359827,0.8037600185980153,646.2271069396586,1.3993072327168943,4.820439672152578,1.7940565244964684,0.1283502276102472,0.8965266413208339,3.0480282769605944,2450.630079294565,3.349158176739812,2.718860219403935,-0.028369485216928284,0.6482246299551088,-3.9229329171696743,1.746090806530997,1.7458603257307252,0.5265916484001084,423.3823036143076,0.8943850765802249,2.0246868513520506,0.008784663336795053,0.00808210863860665,-2.789254713121604,0.7257195179337877,0.7256663478487262,0.44646975187418636,358.96390266701934,0.8518791556075909,1.7440415538392786,0.02066776354756565,-0.1001712706555988,-1.5769707643914772,0.668503484152659,0.6681839206941352,806.0
participant_03,stairs,participant_03_stairs_029,-0.1521226006800152,0.240714517703285,0.3506522720904441,7.490490756718284,6936.226701586293,2.818782500645733,21.701198661024087,3.8343443399305728,0.11394314247754543,2.7368760945132835,2.5698739904179173,2379.7143776702105,2.1700195471417665,4.713639231618276,0.049112848532213184,0.07483470637468359,-4.947576086520279,1.6038347989455977,1.6030826523975354,15.033349366216664,13920.946179219052,4.23354978041818,8.214873218394004,-0.0802812223743112,0.09787076632799255,-21.522793672084287,3.8781173835873735,3.877286340498553,4.580537110759444,4241.597081594169,2.1458202032795892,5.781080700451168,-0.00834625215389617,-0.11973016411010205,-10.635474032588697,2.140235213868901,2.1402189399123266,9.231229736328125,-0.7401452496928904,0.9427061009682178,-0.8917776376303634,2.382907234970752,2206.582361194314,2.7515084437996613,5.590864235503316,2.5517886141826303,0.022690775286279375,1.5436668147533497,0.542566529982442,502.4189443407714,1.2917779306110457,1.3057759763436825,-0.02461779188095076,-0.010141766074428949,-1.3188989806011508,0.7370024190323502,0.7365911552431526,0.9809332541099964,908.3484123736515,1.3135587421657244,2.5482492900172464,0.03901367469790602,-0.3042491455711158,-1.3746383963388822,0.9911888422109232,0.9904207460014135,7.35999081018135,6815.383161390091,4.705285260504345,4.377963875663893,-0.09441223267427981,-0.020440326023613748,-5.012689898330108,2.71457261458593,2.7129302995435305,-0.1640232893082171,-0.7725334687246447,0.16590533383493272,0.9870163846398096,913.9815105268362,1.5876096716549082,3.9534238276194937,1.6355577088557331,0.02631652599373252,0.9934869826222231,2.7802398520887364,2574.5142018963506,2.563837765358696,2.7668196220393115,-0.021472430481749207,0.20747325470828776,-3.466200294686336,1.6675433779543876,1.6674051253635802,0.5054336201390878,468.03372713254885,0.7791283613259415,2.329009687744594,0.03012951514982601,0.016625889865490552,-2.464533074268092,0.7115767055084443,0.710938548778365,0.375021447722308,347.2714738107744,0.7282722819146308,1.908803753729964,0.0012770016189226523,-0.0469540951426236,-1.7048134335036738,0.6123912788858467,0.61238994743734,928.0
participant_03,stand,participant_03_stand_001,0.1368256031948197,-0.003277290865209503,-0.09998907158557314,0.688841984038681,250.74692782117958,0.8792489375514909,4.585008145464166,1.2000977142072033,0.11288334000544556,0.829965049889862,0.4131887039034288,150.4055558637836,0.5829840798433427,2.2491722674110544,-0.02394438443671234,-0.01179475155581555,-3.876358562454653,0.6432433734205754,0.6427975605923134,0.7558490554591756,275.1376516166747,0.7264340842972656,3.080526745593497,0.01829983440705852,-0.0225471418092924,-2.260825348030506,0.8695883735414712,0.8693957990807039,0.9441909546971251,343.6959039744269,0.9546229702254295,3.4690475601450386,0.12222755883566713,0.0545336024836994,-4.244042563490457,0.9793520974787625,0.971694887656164,3.661438720703125,-0.15011760084895026,0.20304948768069436,-0.8330579304626932,0.730760658455474,266.0053433482338,0.7400444168205622,3.6039929918838176,1.1076971315235495,0.11361184764330334,0.8548454003242189,0.4374841293997913,159.24937782333754,0.4645224356150595,1.0964748458765157,-0.006181950737193471,0.18105932472598363,-2.390639982110189,0.661454719474212,0.661425830611257,0.6301070398804705,229.36597589752964,0.928314767609477,2.663888218107544,0.03117901257884462,-0.0308685373633997,-1.6793880704567008,0.7944049160886797,0.793792819242194,0.8882109757969071,323.3185660511239,0.7898330911442871,2.827619403950973,-0.030677373151823464,-0.08746568705177665,-2.391969272957188,0.9429486078362932,0.9424494553008703,-0.4711788906269873,-0.4677623585102773,0.7933546597356993,0.38822672936374664,141.31939683912407,0.7271548162527017,2.9546643935233847,0.7614048129350032,0.058323447874937394,0.6230784295445853,0.23226451425850156,84.54682288552503,0.6690993979428983,1.336919394260473,0.03673475309466055,0.08542503273247845,-1.205905632876796,0.4833362766681467,0.48193828884879186,0.4542569914789188,165.3547108865775,0.47323955100663095,2.456618696299434,0.053080482382531415,0.022509289538810498,-1.664368943118447,0.676072872617206,0.6739858985757186,0.2771564315850698,100.88822135223168,0.39637750747336103,1.937846374000956,0.010913363686587341,-0.0020959616479351998,-1.1267151022271762,0.526569589980304,0.5264564859369384,366.0
participant_03,stand,participant_03_stand_002,0.0261588212456437,-0.3549824224794895,0.1091315234958335,0.7998440792158474,265.56311458866026,0.8338697082940807,6.675780458531202,1.3243786503604291,0.2085740323336293,0.8943400243843767,0.7192246463965677,238.7912222906025,0.7572208799211995,3.539092295701032,0.15742689780093375,-0.0496415717569458,-1.5972706085693944,0.8625589107694578,0.8480711328636105,0.9670656580843913,321.077618126978,1.1717552529997932,2.8453393201487067,-0.04899968630194721,0.1158287787356606,-3.9867037043808806,0.9846149640047527,0.9833949654560935,0.8378329108793544,278.1726502007215,0.9781185414703005,2.8753922839475337,-0.050154521003907424,-0.0459497287063307,-5.727496318413804,0.9167051799005423,0.9153321314579503,3.34048193359375,0.07884819164032836,-0.07527021885695549,-0.47564879873187654,0.07787897854211284,25.85684471960582,0.26603280403857277,1.6462171330064548,0.7968308667268912,0.1093025831716257,0.27906805360361986,0.27979353683265934,92.8948169918404,0.722065466015642,0.8383091367962439,-0.09003272997771836,-0.02979521654092235,-1.434625994928868,0.5365626052008284,0.5289551368808695,0.16547484313445204,54.93962408303679,0.57909784795248,0.9751669047018988,0.006782178619502067,0.02160768176721645,-0.6419871120012777,0.40684252614651645,0.40678599181197483,0.25805693581155553,85.67806596036891,0.7727307642585055,1.131996338268269,0.03662243189777327,0.12834271546707893,-1.2970957928766644,0.5093114354986176,0.5079930470110349,0.05511123318889998,0.07951680098426074,0.6921377450123247,0.22103135499156973,73.38504555855737,0.5141567534878473,2.550759986098978,0.6287081256736363,0.10069680600167699,0.4701397185854113,0.1108771650059575,36.81259493828382,0.5313568325700407,1.002947209630943,-0.025678521422279464,-0.0349391616087086,-0.8659299253963749,0.3339708841626646,0.3329822292645022,0.4003624948972937,132.92520676577658,0.43208660406783367,2.1381219132575398,0.025611319460122673,-0.01104404718798235,-1.9652949898723768,0.6332601634255719,0.6327420445152145,0.10360677029686192,34.39879376411148,0.39169158112597896,1.385191415630489,0.011979396169705425,0.04448689577784615,-0.8560917918224638,0.3221028969591126,0.32188005576124457,334.0
participant_03,stand,participant_03_stand_003,0.2772532222412521,0.1717955666248933,0.1321731250487937,0.8856822645938566,290.5064666724352,1.4616484129418972,4.912794002193113,1.5025298166846663,0.10350148276544285,0.9411069357909634,0.6813779905459143,223.49404568084952,0.862936501060013,3.177199418267528,0.16065660429418002,0.1123808387356776,-2.4055400709436228,0.8409450249863253,0.8254562317566657,1.6476756540788056,540.4426074943758,1.5230846458230518,3.263737867211242,0.21535118511981297,-0.0178902808299413,-3.0860318135526725,1.301557446681211,1.2836181885898958,0.7411731641599298,243.10704382374237,0.8156331842600169,1.472420018637017,0.02940456426848438,0.1948221853323083,-4.820762004244648,0.861416155269768,0.8609141444766312,3.29032470703125,-0.2698120654957124,-0.10025827283825332,-0.6721970292154739,0.3512569926582517,115.21335800703581,0.6886838567459785,2.8184642750425817,1.0160934211235781,0.3112090623027811,0.5926693788768336,0.3595724744318746,117.94086122721379,0.4232460447627372,1.0569397603515027,-0.005687093015314062,0.0135478241628444,-2.28756060502614,0.5996705907903433,0.5996436228560049,0.29086304963388726,95.40396168309572,0.821012331810482,0.9075433046878216,0.02059517243414889,0.0219934108526011,-1.0278307257498631,0.53971030262677,0.5393172068772581,0.7323724419035182,240.22038025478395,1.0621513794008586,2.5839094939105847,-0.020937119788345025,0.0430596779267916,-1.7415885390407306,0.8560436933291137,0.8557876149509984,0.23847587745079402,0.3477301082684974,0.7230112446543139,0.5951416010397111,195.2082486004224,0.4244923295128171,5.390222253159101,0.8356851485177015,0.11927869013991917,0.7714542118879844,0.21697458653822643,71.16832188328536,0.6446667154632698,1.9750237559166888,0.003094387691311163,0.0149784200484764,-1.2063043669855404,0.46581558773125076,0.46580530969303735,0.7752811664465221,254.29457193132728,0.6513551875799337,4.270313202156783,-0.0023443819113062826,-0.0852259610779884,-1.3454848471304397,0.8805036414308961,0.8805005204124084,0.2980120838203133,97.74886655998344,0.5563802239816127,2.697853263862231,0.05681866177561714,0.0455296967175799,-0.7552435818297216,0.5488537547892747,0.5459048303690976,329.0
participant_03,stand,participant_03_stand_004,0.027511090154160714,-0.45460874553047936,0.1382697901143028,0.7763427956399394,236.01831585916014,1.2207765357112241,4.913953012921008,1.407277940620511,0.14191969291890763,0.8811031696912339,0.7064130086693272,214.7604590570248,0.7258251077456921,2.061336544313217,-0.14920952723923683,-0.0372500207150082,-4.460774540981909,0.8536254984993616,0.8404837944120798,1.1378552792804986,345.92366199642373,0.9952493834504788,2.847128121844268,0.04294892595694474,0.06912976279855901,-2.867569080866535,1.0675672763443782,1.0667029948774394,0.84706391767853,257.5187796718364,1.2221383269525175,3.75682743146034,0.20330690816811314,0.1764388040301162,-3.5600571933523777,0.9425484690918593,0.9203607540951156,3.0596069335937504,0.004372384788600975,-0.3036636328349297,-0.509943725412364,0.15776677793311664,47.96319738390859,0.6077641373138308,1.97381860819492,0.8566333968720856,0.29085619714610145,0.39719866305555035,0.23137532593061202,70.34110396145519,0.3522100152196467,0.9994405620932229,-0.0466059005316535,-0.0170954157661613,-1.809866830301756,0.4832674579308837,0.4810148915892439,0.20898949972280587,63.53561909684372,0.6152126602926025,0.9473945337192676,0.005357576535504236,-0.03515677386779125,-0.9373221524765502,0.4571850865340421,0.4571536937648058,0.4484450137525625,136.3334626139727,0.9683880311007413,1.6542358877947565,0.02401877542765711,0.07976326970723775,-1.0501925506363667,0.6700909754097624,0.6696603719442883,0.2659863911718074,0.17752555908977805,0.45661181393633316,0.31582064524836484,96.01367206053001,0.39967662632421386,3.421242156852767,0.684188332752042,0.09669078505144492,0.5619792213670937,0.15622378925690833,47.49406116609228,0.6399570516475519,1.314830810543899,0.0078090133083742585,0.0163348644136871,-0.6157928839540441,0.3953286859636658,0.39525155187160027,0.515462258930777,156.70726032333883,0.3116841934668161,3.0926029350246984,0.04508368944157027,0.0036246786886464,-1.381553333979066,0.7193711128370676,0.7179570035390539,0.10961835063846848,33.325407544223715,0.47812612222598055,1.5372785033216194,0.023160340103627428,0.049751809204476694,-0.6555256900491278,0.3318956944465899,0.3310866210502449,306.0
participant_03,stand,participant_03_stand_005,0.08998432718778407,-0.2524612112687641,0.10017445622237611,0.8970911028482716,292.45443456238667,1.0573548006615159,5.665101541402979,1.378211745930078,0.10717006881080139,0.9471489338262867,0.9220631885095523,300.5954106223717,0.9988225036618288,4.3611405162856505,-0.08643055049651031,-0.0465438911516073,-4.737415801568479,0.9641231397330334,0.9602412137111968,0.7553647688567213,246.25121758865964,0.8458057690211943,2.5307530958037425,-0.06219065863607099,0.011270332748458,-3.2772711761102977,0.8713394555959862,0.8691172353927411,1.0933127072441284,356.42327583203496,1.1065958012107888,2.610019566612845,0.12033343997735947,0.1703825342738081,-3.877944821182089,1.0525173841894078,1.045615946341738,3.27031103515625,-0.5478422189268605,0.030657455053415557,-0.6803163513053463,0.41805596240124354,136.28751830366636,0.43321559655470576,2.8618755552229875,0.8093453044561243,0.09962409555192281,0.646572472659673,0.26068066917421484,84.98269290893174,0.35356814699950256,1.1103891020834942,-0.003851892704640237,0.0294715614644644,-2.0285147657154994,0.510583495866859,0.5105689661291752,0.3165779533432188,103.20537796657632,0.6049911579091736,1.9229219232381989,0.011751083363444019,-0.1022591094315172,-1.0920922185707445,0.5627753026772172,0.562652604493411,0.49541808280666105,161.50780541595563,0.6203084723870025,2.253312754637032,-0.01631422338644688,-0.0348788497132678,-1.88751395557628,0.7040484618911996,0.7038594197754698,0.1974753367458388,0.144239999958459,0.70671241604623,0.5549012110900474,180.89948658734048,0.6140165749847356,4.369603712039829,0.7258448360393452,0.04188955292041565,0.7449169155617608,0.20657059779984877,67.34264467115864,0.5228826390816459,2.2439681019249305,0.047955196519728314,0.0730957472673082,-0.8294501689770362,0.4570233021117135,0.4545003826179344,0.6070212790636037,197.89078764936608,0.43122263834134916,3.754623189566865,0.03267435457490375,-0.0093844711502232,-2.7688802259280045,0.7798005466210512,0.779115703258254,0.2647925950773498,86.3231932897132,0.27595277394588646,2.469422306740652,0.0003883736564173146,-0.0152423297793173,-1.054160323453867,0.5145801647085192,0.5145800181481495,327.0
participant_03,stand,participant_03_stand_006,0.2637673655871262,0.2052576338050585,0.16023433597026498,1.3828268885636703,423.1628715725384,1.236468119502046,6.220822074109097,1.4294309723874383,0.17950735349338298,1.1759366005715062,1.8922471999703743,579.0526505239168,0.9604494244393111,3.633921918892966,0.009221193988633511,0.0547762353983254,-6.11769158342903,1.3756206709660008,1.3755897644175659,0.720611769712249,220.5167811459752,0.8383414785138384,2.354948087593315,-0.041097170172637816,0.0613689177260094,-2.350317006227658,0.849882784334668,0.8488885496413819,0.8083429885817345,247.36351144123097,0.8327451526240248,2.3731200830519863,-0.05589120955065672,0.21444459439597013,-3.8898844513721498,0.9008145291272615,0.8990789668220108,3.0797319335937496,-0.11825089898721806,-0.09202654115890725,-0.6389541810425573,0.34280033092536605,104.90148412374275,0.5883054389300657,2.923211789304671,0.9609906946404523,0.1578857527412744,0.5854915293369888,0.5073794376959025,155.26476243242743,0.8075223437100221,0.8116220492206144,-0.0625362168677092,0.13424769945137438,-2.690799747692117,0.7150456042211767,0.7123057192637882,0.2601965449016724,79.62368538531494,0.8768099684178021,0.935758683430603,0.027114881945205435,0.033429071378444544,-0.871254014193365,0.5108148017868852,0.5100946430827051,0.49401835500286134,151.17626925347872,0.6272285055766029,2.3299632263036902,0.007944385907120667,-0.0159718747299205,-1.1396419199869423,0.7029092887921619,0.7028643930395545,-0.05982374740196642,-0.128923375383954,0.8800335434956731,1.2614864802417822,386.03155840547123,0.7185501241179633,5.806233391412116,0.9893707456142494,0.08120294608503334,1.1231591517865054,0.29891852887348835,91.47309588679373,0.4590583740884914,2.2283439319966827,0.061263118392094675,0.00169104425634545,-2.017591502303346,0.5501560674468765,0.5467344226162172,1.3859823769572137,424.1290775429733,0.543433326471683,5.028153256468364,0.18894595665319863,-0.0017654275359553,-1.4489998543931586,1.1923434704366047,1.1772775275852392,0.5030545687383294,153.94154994258537,0.453841090794422,3.235419806448112,0.11371778110449593,0.02618663926160185,-0.9301332568437642,0.718321865515494,0.7092633987020122,308.0
participant_03,stand,participant_03_stand_007,-0.16104756844942164,0.3184134810942021,0.13167222762310296,0.9744607615277389,257.26130442964455,1.099537292862082,5.05396867466373,1.563670707617232,0.10859225733126773,0.9871477911274171,0.9908781943160193,261.5955684054228,0.8940991880567417,2.8598123885091296,0.07146415305206139,0.0882432498507874,-4.249668233615649,0.997990640981902,0.9954286485308825,0.802032391858323,211.73956660996518,1.0170645079344407,2.2097826298482857,-0.19554529747906052,-0.1448975795620195,-2.311295101269692,0.9166626179923,0.8955626119140543,1.582841247235772,417.8760398012484,1.5717154798687245,2.4202138382144773,0.020734547021272275,0.3004099941222222,-3.6725999359731776,1.2582810372392763,1.2581101888291708,2.648352783203125,-0.08363009928936585,-0.21580269501373936,-0.3213379929713749,0.20660272063999813,54.54389495091679,0.38406602759354735,2.362234041258997,0.8011358516532555,0.346935519479421,0.454535719872485,0.44257346751693266,116.84105923449852,0.9183334059110251,0.9721331692772304,-0.048985347381044556,0.0084157247589301,-1.743527263172731,0.6670629893608057,0.6652619540578979,0.11696411437667399,30.878965910157625,0.5372824110835692,0.743665612268364,-0.001525011987891597,-0.0569795916285415,-0.4743931559252851,0.34200356728875975,0.34200016721731874,0.2847140944425703,75.16559128657705,0.526343556742145,1.8457145413327964,0.042045299242640784,0.0198726367932271,-0.989421445126017,0.5352400411319892,0.5335860703228396,-0.17167333747546262,0.16328154923053842,0.6689612848752765,0.5756976846248634,151.98635301797373,0.32231563073293334,4.764141807509516,0.6991362407086873,0.1025400224123251,0.7587474445590333,0.10721479958226367,28.305110152873933,0.4540306813931403,0.7781007804035356,0.0008822407543132284,0.0653683483722937,-1.3761098739338784,0.32743789935041456,0.3274367108041853,0.7348639295968791,194.00684005992795,0.5308938625685478,4.019146418002088,0.08338720267511271,-0.0593211481668681,-1.2866943254973424,0.8612881951860595,0.857242048430243,0.2068018320506254,54.59646111186154,0.3886015936198093,2.728434803868435,0.09302904142600568,0.0047153574620101,-0.4315055982667706,0.4641726344790987,0.4547546943689811,265.0
participant_03,stand,participant_03_stand_008,0.6235605673575808,0.06521269556639032,0.06158376457954739,0.6250195437248317,200.00819504642976,0.965189262528916,4.330614741041096,1.0999421143132286,0.10920269777473682,0.7905817754823543,0.5641678379744406,180.53546022585195,0.5925481433859792,2.7642314120540985,0.08952695617775079,0.0812717816921764,-3.7524197246317543,0.75642773207815,0.7511110690000784,0.6942677599579385,222.16783929759612,0.8942851085339398,3.1665736260122457,0.09494799523194083,0.1280493234144512,-2.0904693276899518,0.8386196287689094,0.8332273158976118,0.5517975008547054,176.5769139303406,0.9184747108298679,1.6312393602662252,-0.08734358646509453,0.1261193990977331,-3.4482555377587105,0.7479481285164705,0.7428307349960053,3.2101101074218747,-0.6245605817097457,0.6361169304732994,-0.550243634107066,0.16446748556935115,52.63010615078112,0.35206207003444145,2.171211620468259,0.7616141429944935,0.0645205112967766,0.4055459105568088,0.08106684566083874,25.941642371858652,0.3216030866127238,0.4241890776294649,-0.026897227760299198,0.0519698539037514,-0.9220891497492252,0.2859900461939684,0.28472240105204005,0.2828280996643214,90.50587024071848,0.829196748282198,1.3577695069691569,0.032559092548513614,-0.0552363599272655,-0.7029812477009058,0.5328115935036549,0.5318158512721498,0.3788429634857038,121.23092484636769,0.789345603435524,1.353123574858463,-0.0014574631905704134,0.0658084424390937,-1.6201651121854028,0.6155039298693841,0.6155022042898821,-0.09294919943488567,-0.21420697378359252,0.7047457379731662,0.22219966434452348,71.1045826513169,0.4918193221178411,2.590828817976437,0.6342900599408724,0.08153527964950603,0.47138059394137505,0.159483179828875,51.03511283461837,0.4820389769021871,1.182233090116854,0.06302336023100837,0.0504119499551663,-0.8899749740079371,0.4042958369358785,0.39935345225611235,0.2188950653558798,70.04710071222115,0.3227018105597907,1.6413344652832624,0.013538566984623437,-0.0222351935525542,-1.0038763690056616,0.46805807134572197,0.46786222903316294,0.24132119538373673,77.22353196750193,0.4290356331535695,2.3581530302895457,0.025862466723472206,0.0070133645712371,-0.8791649357680693,0.49192485459545493,0.4912445372558729,321.0
participant_03,stand,participant_03_stand_009,-0.29942581620635494,0.03556953110435048,-0.2335195239905303,0.687054425917809,133.30261161476946,0.7365736352389041,4.044076380825093,1.2162188878985094,0.18267492869072113,0.8288874627582498,0.7507824258512628,145.66698760722323,0.9532039709700627,3.276787469417724,0.1413482299143775,0.04460993464420285,-3.055270361821286,0.8779303776218195,0.8664770198056396,0.8330324497997311,161.6255806876658,1.0360412040693472,1.4171461823712623,-0.20420370896771417,0.034135358202119,-3.06142861090831,0.9352708722909647,0.91270611359831,0.5131810459317586,99.56750348000416,0.7361481846074021,1.973954759999548,0.08699661349756815,0.23794954112257832,-2.7502130396025555,0.7216297227053524,0.7163665583566549,1.95617822265625,-0.08858800336991075,0.6816478772076034,-0.3611326163678502,0.15063099130107455,29.22571781158035,0.24710955501400544,1.7323168214926186,0.6852824106034773,0.147344532384748,0.388112086002323,0.2105495091127401,40.851001049002015,0.329936509028102,0.6113695679797009,-0.06773620135296554,-0.0075088392020238,-1.5101757733192402,0.46382938898529236,0.45885674138312504,0.19369440871816235,37.580630992008174,0.8392753895414318,0.6113838940770967,-0.07132227593133776,-0.07207969625257316,-0.8342424681576125,0.44584893827639455,0.44010726955841384,0.20372576577805385,39.5272967518468,0.5040213510341396,0.9763875888617845,-0.050972835480043485,-0.11279215106770535,-1.0769786078443178,0.45422901243197733,0.45135990714512275,-0.11754298637790189,-0.15193285947931418,0.9315497018791413,0.7231066015023069,140.29733400440483,0.8464831402223756,4.365810278205692,0.8214180477197564,0.0666747315893756,0.8503567495482746,0.055362413999751954,10.741496081225467,0.297662254695531,0.6080720912036108,0.049487811429527365,0.08315874475706289,-0.6332153604269113,0.24044013283941681,0.23529218856509443,0.7233862780844148,140.35160859360414,0.6203831170248282,3.114411588854099,0.1440612433684554,0.05109322150313815,-1.3146258995538194,0.86263545019045,0.8505211802679665,0.5809985908946085,112.7254804180692,0.5043601282913106,3.0448440327978394,0.12200099312021112,0.0552411599698653,-0.9878477671745026,0.7719344746912955,0.7622326356792973,196.0
participant_03,stand,participant_03_stand_010,0.039052599307577415,-0.07582932485245351,0.010908883500834994,0.8570155824975673,293.1097140036595,1.0741841027293568,5.849517918809137,1.2762459841415867,0.07430169396866655,0.9257513610562866,1.1351950098668924,388.24981771223565,0.7692223721161442,2.6559259446416883,-0.00821257643439036,0.02554721040099775,-5.544724270961727,1.0654869573479457,1.0654553063676075,0.711998829546827,243.5118936053573,0.8473576205241127,2.7250221472127274,0.0886773622051828,0.21438846780944276,-2.6101783866359067,0.8484471133279293,0.8438002308288538,0.6306935077974362,215.7044710270551,0.7279467092652715,2.473507104130044,-0.0009624679624108478,0.10120221489340239,-2.750742362906044,0.794162725228284,0.7941621420071824,3.4408969726562497,-0.4292820488918852,0.06644539634931372,-0.7375702372049548,0.7191032433840998,245.94181987382467,0.48015869192595284,3.6018858626625887,1.0919036988147095,0.28693091694208817,0.847999553882017,0.5954718054969349,203.65843079414273,0.5307355584696207,1.1918505680500937,0.002697411746618187,0.12447824461216504,-3.099066243871593,0.7716729109713945,0.7716681965047768,0.4847068760485516,165.77537661729556,0.9399301622703011,2.027695853151525,0.004366583193722698,-0.0528553279594048,-1.544004326210568,0.6962226246663773,0.6962089313191491,0.8307136169479609,284.11369393090615,0.8758165892000338,3.0896341841891792,-0.020935359967712074,-0.06518827502115684,-2.126694554331784,0.9116753294045741,0.91143492194888,-0.3134307473592188,-0.2612963434899707,0.8359008101386,0.8123872897811645,277.8459292446246,0.6230071749709933,5.939944739347123,0.829963186053145,0.07278136328853647,0.9013252963171313,0.15860228638968474,54.24381960679802,0.5739420834095481,1.3691690684124032,-0.018499929344908402,-0.0542403595485388,-1.398018322920144,0.39867848421434954,0.39824902559791,0.8429316690654093,288.29252994524086,0.5494485088430955,4.481058896890974,-0.017489414183424902,-0.062271600716696254,-1.6805727288513308,0.9182796680063698,0.9181131025453287,0.49801644931937517,170.32738726899765,0.617193024522184,3.8031463667355583,0.03205695269261277,0.02424758463433185,-1.0004248107927247,0.7064305327031891,0.7057028052370028,344.0
participant_03,stand,participant_03_stand_011,0.5391503363665656,-0.13984813935181492,0.2370986218981163,1.7259553307833304,593.7503893143338,1.0692757418413223,8.265784653075784,1.4265307474913893,0.13176797401968118,1.3137561915299696,1.5944566656715822,548.5116908305686,0.6980264123374296,3.2939836945859318,-0.20434497557252354,0.0042911987893396505,-6.994466093180847,1.279145626859318,1.262717967588797,1.3847711430507623,476.37807755885615,1.4074350657822579,2.8769467457998097,-0.2610906154834678,0.16406008740667383,-4.395066377722623,1.2053793811677296,1.1767629935763455,0.6717410433121612,231.08743522323385,0.6593676245195987,3.958981778496282,-0.007160569243802058,0.12456149341752909,-3.712001340716266,0.8196293778678609,0.8195980986508944,3.4610017089843748,-0.33050182686914126,-0.0529066079059337,-0.4529644703491209,0.3020139037409143,103.89662557053377,0.5319516030051817,2.353843318821381,0.9189175757447131,0.10596763261326528,0.5495579166392877,0.3564964620166649,122.63902677954013,0.5275999612788547,1.1521714840926105,-0.018217269891290397,0.085041125726489,-2.1644325759422016,0.5973510952019399,0.5970732467768631,0.20946539675425987,72.05851581213722,0.6761623297003461,1.017642851824121,0.004959194659517363,-0.0156656929769416,-0.7624838237504896,0.45770076509214064,0.4576738978292949,0.5797299596849466,199.43406824114308,0.8004053847651165,2.104274330399668,-0.019368370184937554,-0.08831983851311065,-1.9268500039386116,0.7616463046904168,0.7613999997931091,0.12382079867201433,0.13902426956356578,0.6277140965118847,0.5117174660717487,176.03670588040535,0.5115016590253911,4.725615367288489,0.8027400657401491,0.075437060946202,0.7153442989720046,0.2425995116189025,83.45712635286985,0.6794712448223076,1.7867500560989158,0.04404127408064565,-0.00944677406684285,-0.9439772476461564,0.4945089942979289,0.4925439184670769,0.6761311023187013,232.59698022004162,0.34918342559427173,3.446652393178785,0.04754876225737563,-0.014500675096641349,-1.928642121076127,0.8236455470109152,0.8222719150735366,0.23261664188773787,80.02283087936142,0.40097088185835517,2.815327421469061,0.0236918715185366,0.034852158639899544,-0.8118915964886478,0.4828850242695343,0.48230347488665043,346.0
participant_03,stand,participant_03_stand_012,0.6222419660757093,0.03135906607824091,-0.12642377332961635,3.95865327794773,1187.6090915077561,0.9247297092914514,16.93885464623874,1.8320086531046937,0.25530496118617674,1.9896364687921586,5.125766588999714,1537.7469494369636,1.4447228865369566,2.283198669612399,-0.2017990161447498,0.1101569634685129,-16.320356506097955,2.272991296049482,2.2640155893897274,0.9562106551550386,286.8663628069591,1.0080863379934994,2.531536211624944,-0.044730696881024476,0.0425265933465604,-4.521392387065839,0.9788827766379898,0.9778602431610759,1.1472410779993087,344.1761222113091,1.2301605983775097,3.213219962692572,0.20728478642604728,0.2013521570130005,-4.385030862185444,1.0909665717532322,1.0710934030229617,3.009749267578125,-0.31242516704745826,0.25050822412215634,-0.7456288383487357,0.348748891782305,104.6258223323464,0.34514598655544737,3.2397838758397746,1.0150031518608447,0.3275613316169113,0.5905496522582204,0.2534873463001943,76.04704325213211,0.5020525832598389,0.8496068382306238,-0.00731757467571658,0.0389241105803716,-1.7895313897552598,0.5035284432872972,0.503475268806914,0.41127823406200364,123.38483206705824,1.032354543501317,2.0179585900771624,-0.007893174164413302,-0.0435047899445882,-1.3300359276461713,0.6413583524523505,0.6413097801078693,0.7140228545874275,214.20922069031633,1.0189667342562896,2.4463576962955784,-0.008718143300276378,0.0183766839406315,-2.182474792729365,0.8450437033728088,0.8449987305241514,-0.30707207100469086,-0.4756310578751589,0.8098355065507487,0.6742137119346097,202.2663460761178,0.6648724365955984,4.807749109133405,1.0106341624902666,0.09235149050692419,0.8211051771451753,0.3310016461237606,99.30158986906896,0.8857543977666484,1.938367646150374,-0.038143617759183075,-0.2149618939403029,-1.5190809289986775,0.5765904800632068,0.5753274251448132,0.7155267451976843,214.66039285316367,0.599175512428578,3.330361655434685,-0.0835008352789951,-0.0546583326820014,-2.1176130483746483,0.8499994909939502,0.8458881398847512,0.6389079876176396,191.67451187465483,0.6861009856354685,3.698304444928056,-0.04161031506584666,-0.0277727833188765,-3.527618298981761,0.8003995289463374,0.7993172008768732,301.0
participant_03,stand,participant_03_stand_013,0.3091104224133598,0.12136185161325432,0.0026155539979605047,1.3786659129343062,372.2448651169425,1.4924987565374637,7.566811888631328,1.6155557472640536,0.14373419175645075,1.1741660499836921,1.2402821393677514,334.88073749009936,0.7688039346404093,2.109483289585042,-0.09886994973281855,0.0290475049197426,-7.365934810141552,1.1180596613454585,1.1136795496765448,1.5206094244966726,410.5701350899267,1.8247694656520717,3.1940323892486746,-0.1690666462841312,-0.0557225487189706,-3.02255878151562,1.2446658006800204,1.2331299300952323,1.1656635047543649,314.7334318112694,0.9210650334857373,2.51920509469246,-0.15418306971745818,0.0561714066369427,-3.832298813385358,1.0906126368889475,1.0796589761375417,2.70877490234375,-0.6189711145918958,0.37428987721786083,-0.7405076893376669,0.45149835819175527,121.90621663220846,0.5852538292560743,3.462941772870858,1.1011909384004777,0.14685321972528728,0.6719362753950372,0.38504392457098935,103.963275236831,0.5196340824156735,1.1707356615099171,-0.04848880087842793,0.0377062163714424,-1.7998170225059291,0.6224107071553455,0.6205190767180243,0.4478695377142718,120.92642176203614,0.98200865970616,2.137856739306109,0.032402903820696,-0.2535192276079519,-0.6545575843378372,0.6700145415513644,0.6692305564708412,0.8278049378990767,223.51037663325766,1.1779908544923163,2.0849901159932966,0.0005734423254352241,0.2459181369148232,-2.539963645754288,0.9098380442337951,0.9098378635224392,-0.11058956834910778,-0.2566423504071903,0.5865212466986027,0.5520111968380708,149.0450525992086,0.46615176421066157,4.62609862530702,0.8120075627690766,0.033857017764559745,0.7429745600207794,0.18889566381885953,51.00252370044435,0.5811285167784693,1.4319270350088156,0.0009927851579492897,0.0279293365007717,-1.5536272924792982,0.434622421696384,0.4346212878114227,0.7208839818263253,194.64132540186452,0.568422153776938,3.825814848314792,-0.00877887091193468,0.0028331477016231,-2.0531645326764902,0.8490942529547668,0.8490488689270632,0.3012485770764873,81.3382233421849,0.5100533309947313,3.188280463970504,-0.016161742285911683,-0.0231790917363532,-1.313665438157838,0.5490990611813167,0.548861163753173,271.0
participant_03,stand,participant_03_stand_014,0.43272636054520475,0.5126492227255872,-0.09675340881359555,2.8875149364774937,854.7562282299282,0.945283845129628,13.181634854769696,1.5057300120080939,0.18650590155934307,1.6992689417739306,2.7704416819091238,820.090786991453,0.8405485302783976,3.0756378694721587,-0.13031614231984534,0.08436125572702721,-12.264660835906582,1.669558019015287,1.6644643828899204,0.8719624294743207,258.1126024639983,0.8819761622653843,3.3666927072010617,-0.04078989851031333,-0.04850475501720965,-4.4223948942142215,0.9346797554749983,0.9337892853713415,1.4934430783081016,442.07940593543367,1.158003755422031,3.563392369997984,0.01563659420188516,0.2326234980008228,-6.216094393312483,1.2221651203443566,1.2220650875907149,2.9796494140625,-0.41900156521866744,0.553769188540996,-0.7664355263772984,0.403342405245859,119.39506055712143,0.49217182175993446,3.7806141680789347,0.8401907349831806,0.14559414639366733,0.6350924383472527,0.2968926323756348,87.88434920981655,0.4327230913758365,0.5543990842019052,-0.04885605241972255,0.1506705830409252,-2.2932003808759966,0.5470644808737573,0.5448785482799215,0.3016806272575989,89.30188032012207,0.6677772229796312,2.127087020084744,0.06429607240170222,0.07617221435829025,-1.0033193623795975,0.5530050742840286,0.549254610592937,0.5024330461736739,148.72756398061614,0.7614909816744606,1.7005624725674864,-0.04166139467426783,-0.0110212215224034,-2.3058742652331365,0.7100483912944799,0.708825116776821,-0.7352100826672935,-0.7528128471833052,0.9354305981785723,1.3302888159402357,393.7832327314195,0.4726346579990477,7.305336942247658,0.8601036551301838,0.02640277222959829,1.153381470260484,0.2466883263763638,73.02305580549495,0.5754126041352653,1.0097271139352162,0.01049736768070195,0.01363044545545865,-2.39420187972218,0.49678820548055247,0.4966772859476904,0.928468453902224,274.83930020450066,0.5612330094366808,5.328287264210704,0.06185136506790833,0.0055974486436589505,-1.3500049788983657,0.9655537505820107,0.963570679245806,0.8896448630941057,263.3469798895063,0.6057705051244424,4.898659082293431,0.036464833015622054,0.00773290605164265,-1.353481374856028,0.9439144808408031,0.9432098722416479,298.0
participant_03,stand,participant_03_stand_015,0.13986035144843456,-0.08222720589317442,-0.11448010319332703,1.0860474894224474,345.36649553474274,1.2115519439753315,7.656277493111883,1.3714212107628034,0.1251054415962824,1.0421360225145504,1.1440523847628854,363.8122335182999,0.6766762412485272,2.877723229462409,-0.09846057726558302,0.0116390684030127,-7.418312757053879,1.074126095967488,1.0696038447775351,1.393482073757383,443.131654086328,1.2813772912927763,2.7139330775113155,-0.15843157871618677,-0.0403355032782588,-4.096862060577642,1.191042668795659,1.1804584167845062,0.39088338207940604,124.30213701182012,0.6769901789430224,2.126520875535772,0.06025558681908284,0.0689830817275712,-1.5756105561024565,0.6281035884488467,0.62520667149304,3.1903310546875,-0.2806172370362822,0.39296911594937506,-0.68363114925217,0.2621457808589344,83.36317751870631,0.4363957606612081,2.534248249982561,1.018832916479672,0.26735738816395044,0.5120017391170995,0.26005757402885665,82.69912122109527,0.5704925875596776,1.0087822060393183,0.005186028828168218,0.0385815264803448,-1.6052307971923918,0.5099847732274595,0.5099584042143601,0.31423795470349863,99.92865158932102,0.9538832621519727,1.239497028568909,-0.007071092630355264,-0.0364000545128005,-0.9196390853277614,0.5606139090804702,0.5605693130233751,0.7249762217182105,230.5447040570838,0.9633716991316632,2.328930997440772,-0.0285945250852145,0.0034402195533117,-1.9069652841312084,0.8519353664351889,0.8514553550939771,-0.5968715910537918,-0.5312234214294306,0.6148758773216721,0.34116567025140926,108.49174928266771,0.6821353060753209,3.7221737359391573,0.7578322355180287,0.11483852801802487,0.5840938882161063,0.32708803277082527,104.01501657122485,0.727851346357797,1.4024420338572752,-0.015941300094333446,0.0168113889770616,-1.83804735263268,0.5721382331390928,0.5719161064096947,0.3502813181131238,111.39055378909245,0.3955673988808316,2.760105654050952,-0.0361031674847527,-0.0621328838116664,-1.298604673575245,0.5929458295793604,0.5918456877541002,0.2365036420114232,75.20889723351387,0.5403353525447843,2.567264423506151,0.006694086581470321,-0.0251106209084429,-1.4131768151273405,0.48636247059840404,0.48631640113348346,319.0
participant_03,stand,participant_03_stand_016,0.2532971614488723,-0.12049595813215537,-0.037335304906141654,1.3250243458334827,458.4741396454538,1.1857536151844175,7.008209171508326,1.4350482884351596,0.12343119506927455,1.1510970184278486,1.7112587463903195,592.1153530060732,0.9020136268880737,3.824919448224776,-0.043092383674469464,0.006744483796194249,-6.867511950982037,1.3088604585367638,1.3081508882351147,1.045030842064325,361.5927095908904,1.138949310059828,2.483181791544284,-0.19056110002627366,-0.1137607092812768,-3.7486715327591287,1.0398770960587356,1.022267500248504,0.5891132799415386,203.84073073589775,0.6055864580548297,1.9092347701707832,0.028540869012858704,0.11899930773102305,-3.630043947394696,0.7680676149568785,0.7675371521571699,3.4812697753906248,-0.36134999596469836,0.3500205257904395,-0.7792513626047236,0.5013399851570868,173.46951094924307,0.4875716102206653,3.3248428509030696,1.1513844001615243,0.08420273238023275,0.7080536598006445,0.34915657818674467,120.81239782875649,0.4765207933975499,1.3130567039480363,0.007099550435073875,0.00286379504742455,-2.248753526882228,0.5909373755340956,0.5908947268225911,0.5001149890671198,173.04550756262466,1.1876499712280917,1.4409716089087914,-0.03518915681121067,0.01201776205009655,-1.4931959493644409,0.708063038029951,0.7071880860613532,0.9763151035661309,337.8161922269194,1.1764515005784406,2.927336954606369,-0.012274807490969585,0.02287599419691405,-2.0475359504936868,0.9881628279110033,0.9880865870793566,-0.5047921433982315,-0.5399865212344265,0.8582562769951452,0.6690271894600298,231.4912111854652,0.5972429061754594,6.09794851199859,0.8455455537877112,0.09324794644651493,0.8179408227127619,0.295800391990537,102.35032624728153,0.7412091186772711,1.2296873586264168,0.0188466430492626,-0.01983122115832835,-1.4859821154036867,0.5442017897294746,0.5438753460036012,0.6554907357260128,226.80758818783997,0.39047200175937746,4.7268534542853935,-0.0029995383696336158,-0.0110372507694829,-1.9007726249708576,0.8096293799983075,0.8096238235909395,0.4323147207941122,149.5858832373803,0.5705097868406822,3.622976124830289,-0.002105064103062578,-0.02218167007569575,-1.321328817213839,0.6575098114013129,0.6575064416369715,348.0
participant_03,stand,participant_03_stand_017,0.7268105550940714,0.013659354407727076,-0.15462414081217524,1.6185856370339196,472.6492168085594,1.1683040497840727,8.822557254814825,1.4752001249572448,0.09111886136315274,1.272236470564305,1.8882228413481634,551.3875780312821,1.2521181215270352,2.0553834532986217,-0.27663744427664394,0.019867794381712302,-7.391264976361033,1.4016958004232147,1.3741262101234237,1.401569929132407,409.2782310574275,1.416087205877842,2.356989868344316,-0.3001474895233471,-0.1343147841310309,-4.717371098221993,1.2213346980249005,1.183879186882009,0.33331585307666656,97.33324632292218,0.6231408455819569,1.7717772762609858,0.07124346361226067,0.09686088081490579,-2.137250666526371,0.5817142633494026,0.5773351306448158,2.9395163574218754,-0.23141646622962062,0.5905427987571259,-0.4922342460442507,0.1026951869234919,29.988687576871268,0.43359178219925976,1.8348375316846697,0.7839679005649028,0.03093912079359876,0.3204608976513233,0.12493752218813824,36.483474586923506,0.40682622792104406,0.5849083928135421,-0.041657036905102175,0.0098717823574303,-1.0995500418325823,0.35591126831255465,0.35346502258093127,0.24119365733396117,70.43186007398567,0.7989217357408067,0.918515308204454,-0.032964248099319506,-0.00111451535688835,-0.9973902014446968,0.4922197669605668,0.4911147089366813,0.34764219980601285,101.51644593063527,0.9337603973967887,1.0393000275044175,0.026561745707962436,0.1219109016592784,-1.3781235815572612,0.5902099000703626,0.5896119060924846,-0.5651418274916867,-0.5127573780420307,0.6652058932824546,0.17298881701712382,50.515099646159776,0.38207150356429453,2.454013463713594,0.5980799810435756,0.08474873414473683,0.41591924338400577,0.1720782700097554,50.24919190491703,0.4912344446876131,0.68864488798421,-0.02441904858456388,0.01938271632890845,-1.165943615156757,0.41554128548620856,0.41482317920983564,0.15607922711559835,45.577255439762965,0.3431895401099623,1.564329734028845,-0.0006264349112400015,-0.001887889610941,-1.2565746007596383,0.3950691326037715,0.3950686359553215,0.20173164985052958,58.90841350761033,0.5986152914193692,1.653955015896953,-0.014235568546813258,0.00266368139161355,-1.102416270858525,0.4493710062547211,0.44914546624732793,294.0
participant_03,stand,participant_03_stand_018,0.5031430397328486,-0.25390046410713485,-0.3416925113275945,0.877151740275456,314.0337420533498,0.9520784868198573,4.952094404736754,1.2671044079878269,0.19891067921082714,0.9365637940233735,1.217761999806628,435.97227956445505,1.1186735924017692,4.515954611152344,0.025965235517842276,0.0500310270541318,-2.810489192737246,1.103827972676053,1.1035225415942476,0.7003634084494608,250.73804194995563,0.8399757144452683,2.36630739853566,-0.013926646878109258,0.0225943055454962,-2.902340878368043,0.8369930465318862,0.836877176441956,0.5564612336005292,199.2192721599416,0.5758291040160233,2.5004810696065647,0.08515006877422178,0.18243466537844386,-2.7657277240662776,0.750807410600604,0.7459632923948264,3.60166357421875,-0.35298043627363274,0.4261771218540872,-0.6870159312167523,0.1293462501468827,46.30748188210936,0.48715230566966405,2.120854986328673,0.9454123999080782,0.05624030947888165,0.3596473969694243,0.20644597389150504,73.91005662467198,0.4074400706714793,1.216146463200451,-0.0021245121834040483,-0.0111401235308548,-1.3398648161125863,0.4543682289107839,0.4543632620398628,0.46079006519119886,164.96793550512547,1.2517030416503119,1.4349370448029195,-0.04159346120651389,-0.055601528491308005,-1.0951218762564836,0.6800882892730448,0.6788151922218586,0.35418024661845393,126.80044872643175,0.978527891969406,1.270854419091059,-0.0002019369255863188,0.0563415787391531,-1.1530105172518306,0.5951304793043084,0.5951304450441549,0.159967422646843,-0.18494629416484787,0.6364692048293232,0.1799659197242988,64.43024568766786,0.3424409829714758,2.842082265324426,0.63050969979122,0.08273324595572751,0.4242239028205492,0.1075668647523542,38.5101352673842,0.4906404755807866,0.7957845483934098,0.013173301277918032,0.0175120750636753,-0.6196461509858453,0.3282383289911661,0.32797387815549306,0.21953504517651817,78.59604335395703,0.35155064122202395,1.9351495024420728,0.051429642591769374,0.02687253905438915,-1.0975122316374135,0.47135979178716053,0.46854567032096045,0.2475879332497607,88.63938655884527,0.5225705328414143,1.9879364977758605,0.00011862885001743756,0.02440766460029755,-1.2346118529755448,0.49758210108741324,0.4975820869462251,360.0
participant_03,stand,participant_03_stand_019,0.4842082561909349,-0.27375790557327223,-0.16427968911535967,2.18781616394745,665.1255129016358,1.115240540634093,11.513601140779977,1.612976604677924,0.12812982706151022,1.4791268248353318,2.9210061105301395,888.02436132151,0.9890421017756922,3.659783623912262,0.05948569370290037,0.155905237138394,-9.966523984586765,1.7101300121000904,1.7090951145358,1.31528747160911,399.86450758712675,1.5477893075127644,2.4966077169018046,-0.12601202730172983,0.10547017978439804,-5.7235945447356285,1.1537618916543406,1.1468598308464335,0.5337938634890431,162.2803639530971,0.9132597900943968,2.4463933602546803,0.002160272545986579,0.07384532557888004,-2.532149126938082,0.7306151724858415,0.7306119787472987,3.059917236328125,-0.5221881138245219,0.6742056356215033,-0.8575762683261262,0.4851987880122843,147.50712234148813,0.5031152231954804,3.798237984842342,0.950432865014466,0.1595068830285734,0.6965621207130662,0.295991266009055,89.98519086966886,0.5084140735053063,0.9340084367648714,-0.019086843267771585,0.0117341095387883,-1.9789499621758373,0.5443855009044449,0.5440507935928914,0.5476540401399044,166.49433214119435,0.8356732473926081,2.5280078596543394,0.0040195643712377235,-0.1375194830950589,-1.2453267904074028,0.7400474289109036,0.7400365127072477,0.5444179541888646,165.5104642804822,0.7822938435982919,1.70227794660817,-0.00881442513175569,0.07869600952527661,-2.2029421361672687,0.737899483858925,0.7378468365378174,-0.4318981532976976,-0.6141157620933602,0.8806214988926451,0.5771911678733744,175.4745076280967,0.5730387437902118,4.561446030163316,0.7504054080228024,0.14607038289656016,0.7597309838840156,0.21121499945020042,64.21213422011122,0.4951726003665068,1.5102167287917383,0.02990947449321925,-0.0139233044746064,-1.0735216658221192,0.4605535540137118,0.459581330615377,0.33107418806710753,100.65102579139129,0.41462735548259827,2.8582973902777,0.012385414066979591,0.0008420924979938,-1.4254374256079505,0.5755237497694757,0.575390465742271,0.5967720449524869,181.4266814794568,0.6048508074381252,3.417482677472798,-0.013792630183438175,-0.028876866240062,-2.235219585601857,0.7726333422781234,0.7725102232025716,306.0
participant_03,stand,participant_03_stand_020,0.1371719351312592,0.12069473179510914,0.1779029568419125,1.849143862415717,636.1267432368387,1.0075282115303474,8.17946576664707,1.5388919468070579,0.10006336799769247,1.3598322920182904,1.5967245906050105,549.2917048634923,0.7805439887830545,3.102775533982624,-0.011499966158492133,0.037611754184635804,-8.10909151418546,1.2636680101302937,1.2636156815286088,0.8013528224020424,275.67488281862967,1.0150648901495012,4.017286787515988,-0.08252016860390847,0.0079860833957513,-2.419112309721174,0.8989785317950924,0.8951831222727796,1.7595048829416382,605.2899359027474,1.2384326156366228,2.5635601941033803,-0.22980026755114802,0.1019780163952255,-6.059990095069342,1.3462217669864862,1.3264632987541112,3.4612275390625,-0.3029138758023735,-0.07730588277868841,-0.6640538871368112,0.6071753736358708,208.87554028455162,0.5847160151980089,3.666267390267702,1.1472120746488452,0.0740284683776321,0.7792145876688082,0.5227131557720447,179.819621184299,0.43398422287174787,1.2975714754376786,-0.026499838932997174,0.0376524206009825,-2.8181298172266573,0.7234745311588511,0.7229890426362247,0.3659211406151001,125.88108723572529,0.981670931053709,1.5936919503985083,-0.0071423734525321286,-0.034963141740915596,-1.0629985866613365,0.6049563241372351,0.6049141597078879,1.0338833117929302,355.66774375885063,1.2145397205170094,3.4147978571504543,0.00023391001143424178,0.04971064355206545,-2.091700618056527,1.0168005539469496,1.0168005270420204,-0.05423770971768634,-0.08134040875113674,0.681050482148716,0.7803491490551966,268.44910410172,0.5795700103695156,5.7007958000433785,0.9387494700943803,0.08993790778587775,0.8833737312458394,0.3346550385913581,115.12518279449537,0.9202856875962054,1.3087989195214689,0.06511878869551121,0.12395288302732316,-2.308969207030422,0.5821473140301592,0.5784937671153926,0.918914157764345,316.1174181616099,0.5312069141728015,4.618558082048906,0.047071386670360135,-0.01675873231407035,-1.967309519692371,0.9597551110608457,0.9586001031526885,0.4015301430803244,138.13102527003073,0.4463296338694783,3.254893323776499,-0.00664869441374992,-0.022859809569348098,-1.5866903750333892,0.6336989413102502,0.6336640616922538,346.0
participant_03,stand,participant_03_stand_021,0.06545960036402786,-0.2741685977649416,0.15015437790778693,0.7860787039738892,248.40334240135903,0.8028860649505756,7.46454264147323,1.1977519804606291,0.11493817832850213,0.8866107962200152,0.8934960744876953,282.34756927419505,0.6277287636699385,6.553307091835414,0.009101838825255316,-0.0095828122160958,-3.583584973128554,0.9452930328515577,0.945249212899802,0.7692226312234905,243.07677040571488,1.156476651543356,1.7254326893022898,-0.13769222712949006,-0.1140041181151425,-2.745532851026204,0.8877960242281836,0.8770533799168044,0.5376741079128917,169.90670889955533,0.6854069797495914,3.8327024745964007,-0.03540768511623657,0.0654038745796364,-3.269160966316757,0.734117028870862,0.7332626459277001,3.17029296875,-0.13347377690164866,-0.19459007956549262,-0.6146768560061917,0.256954220781668,81.19834179914794,0.5231387680705777,2.7705130265168685,0.9437223393574542,0.105411046976735,0.5069065207527598,0.14512042102270561,45.8585093967002,0.4101917990695274,0.5071155394507191,-0.02160368622452618,0.0566782219347497,-1.6728057212909118,0.3815588293843996,0.3809467430267722,0.3369182676972986,106.46723208375425,1.0691493267568484,0.9368348391843424,-0.051067900784853605,-0.0217406761749157,-1.1165381416620648,0.5826887661418145,0.5804466105485487,0.6554631248975504,207.12840867242122,0.9365151070784765,2.5095919849169834,0.08360389474994455,0.097354567293975,-1.2890884457473657,0.8139119953133203,0.8096067717710558,-0.18342971014893167,-0.20676986205266817,0.8658569075327365,0.9558299217056235,302.0452610134479,0.38005993249212416,5.900746587232287,0.8187577387501674,0.06961374563756366,0.9776655469564342,0.16615877081826766,52.50669409043051,0.7013106602908382,0.9203455490395648,-0.0020771413134313913,-0.0407955055155551,-1.3255196272062644,0.4076310652223449,0.4076257730054218,0.6104600097048211,192.90728275228864,0.3198536961979481,4.083711883120593,0.12037513044473044,0.0330562279303698,-0.9112656640377576,0.7905379065765329,0.7813194031283371,0.8241096109022065,260.42122858475415,0.718028882479273,4.490360228258386,0.10474387093283578,-0.0110109402630246,-1.2102967715682873,0.9138276037635332,0.9078048308431755,317.0
participant_03,stand,participant_03_stand_022,0.08935240525337244,0.050118542094567446,0.02803117315198461,1.0579805517932563,410.4991668664292,0.8822387143280631,5.314468574695177,1.341041299261757,0.12762208073620038,1.0285818157994318,1.3856760673026454,537.6458671289837,1.0432931083565715,3.435231338028768,-0.15802573871849082,0.0632626122882229,-4.998987398801711,1.1877071193691524,1.1771474280236291,0.5684221903060163,220.54926733153005,0.8751346691074602,2.675828024067334,0.028095139146865136,-0.0048722660777755,-2.504750724439522,0.7544610839199714,0.7539377894136997,0.8755077102133084,339.69923645432834,0.6435743984541422,2.3525072404393343,0.03169983210905605,0.1701399990040032,-3.844649063711589,0.9362225107147608,0.9356856898624176,3.89218505859375,-0.1024775697078788,-0.1981083749049911,-0.6729788855647497,0.3472433269482611,134.7313012234303,0.5914889003643369,2.8041653036106995,0.9619951129591943,0.17326990887607238,0.5892735586705559,0.4429888157875116,171.88079639431294,0.6884666669658279,1.2891198984217629,-0.019700163650250065,-0.0106739018670773,-2.0756650026809065,0.6658655361522762,0.6655740498152791,0.28397558140842966,110.18325372898715,0.5844339520927371,1.813950597356865,-0.014052373979217074,-0.1636721186487113,-0.7413285323825556,0.5330788409071227,0.532893592951191,0.5449065636389909,211.42514388824557,0.8265098308156928,2.0782771611795896,-0.014879442476225527,0.051962045116399,-2.083900044476376,0.7383278143530788,0.7381778672101941,0.2746839707565097,0.030541643422225394,0.5463415132224775,0.3355277505630703,130.18562754603687,0.553818876055157,3.2296227848280195,0.7589755648779053,0.11335777812858794,0.5792475727727051,0.2278138161945217,88.39234482146468,0.7341446298390948,1.880967217009216,0.04871005412461248,0.0389337511170466,-0.9088824315880892,0.47977753758105884,0.4772984560990342,0.454165805083254,176.21749690000792,0.5045493015945488,2.300253889523191,0.04888267927477025,-0.0036340858835194,-1.5624703835712803,0.6756887755589358,0.6739182480711248,0.2242396689767138,87.00556653647516,0.4120392867323644,2.148340018890337,-0.02429367581106959,-0.016374074216068,-1.4693091805831546,0.4741622630082735,0.4735395115264552,389.0
participant_03,stand,participant_03_stand_023,-0.2538827344032323,-0.09218763218651158,-0.3268170511120114,1.9063583175666707,766.3607623705084,1.3088663603829533,8.473049575541305,1.5395297421963414,0.11939457553942405,1.380709353038021,2.3331651832814373,937.9381788404824,1.055588189864321,7.191172002539538,-0.03895922052530189,0.1500333514917428,-6.463578943459027,1.52796695126085,1.5274701906359538,0.8317719838581091,334.3743963525041,0.7802782044948804,3.305449067226094,-0.013269369980184605,-0.0537613573693363,-2.2742223433640003,0.9121118681597011,0.9120153418984295,1.1093304679109206,445.95359396768487,0.7715137624409908,2.9001053960718743,0.023422480221505733,0.1029536380085395,-5.7131496079010695,1.053507987862763,1.0532475814882845,4.03261767578125,-0.24121902877326182,-0.25994011729042493,-0.6432581480014239,0.5691506228817791,228.7999591871458,0.6464457050331889,3.585972144660723,1.1048343136443393,0.2684187318113526,0.7544207200771855,0.4239289828652,170.42050044097587,0.6123087267755365,1.2973921298558486,-0.05719867230129285,0.057402199543294,-2.5110691060806807,0.6536058988245368,0.651098289711469,0.5034029811411632,202.36924446573065,1.0397776838306627,2.1587241812122206,0.05971890143285486,0.0285871593481072,-1.4609922621888538,0.7120177865260884,0.7095089718538894,0.8556276215222262,343.96442174208715,0.9233769173414904,3.1515828226362923,-0.003444220923573056,-0.0205937577385084,-2.1603601664326195,0.9250078292533508,0.9250014170379558,0.14005464341331716,0.2402494190259056,0.7221194725648074,0.8840239026872583,355.3797970582547,0.6036751859137965,6.293104214033809,0.8303600877581481,0.05205076009999929,0.9402254531160377,0.16463273244968868,66.18276595153834,0.6296124982727186,1.656976504154283,0.04211435641504775,0.0470433353883095,-0.764105648777433,0.4079293461690913,0.40574959328345445,0.8503867361409263,341.857572846316,0.38302863899213,4.705901367541414,0.04579936731293674,-0.0146337256663339,-1.838015689510812,0.9233007734141631,0.9221641589982373,0.5530709426334288,222.3358879261201,0.36478825058565423,4.939244142320434,0.03949893343389039,0.041748485423023,-1.5505748508129444,0.7447355962862549,0.7436873957742116,403.0
participant_03,stand,participant_03_stand_024,0.08105472029005953,-0.11224497908059505,-0.029969615090771635,0.8244213837989849,309.9911195247253,1.1608878987102262,4.851971580769661,1.281720528538785,0.09043108484543654,0.9079765326256978,0.7921605096637976,297.8613519169327,0.8799086236358553,3.8888809946239657,-0.007686234735664834,-0.08167563379714396,-3.308674585277124,0.8900671816600191,0.8900339935439531,0.777047037495015,292.178029096155,0.8925877740665458,2.9158074513284293,0.015628767811676825,-0.04445909190123645,-2.376861959719089,0.8816412512344952,0.8815027155346801,0.8836138970996692,332.2482805749685,0.8659132402224281,3.282389608796728,0.11876075206280096,0.050658293434877696,-4.526724634464577,0.9474798221229787,0.9400073920452271,3.781821533203125,0.10837678377944474,-0.13539187473609768,-0.769772411328647,0.4127466637692726,155.1972707685319,0.8639489502197966,2.8080090131274127,0.9739170097145439,0.09849434892209478,0.642453627718976,0.1988892342835282,74.78465219305629,0.33373270669678456,0.7095739835842886,-0.013921896490301074,0.02759759541971975,-1.8031187206198196,0.4461872403883989,0.4459699925819317,0.3436085862767247,129.20047303818504,0.8326660941659474,1.2408477148254935,0.007324945319310389,-0.10591880530197485,-1.1047824000320248,0.5862271241597882,0.5861813595438913,0.8183085122150133,307.6926488275203,0.971518275576399,2.6528010396792485,-0.014394400977743162,0.0021862770254329,-1.971935623834856,0.9047185811038267,0.9046040637842687,-0.060352556501739825,-0.2574059323122511,0.6995418792924417,0.48499779475175303,182.36443779552442,0.42954157561584516,4.4009411074073395,0.7279065522639013,0.08407281905598697,0.6964178305814355,0.1872140687978579,70.39447426446591,0.6038088144038423,1.4929443149091746,0.01654434021065238,0.02242691836758845,-1.2377474841774627,0.43299859583012934,0.4326824110104984,0.6909406633378398,259.8010649823775,0.32139991883665253,4.040461808265036,0.03936615878124202,0.0017715792555814,-1.850694638824996,0.8321600553950121,0.8312284062385259,0.1338134513106253,50.3152680780066,0.34164438709688383,1.5658123354170967,0.03246768368630595,0.0773079849929871,-0.9324013748760928,0.367243246084362,0.3658052095181605,378.0
participant_03,stand,participant_03_stand_025,0.11038232484482216,0.15096970815647998,-0.269896869419312,1.3312624026263937,543.168027006697,1.049827028523775,7.264001428270016,1.3735618740522901,0.16267170897278366,1.153803450604302,1.146039605031349,467.59586695898275,0.9873492468943181,4.252858408275968,-0.07700559586295791,0.0016349584997630501,-3.9456252537568592,1.0732984053028114,1.0705323932657755,0.9634777887917361,393.1084912223931,0.9384581306399069,4.059646453038246,-0.05531134118670004,-0.0886027461959196,-3.563593788997154,0.983126204134346,0.9815690443324586,1.09582734977317,447.10840561054647,0.697378126972113,2.3714969302315523,0.06000562158745236,0.10544526803429895,-5.423337555433819,1.0485361340436803,1.046817725190575,4.1028205566406255,-0.33649688525431887,0.12420032246930873,-0.7904670687613923,0.5714701804038419,233.1655782557389,0.6025696679907488,3.8260553360000475,0.97780532457081,0.12468095222887222,0.7559564672676873,0.24608248215459833,100.40424940306686,0.30562203397761567,0.7831279668010419,0.002159109026949011,0.06452651461569531,-2.249258369712095,0.4960717124634185,0.49606701377394397,0.427427356179392,174.39451184921606,0.9672860349781962,1.3954955819456851,0.010280767423729603,0.0768497899971337,-1.5218489856132686,0.6538601152832406,0.6537792870528952,0.8534772719946094,348.22706141801643,0.7232584205298895,3.511193049821136,-0.02181666573191765,-0.0518525920451033,-2.020694460410168,0.9240959035177397,0.9238383365040712,-0.0667123435986126,-0.012373127607189605,0.8849950449406747,0.9201085087947113,375.4132718830635,0.36236747809027736,7.015969510977604,0.8039116303044783,0.14555377621445847,0.9592228671141609,0.09919863805066834,40.47401926729395,0.49110496177249685,1.1485261537254663,0.04390741649139393,0.025322154002624803,-0.4782360872866997,0.3180039296512184,0.3149581528563252,1.0718725983044808,437.3347783950669,0.56858267363347,6.142057045623376,0.0395797428242055,0.014330010466758799,-2.1277098665512657,1.0360690876319547,1.035312802154248,0.39179096554953463,159.85454213893723,0.5884373826918784,3.429926945392328,0.005079268042995921,0.00020723794846264987,-1.047103196324911,0.6259526855229453,0.6259320774249668,410.0
participant_03,stand,participant_03_stand_026,-0.03907117187633058,0.2346914026746489,0.5461085522476747,0.35618523582059347,5.008854878727097,0.8973268036177693,3.68229767324973,2.947795897621762,1.664527079073611,0.5968125633903776,0.2994639173771147,4.2112113381156755,0.7433379484191533,-0.4530786987870931,-1.5335469730906683,-1.6667396185219288,-2.463409051895141,1.6282598797651027,0.5472329644466922,0.5541568169170716,7.792830237896319,1.1589909527186302,2.690506911954284,1.583016375789096,1.471351486456394,0.3609599486686289,1.7493134833223905,0.7444170987538314,0.9821937171724636,13.812099147737765,1.7589596370577814,-0.0610755232095718,-1.5336767174661157,-1.6778765140861271,-3.271759570711851,1.8260224508121754,0.9910568687882969,0.13942187500000003,-0.9882271084721272,-0.41451177750836715,0.2738908578537939,1.2153758425182965e-14,1.7091222785413543e-13,1.9107422843944732e-07,9.806650199983125,9.806650033226434,9.806649876882494,1.1024408566985788e-07,0.049702525804944477,0.6989417691320315,0.3755690503880378,-2.431499417415261,-2.779607317680816,-2.805008320403099,-3.1539632123708725,2.7885335512253895,0.22294063291590538,0.121978568456623,1.715323618921261,0.5382897884089499,-1.056896094443649,-1.551492667015865,-1.488428731855005,-2.1988088519155977,1.5903169697455366,0.3492543034189028,0.00034627611581338413,0.004869507878625713,0.024229601371288823,-9.225284528517722,-9.266337527172963,-9.268908566188813,-9.292438494858144,9.266356211780861,0.018608495796635045,-0.26586128536240927,0.4638613368711301,-0.02648914772323389,0.03045499208435415,0.42827332618623026,0.2811735115176921,1.5141049600379393,1.2034104229703773,0.9691095392144964,0.17451358710528572,0.08950435700207794,1.258655020341721,0.5012472420930862,1.1865191459655762,0.6304503222306569,0.5179815292358398,0.2559479773044586,0.6978337665969003,0.299172787870284,0.025796589383267066,0.3627645382021932,0.26516540348529816,0.7097247242927551,0.4297227382659912,0.41178098320961,0.1677178889513015,0.4587572573443265,0.16061316690504257,0.06575785944087255,0.9247198983872703,0.34608444571495056,-0.3376675844192505,-0.8458508094151814,-0.848393440246582,-1.2465931177139282,0.8838673267120978,0.2564329531103063,15.0
participant_03,stand,participant_03_stand_027,0.09062999188947032,0.4243348757149556,0.6702263927106923,0.18682058405264113,1.9215888530181104,0.7400072283251209,3.4763569313206104,2.922418221419289,2.1995332164696992,0.43222746795251354,0.0838509961879695,0.871041241397935,0.3956086527235807,-1.1157897435694932,-1.5778716503603383,-1.6203762190148234,-2.0487249656930566,1.604222534812059,0.2895703648303284,0.60120769461839,6.329473660508451,0.9511978413818403,2.425032705619186,1.415006194461572,1.572911434137076,-0.2716401816189289,1.6135210643133882,0.775375840878725,0.5888941517007465,6.072016118206327,0.8498267308041454,-0.3894838862329721,-1.7208935257747768,-1.7046970087334512,-2.9963381169885395,1.8842422027845276,0.7673943912361795,0.10954638671874994,-0.9636462694277351,0.6297266140130059,-0.8138512864875692,1.5468667728900692e-14,1.9977911315674167e-13,1.751371705438487e-07,9.806650280736907,9.80665007445815,9.806649848684215,1.243730988956241e-07,0.01749433714233449,0.18413566731623207,0.19894545922093032,-2.43560933695212,-2.639514525294738,-2.6280310204274953,-2.871863303796947,2.6428263784032886,0.1322661602313097,0.059325586172419086,0.6233343512053569,0.36730573749877493,-1.72266418870911,-2.033271351618444,-1.9719297491736714,-2.5000968605622647,2.047808090492054,0.24356844248058715,0.0005469975582263397,0.00568703098858969,0.025037118361890265,-9.164480807986855,-9.219099166591215,-9.227696850356459,-9.241638281947374,9.219128833084019,0.0233879789256434,-0.28196250001642925,0.6637654939514824,0.4667882749060766,0.010913345852487044,0.11372430856990164,0.1914114458173959,1.3438221586473151,1.1944902945666729,1.0571839214406056,0.10446696057839074,0.13539988077716616,1.4131265010009642,0.6239833980798721,1.1687891483306885,0.5045492400725683,0.39404295384883875,0.1132792606949806,0.6244756331795279,0.3679672278575446,0.012242595508113475,0.12644059269703514,0.12619972974061974,0.4507125914096832,0.2316242841382821,0.24289258569478986,0.064500518143177,0.2566951587207774,0.11064626296497083,0.04716928563535596,0.49140955320880575,0.1647585928440093,-0.4118015468120575,-0.9667931025226911,-1.033765435218811,-1.1832151412963867,0.9908875762268929,0.2171849111594909,12.0
participant_03,stand,participant_03_stand_028,,,,0.0,0.0,0.0,2.38645942413502,2.38645942413502,2.38645942413502,0.0,0.0,0.0,0.0,-2.131930195385217,-2.131930195385217,-2.131930195385217,-2.131930195385217,2.131930195385217,0.0,0.0,0.0,0.0,0.1019242509484291,0.1019242509484291,0.1019242509484291,0.1019242509484291,0.1019242509484291,0.0,0.0,0.0,0.0,-1.0675549972325562,-1.0675549972325562,-1.0675549972325562,-1.0675549972325562,1.0675549972325562,0.0,0.0,,,,0.0,0.0,0.0,9.806649856169486,9.806649856169486,9.806649856169486,0.0,0.0,0.0,0.0,-2.240330802740901,-2.240330802740901,-2.240330802740901,-2.240330802740901,2.240330802740901,0.0,0.0,0.0,0.0,-2.36130243011713,-2.36130243011713,-2.36130243011713,-2.36130243011713,2.36130243011713,0.0,0.0,0.0,0.0,-9.250705385500192,-9.250705385500192,-9.250705385500192,-9.250705385500192,9.250705385500192,0.0,,,,0.0,0.0,0.0,1.067957826618659,1.067957826618659,1.067957826618659,0.0,0.0,0.0,0.0,0.8292145729064941,0.8292145729064941,0.8292145729064941,0.8292145729064941,0.8292145729064941,0.0,0.0,0.0,0.0,0.3502014577388763,0.3502014577388763,0.3502014577388763,0.3502014577388763,0.3502014577388763,0.0,0.0,0.0,0.0,-0.5747138857841492,-0.5747138857841492,-0.5747138857841492,-0.5747138857841492,0.5747138857841492,0.0,1.0
participant_03,stand,participant_03_stand_029,-0.28166417208397415,0.2708461847530707,0.3883978720369655,0.07423711738218768,20.341239137782402,0.4067559060462289,1.2932875742059202,0.46571290927582865,0.038538029425618514,0.27246489201764634,0.08471641462759541,23.2126045514924,0.32324722354621827,0.6301828224253242,-0.018836515618435388,-0.0178979247098017,-0.8057083164089577,0.2916697257999859,0.29106084351488337,0.11837169410539383,32.43427306782756,0.3206266660688205,0.9992408037476528,-0.0019390016841415723,-0.050634482128964,-0.6613040909069006,0.34405734090835055,0.3440518770554723,0.08742530806763343,23.954851168894127,0.3535935316606485,0.6245704479194395,0.01592609178507207,0.0031022923475236,-0.9469053445449536,0.296106312778333,0.29567770979164704,2.728705322265625,0.38907560909494726,-0.009642633678479158,-0.33799691926996295,0.058250287727733364,15.960789889166072,0.3966515689228201,0.9546381286771439,0.6038503829454733,0.09775497237621597,0.24135096380112794,0.040706174481848593,11.153639294165941,0.2884007651913566,0.2976109293297922,-0.019251541117466246,-0.0079823054265905,-0.4620011970483468,0.20267411358445875,0.20175771232309458,0.18527198474307535,50.765195094909686,0.5590465973871301,0.8828144823265596,0.04935264487226437,0.0701956767246515,-0.7337634860895618,0.43325243022857146,0.43043232306958007,0.1940001904908731,53.156755093740145,0.7446944771442492,0.7610442717984877,-0.010045775432770564,-0.049426839817263,-0.8387140085092415,0.44056907301230164,0.4404545271544761,-0.4320170935216767,0.45602212726345465,-0.27150436105296943,0.038905073479493915,10.660131093792492,0.28153699211608063,0.7597682815063814,0.2642242232617834,0.02941134895498547,0.19724369059489308,0.047196952973265226,12.932136118127474,0.23290643043286047,0.4337105296317939,-0.020668248658973605,0.0114988705815636,-0.6259226888942755,0.2182295339221857,0.21724859717214567,0.02952300734649716,8.089410980358148,0.132772462002256,0.4956519481752379,0.01254657175312011,0.0011530387040632,-0.4690808632974502,0.17228007374404436,0.17182260429436275,0.03141251237660904,8.607142204641518,0.16337634118720656,0.5281158366445183,-0.0015646009171322041,-0.0027293670436454,-0.4739641685064064,0.17724265951694285,0.17723575366333125,275.0
participant_03,stand,participant_03_stand_030,-0.747137257660522,-0.2342814826872042,0.2880565703242313,0.29101156028872505,22.71660724612749,0.6352502883781141,2.485912470454269,1.1659133813072142,0.15339176082108155,0.5394548732644141,0.566279379036904,44.19859299592426,1.3395982668106248,1.6838790525262808,0.33595938562725874,0.23511707901761542,-1.074925519569361,0.82410441561003,0.7525153679739065,0.7251217332988811,56.59960686497229,1.3330055042012563,1.6598957977191169,-0.35936635731653777,-0.4962383868943687,-1.8035108211479152,0.9242650659144478,0.8515407995503687,0.08968575638567076,6.999982331986419,0.3418073529319614,1.2278169286993252,0.16512364069535304,0.12009115057672565,-0.3859707731227635,0.3419818315381079,0.29947580267138574,0.7867463378906251,0.7821803702715767,-0.10245822540863617,0.07855481225775333,0.02618883277204339,2.044006819632559,0.2685177811188432,0.7241573030188811,0.5001034064941481,0.22461814505321454,0.16182964120346863,0.03792383698013566,2.9599124358226963,0.31421633902227963,0.3440357650402533,0.08984729383792586,0.15886873911193725,-0.277647462562071,0.21446765068451293,0.19474043488740508,0.08559254147303638,6.680399693724501,0.5730047053594713,0.2051471919923029,-0.2513591071410471,-0.2461516543578221,-0.6526863207086157,0.3857122531315031,0.2925620301287171,0.056033639579374996,4.373358039544414,0.3829856401148969,0.2252678221678097,-0.15965054016133012,-0.13296486559618576,-0.5311040911285408,0.28552046258224556,0.23671425723723316,-0.45482035757962463,0.8049768769973354,-0.4619141977383917,0.0641122605612593,5.003897745073508,0.4371781134512316,1.0140495679916892,0.6440479765301591,0.0753718273488357,0.253203990018442,0.04148363246612521,3.2377482588619633,0.3320411581591177,0.7068622702597736,0.30209761245528755,0.2864455916698273,-0.1413678072894557,0.36434406804188574,0.20367531138094574,0.07445871439660476,5.811515004003127,0.3063481520147888,0.6214292918080259,0.12156965284234071,0.12512056065700985,-0.3951959957313415,0.2987271244611242,0.27287124142460445,0.22649935667564342,17.678163374932264,0.968787604582598,0.8222036366739667,0.17443108998136192,0.09120922953759715,-0.4706289375162297,0.5068782514842488,0.4759194854969099,80.0
participant_03,walk,participant_03_walk_001,-0.05623985788732162,0.0529164514255543,0.3796769143463981,10.696375739400393,16451.072978807235,4.586087798003041,21.592091112761818,4.969106984818585,0.3276421375226678,3.270531415443122,5.55399520393884,8542.059406414628,2.43642284662434,8.813473645340272,-0.01514889856625085,-0.07577371913761824,-6.243188349168715,2.3567402684781813,2.3566915801476527,18.517932926675982,28480.628881432236,3.9537708560398057,9.944490549109036,-0.0033654398503075267,0.15372400803012526,-19.734827829957208,4.30324810496227,4.303246788957843,11.316229362171441,17404.390194577976,4.201725672518732,12.410323189964336,-0.0012875844927403698,-0.3533499632609637,-13.093644384838278,3.3639606151150563,3.3639603686980974,15.440741455078125,-0.1604142089258212,0.3849598236079609,-0.08575173181943607,1.134358512251015,1744.6465560590761,1.8074406641819971,4.7437779057209015,2.118656379140677,0.16792727682937042,1.0650626799634917,0.5469243876583064,841.1712974978769,0.9329194232521262,3.319117422954907,-0.0219290197965097,-0.14671470205283335,-3.048453882804766,0.7398684136841781,0.7395433642852233,0.15961571944725422,245.48940414220252,0.5118687113231191,2.2216941722987285,0.007575066864327921,-0.0406538082394858,-1.2992890832105135,0.3995911674264751,0.39951936054120607,4.914581149623386,7558.6386805193015,3.7984271478507496,3.9649490774076654,0.03746791758714217,-0.3199749979473965,-3.774187968795037,2.217202064420765,2.216885461548112,-0.12891800339128964,-0.3087874961618497,0.12325870502957263,1.098261840629778,1689.1296342010933,1.5087543166094157,9.965248312618442,1.9404279741857071,0.12182223709110031,1.0479798856036207,2.3252409363367357,3576.2265922014617,1.734988658547793,3.709474062665419,-0.005388979446749542,0.22351757857797094,-4.055133727860624,1.524883594716729,1.5248740722881793,1.983724952649837,3050.9741343954565,1.8507047763660625,9.559660693842352,0.014531786962943855,0.13102207325917153,-3.4735492955901366,1.4085226748200308,1.4084477103001862,0.5542676301705689,852.4651007391149,0.8901428276258279,2.482411000335361,0.0069878854647305805,0.13364478338749036,-2.4517616666539017,0.7445243184166902,0.7444915245794064,1540.0
participant_03,walk,participant_03_walk_002,0.04802486610702964,0.06141740934574963,0.34179678045774614,10.709414192025275,15785.683774745932,4.33363315556382,23.593012189624687,5.406725112121154,0.1390400197913178,3.272524131618478,5.943097323137866,8760.129480793918,2.880528212054167,8.152527513855667,0.006562328108410869,0.1178168322900598,-10.243500548118734,2.4378556945168164,2.4378468621178535,21.542232863446856,31753.265835729384,4.535004631432416,10.661229852847224,0.04246136102248857,0.1833532190589272,-22.77716156992064,4.641555324525039,4.641361100307415,12.454898878912049,18358.529385794733,4.856995937267405,12.955341072862732,-0.003941223150146919,-0.6171273785916994,-12.439626920957,3.5291520811877697,3.5291498804828407,14.78872998046875,-0.061387493978566715,0.3950647982626076,-0.27603156033825765,1.0473209513424686,1543.7517918458393,1.6415456482072615,5.310229058318562,2.2200582822424786,0.4409173367359525,1.023386999791608,0.41448779378986506,610.9552888645495,0.7623988961080557,2.132230558325955,-0.024850084393743404,-0.1170458444297039,-2.982636312585044,0.644286675699755,0.6438072644742874,0.23744230024970606,349.99011143683384,0.5353162988439428,2.497668704303916,-0.014866145265278193,-0.0427115876281711,-2.8008422333126624,0.4875072333050602,0.4872805149497629,5.321838239322602,7844.393170342979,4.036443694307431,4.666159595705543,0.03705220053243794,-0.4384271848249601,-3.796388097661485,2.3072085091917676,2.306910973428017,-0.21418132304515003,-0.3065344374404188,0.03889077768142881,1.3645095144829045,2011.2879488122417,1.670599948613926,7.395170360085607,2.1177563864158953,0.10287448931984287,1.168122217271337,2.7487304438796327,4051.6305365620788,1.8811729340501733,5.980646658487188,0.00863921124941653,0.2309487586775592,-5.157642518162602,1.6579520740511908,1.6579295654157424,2.230446293574112,3287.6793478707164,1.8835708153251183,6.375390023780678,-0.0019739489255959836,0.0741126087581074,-3.862862550129937,1.4934691794772574,1.4934678749722445,0.8699411101419232,1282.293785740191,0.962028809469779,4.62368777074866,0.014326431767013497,0.1586056197029969,-3.781343447278981,0.9328163574836679,0.9327063364971437,1475.0
participant_03,walk,participant_03_walk_003,0.0676648631099809,0.041686607203740594,0.3224578480956216,11.318024929219265,15664.299733763639,4.322903866763472,23.36506376880708,5.301013096324433,0.36589123680581964,3.364227241019736,5.957893019996776,8245.7411962403,2.7599646364517287,9.047537801520908,-0.03166230170893586,-0.02090795178854975,-11.082598492388382,2.4410849066237503,2.440879558683053,21.23542828649023,29389.894259180375,4.3196551590398835,10.424972186360735,-0.005388256876032589,-0.0397285632235156,-21.91835592414753,4.608194583543797,4.608191433359755,12.220651009007364,16913.41621575152,4.724449408616883,12.097874956865352,0.06132639290210155,-0.4287840587208138,-13.175436997534842,3.496342651324916,3.495804772725068,13.895942382812501,-0.1723830116417473,0.32546487640982397,-0.2824277679836484,1.0964531288005466,1517.494487970362,1.753293711058428,4.658193021504505,2.177929846086426,0.2922940877659682,1.0471165784193022,0.45435736550826566,628.8320657144722,0.7938780720854395,2.0515888036535745,-0.011624471827964734,-0.10390017805698855,-3.5058690604664005,0.6741605846187871,0.6740603574667966,0.2828435499367898,391.4562931212979,0.5781300928871522,2.450897715231115,-0.006556942587996278,-0.0276726504808921,-1.98909338352882,0.5318707958074893,0.5318303770346235,5.102326778876404,7061.635254932209,3.785275290004016,4.254339506278866,-0.011212810162883353,-0.39541045574208267,-3.8155727152119496,2.2588608868162185,2.2588330568849933,-0.2124951731188403,-0.23044980472391607,0.12642561207609618,1.317675097418773,1823.6682249951682,1.6394052353611048,11.046189470502648,2.0801522794841167,0.1580523831120077,1.1479002994244636,2.577862968417638,3567.7700224732657,1.804879133704723,4.212802828822143,0.006376429165737774,0.19982266165559354,-4.0806140574891545,1.6055851354775752,1.6055724737356574,2.360932425118387,3267.537282441294,1.9252289455078997,10.8334725405794,0.030723223021505666,0.1310952579135021,-4.389406915827999,1.5368397253946868,1.5365325981307352,0.7048227942149822,975.4767988269153,1.0173931548729918,3.719378769137304,-0.010287868049160685,0.0970841009749358,-3.02124555565539,0.8396002825416266,0.8395372500461086,1386.0
participant_03,walk,participant_03_walk_004,-0.06353724299021159,-0.09855765124511522,0.2837750211902434,13.200447868662799,18929.451436174895,4.694945780351988,25.637731119710626,5.687647155736815,0.38134061157986315,3.633242060290341,6.57680236570299,9431.139172364024,2.881776096457448,9.476329599222764,0.017048031560839665,0.0652296938590171,-7.30324224045258,2.5645843719954096,2.5645277081176157,24.702480260642876,35423.37389604619,4.8785315684629325,10.635619116164118,0.008338593356478253,0.2755884597018969,-23.31542788963108,4.970165972357668,4.970158977401314,14.270056037576992,20463.27029525034,4.711443010976742,14.534172296852269,-0.008899740543897711,-0.38003994383253,-12.852322881519603,3.777583254272332,3.7775727706527364,14.386749511718751,-0.12277040067007881,0.002959989337955006,-0.2794181420043115,1.1373614761663782,1630.9771488570407,1.6568869785360179,5.891920678697894,2.335163988354862,0.3251202845079325,1.0664715074329825,0.4883007632715958,700.2236345737828,0.6480358014185423,2.1982327359181832,-0.01756353945854394,0.006579579655743,-4.378208918785599,0.6990058949607705,0.6987852053897505,0.22458654404198242,322.0572605535176,0.5567706680467044,1.6574196181865493,0.01208203854304747,-0.0150063332136593,-2.124820473514897,0.4740596161848614,0.47390562778045,5.876523102664668,8426.938221507415,4.19960394201066,5.291193188161604,0.02207861236242774,-0.4136264270509009,-3.872373205332196,2.4242546416968076,2.424154100436824,-0.3226568430591319,-0.08738784925663834,0.0028190535028254867,1.513417785605954,2170.2421584710455,1.8988978117601796,7.235284398691513,2.337739887173231,0.13948251641942874,1.2302104639475127,3.109289301118955,4458.723023047826,2.09252814304181,4.526246993743716,0.0032361465717216063,0.2380089206396502,-5.456846655636765,1.763320666743173,1.7633176971603715,2.8617902327235907,4103.809186615763,2.1069380395993527,6.745942136458642,0.005406077689556334,0.0966084214158642,-4.750318552830542,1.691691301153841,1.6916826631267434,1.0072240419658844,1444.359977588578,1.020517883328565,4.845373235115169,0.010113928891207394,0.0665431402217422,-4.510432184906974,1.0036564818320561,1.0036055210917707,1435.0
participant_03,walk,participant_03_walk_005,-0.0072805309073294315,-0.002626231312247113,0.33955337987616124,12.52708567864183,17187.227885417444,4.658855691538166,24.489569367368414,5.886936708213297,0.1420072600118053,3.5393623265557075,7.673154791003732,10527.590874684036,3.4051184435712436,9.65149114118606,-0.004658011248254614,0.12987372231411637,-7.121980305052455,2.7700499071447293,2.770045990774112,24.59904152425437,33749.95648011892,4.97045427532894,10.563183057500083,0.02650270627608357,0.1692813170312898,-22.705455012561497,4.959812891399668,4.959742082432752,14.909792355309582,20456.27845807064,4.847986146378247,13.014810557720816,0.019917933492476725,-0.2933514831104667,-12.496928334819552,3.8613713987888025,3.8613200275695334,13.774862060546875,-0.2839759979863838,-0.11475994476032723,-0.21190566983045933,1.128655514784686,1548.5189516183448,1.7543043158548854,4.586588303388331,2.4388475936824263,0.07486626585541666,1.0623820004050737,0.6396033156062962,877.537824447459,0.7942055859241561,2.847904150570824,-0.03094330982439419,-0.0416404115553089,-3.2085245354045457,0.8003504257693531,0.7997520338244201,0.25593779496815083,351.1474056074123,0.5343423017252932,2.3359694655950727,-0.006436393201660785,-0.00404088463074535,-2.069277987462017,0.5059438922702766,0.5059029501477046,6.178872705946666,8477.431437572493,4.625205320311082,4.562740704007566,0.03493376438061681,-0.4327638372629602,-3.95217439830884,2.4859792987554155,2.485733836505161,-0.36130707099166826,-0.030984061251456353,0.07125795779114591,1.4738757570810914,2022.1618255435023,1.7897538038396525,8.767391101510459,2.3111977059602693,0.22201077011904075,1.2140328484357792,3.023722593209487,4148.556197466764,2.0579133013125355,4.476374241985651,-0.0059754212194820635,0.18511304548416435,-4.117709702937461,1.7388957124762365,1.73888544568338,3.056465224144672,4193.479395076281,2.16763892036433,8.751742447829686,0.02373124118907503,0.10462892097701085,-5.191200839972668,1.7484359856606266,1.7482749280775813,0.7347095595034271,1008.0237125770146,1.0557855140951686,3.311207430685273,0.0037866597934583038,0.10240250199211075,-2.7416625291401373,0.8571603690651001,0.8571520048996135,1374.0
participant_03,walk,participant_03_walk_006,-0.04101548084281848,-0.023568677008650778,0.30928151782999924,12.564876007959896,18143.689644896585,4.7737939444295625,25.664697298821885,5.8414793284769075,0.21844890712534848,3.544696885201878,7.416713213805824,10709.73900985955,3.295104766193708,11.391656505262764,0.024189602928844957,0.0744351182375793,-7.304357606599001,2.723471745896344,2.7233643189639216,23.444518877581103,33853.90147258733,4.883955787538789,10.576101358411645,0.03489128260630407,0.3617555622210701,-22.78102998305389,4.842079747296921,4.841954035054557,15.824452538410643,22850.520409069766,4.799434050399235,14.586356808104933,0.01641903449006505,-0.327338262839854,-12.52655577092133,3.9780299298904516,3.9779960455499,14.487372802734376,0.10147240188870177,-0.06394387306594068,-0.28139228125978993,1.1884189335791686,1716.0777619548019,1.8152468014598115,4.544201560914408,2.271144031140859,0.1281939853732995,1.090146289990095,0.4368919021333308,630.8722088187744,0.6189310118640243,3.253771923188483,-0.028220103992621193,-0.038548193709973,-3.133490731031674,0.6615801360399851,0.6609779891443669,0.15562422063018788,224.72148221393365,0.5208890594394687,1.347617140045126,-0.022174416337751,-0.0007942955463961,-1.760122854440147,0.3951150786417899,0.3944923581391506,5.751949315695226,8305.81878969884,4.277608315676126,4.486810178629603,0.027579454271243826,-0.358077805198188,-3.8220871193463135,2.398480757061254,2.3983221876335183,-0.25990110671137306,-0.04863878076126852,0.05355148430714105,1.4309103944834933,2066.235599198752,1.6802335233555223,10.679852841821031,2.306099226597597,0.07027515417118606,1.1962066688007944,3.030955540391127,4376.7018964212875,2.0333611706232197,4.458930763028347,0.019295820017247625,0.2123738411135642,-4.251003140134476,1.7410708971955349,1.7409639687228242,2.9453454282808975,4253.080835329336,2.321500408431345,10.023401742291314,-0.011587092559554596,0.116751978167757,-4.798602964001231,1.7162399858396498,1.7162008706095266,0.7718192230747828,1114.5074918815512,0.9689631700043182,3.2063806979166367,0.019423085918503568,0.1149936626994461,-3.332814908287639,0.8787471077286003,0.8785324257389608,1445.0
participant_03,walk,participant_03_walk_007,0.38128025771527674,0.3352878520613223,0.40101093681370387,10.137188229489363,14678.682992663493,4.202650503512275,23.105132609701624,5.492792594553368,0.36007795313351215,3.183895134813545,9.931557448598198,14380.922764068942,3.9678077116561172,14.788387800918567,-0.0018445765303391705,0.19541010210845694,-10.749007303050274,3.151437902142572,3.1514373623155194,18.281055239315116,26471.018348137353,4.538262002537111,12.783140819886295,0.01738378489998237,0.4317143481362588,-21.738654405732994,4.275670407701296,4.275635068538371,12.094606817681402,17513.024182869445,5.37513277427823,10.036199978400669,0.020823357917100525,-0.28193305604773317,-11.69531888101693,3.477792465043932,3.4777301243313006,14.5390966796875,-0.3836078851583806,0.2747909303404013,-0.5090011576673198,1.2327573923603004,1785.0361651247931,1.8556486915450914,4.675145652460631,2.273642280604689,0.13885803796185017,1.1102960831959645,0.5665016923943262,820.2960422372707,0.9031813997772385,2.0127311119757487,-0.0365536616946194,-0.107601715202115,-2.7613185996273204,0.7535501725682311,0.7526630669790608,0.20502260732189864,296.8733036805851,0.5398446529461564,1.8667405024877763,-0.016483878585531204,-0.09228829888799209,-1.737779755440925,0.4530941685512198,0.4527942218291866,5.6271006021239,8148.057231653282,4.2052260666175885,4.5743067383152445,0.04442771924103185,-0.4843527303327111,-3.853489575214789,2.372567053712257,2.372151049601163,-0.30949754217927156,-0.24759661690146448,0.20197367573205136,1.2124518517602594,1755.634291047668,1.6893037765843184,7.385572344968866,2.059709771970679,0.1285708215732311,1.1011139140707737,2.193181333811771,3175.7326948828713,1.5158881204041479,3.787512648961981,0.021006898940223093,0.14945541648440014,-4.175152166690752,1.481088324042444,1.48093934170572,2.54834032743703,3690.0038481623137,2.164147648115267,6.477917318907973,0.008876233727829788,-0.1679900878207266,-3.775037735120492,1.5963768712187674,1.596352194046486,0.7126240314399197,1031.8816224073014,0.9989600191336985,3.005558957786364,0.013799510671356643,0.1432872740011028,-4.056507084362639,0.8442833990637791,0.8441706174938333,1450.0
participant_03,walk,participant_03_walk_008,-0.15326798642495332,-0.023548671627845418,0.33989892498329827,11.781555983019258,18261.419364888607,4.845192903695595,24.99279092707298,5.366506105504954,0.2021614079684711,3.4324271271243703,7.290865710280628,11300.846548657724,2.6998362519427888,10.486528977828796,0.006767790847377716,-0.1267112074091299,-7.423965619911183,2.7001687934782117,2.7001603119593898,20.79202627477225,32227.654122821135,4.673091478774511,11.046687148544036,0.02437671373122034,0.0027934674605257,-22.883864753759795,4.559892597303645,4.559827439144189,12.497329100333257,19370.86815791932,4.195047804386848,14.046633712156089,-0.009091253477335541,-0.3207707984417256,-11.50020223383988,3.5351678533307367,3.5351561635001723,15.551427978515624,0.3386414949987048,0.3132816129614772,-0.04441360258203823,1.273240274305578,1973.5232455604203,1.7260626450967123,6.235146389517657,2.1260878657572975,0.11663799189930231,1.1283794903779394,0.7371341392592468,1142.558390809396,1.055786225669193,2.659037267617245,-0.03774883377686566,-0.0504024937691117,-3.396675478570443,0.8593946204804637,0.8585651630827137,0.13920672938595316,215.77052024328492,0.4736019544015771,1.312927098355461,-0.006565456002651865,-0.0561703461549959,-1.6804571800801822,0.3731619415193301,0.3731041803383516,4.913211288878852,7615.480663491143,3.6575638690669345,5.796637642559048,0.049695573624922745,-0.2065228335078451,-3.742410787567031,2.217133495962018,2.216576479366063,-0.19745252440541586,-0.38267045073792966,0.007439283238693852,1.505395950984596,2333.3646939977416,1.7373027789804298,9.199661318887458,2.0756170295667795,0.1757140676213844,1.2269457815994136,2.528968570063823,3919.9029130889835,1.774512394569818,3.813721184968655,-0.010309492809629993,0.1786458364749696,-4.686774871392718,1.590306528850905,1.5902731117842064,2.5674452248343735,3979.5417527749964,1.7271831805553093,8.783239341826425,-0.01842371289385021,0.0302009975999574,-5.1563527832635465,1.6024308590485796,1.6023249435849065,0.7165396682422114,1110.636947463358,0.9211041525275209,4.155287344424635,0.013521184601316849,0.1144473476275688,-3.2608653609988583,0.8465946436608458,0.8464866615855275,1551.0
participant_03,walk,participant_03_walk_009,-0.09944424373620406,-0.03192093397741279,0.3286737608632172,10.753986772512198,15335.192668405456,4.3956835290608955,25.218112588290893,5.673698882767444,0.3352216678446709,3.2793271829008153,6.548192098788684,9337.726518441359,2.981558193398448,9.15191361847512,-0.01706305346486055,-0.0037744856734108,-6.257526514559323,2.5590004389570216,2.558943551309541,21.748495800185545,31013.37024110366,4.833067785660525,9.95945654206476,0.01631458980946506,0.1616927036699103,-23.87443407392656,4.663556793481366,4.66352825660846,14.647337474135176,20887.113495355887,5.115390591851227,13.110253235072658,-0.016220298552636493,-0.4180670767250866,-13.052664661714468,3.8272183857496707,3.8271840136234863,14.307482421875,0.0923011135676646,0.005432817043047996,-0.2889306038691759,1.2657599007536724,1804.9745048612222,1.6705945116437557,5.910960522958885,2.2931514960224546,0.15234756886041093,1.1250599542929578,0.6255879460893117,892.0888492101552,0.6599708424702472,2.2544087539480686,-0.057253266430647994,-0.0726808168558564,-4.836880595729599,0.7930106446992312,0.7909411773888825,0.1543008856019157,220.03317092217333,0.5080584149194609,1.7577417360236172,-0.009718350267865952,-0.0202501112476375,-1.5824309732410768,0.3929317140850871,0.39281151409030224,5.739349837744874,8184.316887776739,4.170284715358948,5.805368202036694,0.04114161127962563,-0.3745024713849846,-3.8787267821543967,2.3960472595346607,2.3956940200586705,-0.2719604631105437,-0.19242438167707993,0.06429265362531075,1.7161025499160036,2447.1634379327074,1.8133417287651827,12.47597607969933,2.3318348882108437,0.17206417502105167,1.3100009732500215,3.0504428868245403,4349.933692776282,2.1095378877614888,4.213332638428633,-0.009457914914892408,0.2238923612750049,-4.58788577714561,1.7465773212140017,1.7465517131835921,3.3068910054907223,4715.628889579775,2.197861375627877,12.402877786092857,-0.00224031263569704,0.1287073281910982,-5.859694980549349,1.8184872901649405,1.8184859101710749,0.795875679132174,1134.9192757783899,0.9596141317050999,3.7635710218408582,0.015888775616844843,0.111718942885506,-4.665661299234494,0.8922601259289671,0.8921186463314025,1427.0
participant_03,walk,participant_03_walk_010,0.0031706532911591474,-0.00918966187667907,0.2963529419755943,12.482999329106581,18300.08551987578,4.517253711105656,25.50102197501284,5.790108618915096,0.3586660074773445,3.533128829961707,6.14677239162927,9011.172513303165,2.7063171699447297,8.896673998311599,-0.016805105378957352,0.0766755809894325,-9.417230654078818,2.47932547342943,2.4792685194688513,25.791026399184172,37809.662270023066,5.132606778715186,10.92219519015014,0.031910840396032925,0.2396074032662474,-24.44874682968976,5.078586880316114,5.078486624889758,14.06912299973198,20625.343901478336,5.062406660417064,14.3804613874996,0.011603624194801555,-0.3684580313923905,-12.232743579865414,3.7509009109581175,3.750882962681185,14.708946533203125,-0.02416844689576113,0.10298929743463965,-0.26011518152243035,1.1428405786792593,1675.4050668455507,1.6557156417272605,4.597046211745351,2.2657653501908945,0.2550412678603767,1.0690372204368093,0.4101684615215144,601.3072439968489,0.6085546831281686,2.229899831494562,-0.038813339088330366,-0.0541728295887329,-2.7167993030371744,0.6416189966114626,0.6404439565813034,0.2311628350891692,338.88487370859343,0.5179633561874475,3.16812541823889,-0.012984535491711349,-0.0062195329456178,-2.159479500877948,0.4809692643517928,0.4807939632411884,5.632552130009444,8257.325259482217,4.213599330600873,4.523542475299869,0.031220197495793064,-0.3585190037883155,-3.843950660584582,2.373505178157638,2.373299839887376,-0.2708902141871934,-0.061837037305250586,0.03125868811361648,1.2201306049028846,1788.7122979392673,1.6022549755128916,8.333022858521591,2.245594833559354,0.1878600928990325,1.1045952221981066,2.9076819626271284,4262.663737921154,2.0486845675484386,6.84514568251238,0.02513668092692407,0.2005771918645893,-4.214008765498672,1.7053779098355737,1.7051926467784009,2.5530326882171654,3742.7476600494488,2.313513543273713,4.702856192998166,-0.011394319372630492,0.1652908352033291,-5.493333663615123,1.5978618584630935,1.597821231620473,0.8012079565756711,1174.5714101219205,0.981588088567545,3.981623748021729,0.011936111150497938,0.1466799670388745,-3.2459336804277594,0.8951817845136641,0.8951022045418451,1467.0
participant_03,walk,participant_03_walk_011,-0.08326816739653903,0.014865557778801093,0.2924116056041428,11.699379392531284,17455.481884566572,4.666077001513532,21.895816029327687,5.589364638806499,0.3411801192564322,3.42043555596817,6.456028299155406,9632.398543643949,2.6964448926110633,9.8105145808958,-0.01127933606457489,-0.0191662907497799,-6.328895709473377,2.540896598167164,2.5408715629002985,22.59427182723114,33710.66868957012,4.984817511290871,11.061642071493385,0.04409162289204875,0.1671905083082975,-20.793486208505797,4.75354771706779,4.753343226323041,13.887585912761116,20720.287477412487,4.690920524626032,14.222813973301582,-0.020472525315679124,-0.5319972136654065,-12.801090591940646,3.7266613794459404,3.7266051458077922,14.9698125,0.2853135840223074,0.31195219399950713,-0.24511149140690902,1.139104156792646,1699.5441643872093,1.7405538536429805,5.737551817751235,2.2704036401108394,0.34616139295091786,1.0672882257350382,0.6541205586045263,975.9483112696522,0.9450613807035161,2.2327670516580747,-0.03564897504840694,-0.1007046392435833,-3.138489342582816,0.8095624793840981,0.8087771996072382,0.2183896472944489,325.8374999411272,0.5561849657953298,1.920572477224608,-0.023260773582622858,-0.0291086936843971,-2.2618890952278856,0.46790032152383804,0.4673217813182357,5.418596987560747,8084.550332346246,4.0233122465043785,5.6635247067010335,0.03029421317361307,-0.4243230624052652,-4.1996404012142845,2.3279851217120258,2.3277880031396214,-0.19163608007421282,-0.2496807986024372,0.01911843720376239,1.5801434264247318,2357.5750498852885,1.6554121994899824,9.142732219712096,2.199100262599497,0.08880022248149647,1.2570375596714412,2.8019711746670586,4180.542868085965,1.9608670443386012,4.063198385108274,0.028649682724727857,0.1757252742642685,-4.441257924555607,1.674154108493984,1.6739089505307805,2.71695167230403,4053.6937136530296,1.9618823598241661,8.83350654820767,4.546770362075652e-05,0.1685591912088195,-5.5634240050122505,1.6483178317215836,1.648317831094486,0.8962425109019154,1337.1944261602434,0.9982095362721115,4.431606431675323,0.014114784070778813,0.1948214177642722,-5.638745436162934,0.9468060720291565,0.9467008560796358,1493.0
participant_03,walk,participant_03_walk_012,0.038292741572191244,-0.02758096678415262,0.34189023594847856,13.32147259228148,18996.51788100691,4.62432209378783,26.933551638687437,5.877595682982126,0.12277509450678499,3.6498592565031163,8.141144045472375,11609.294212592731,3.189056167901769,9.588066689170388,-0.036713962867062584,0.1166693236028325,-18.913815723422136,2.85350520597769,2.8532690103585354,25.226331042573793,35972.8187426782,4.812265385832951,10.83896561415381,0.050653784475380915,0.3822313031373097,-25.223285025542072,5.022837529569862,5.022582109092274,14.49503466586306,20669.96001578323,5.0010202129631125,12.586891155654012,0.03435302070139988,-0.3061372405627017,-12.382035182581738,3.8073894988422676,3.807234516793398,14.317345214843751,-0.060791121692540834,-0.052321535671748534,-0.23598528621769424,1.2475309324228787,1778.9829670590589,1.8389653081252921,5.131977325136322,2.3174468166538817,0.2182595031762741,1.1169292423528354,0.6183353847182399,881.7481080809512,0.6935462806905908,2.659001897744945,-0.04655852771438385,-0.0489718785758871,-3.757239500500572,0.7877201795188257,0.7863430451897186,0.3068488055899347,437.5672603103055,0.5181769404059071,2.8450581153078134,-0.027256480155504775,-0.014482095072059002,-2.3862647763083085,0.5546095214656904,0.5539393519059056,5.688877175134829,8112.355147967169,4.107488910534944,4.246135078901502,0.03344701460048604,-0.4521591761363442,-4.540533956159686,2.3853712243423484,2.385136720428166,-0.2882685803730186,-0.025761839757421377,0.038477167733179746,1.552579064893906,2213.9832071471174,1.817308940734732,11.07449900213047,2.2671553727822045,0.13647268542168817,1.246025306682776,2.9374818156289075,4188.857349598118,2.1024368172950654,5.370415234971131,0.03699960751878698,0.22607212317560132,-4.166177798331352,1.7143076697563513,1.7139083451657815,2.896897676123885,4130.984368420884,1.9917433885219609,10.234885926701912,0.0017970355810654896,0.0447125308252085,-4.813156670262755,1.7020284678761295,1.7020275192028727,0.8566353589062725,1221.564464063426,1.1232132824691994,4.853607399703497,0.013619775204904941,0.07528991099292284,-4.078631121509178,0.9256461835836114,0.9255459788180556,1428.0
participant_03,walk,participant_03_walk_013,-0.04411999320379345,-0.08239428026754389,0.2367758488957396,15.243606252256132,23353.280960447475,5.247451574767796,28.25478664740966,5.888992056039361,0.3391038633383214,3.9043061166174113,7.871301817537063,12058.85488266792,2.8957030290956944,9.74930459763482,0.013468367396421925,0.10047954233344769,-13.334925737410996,2.8056163697942362,2.8055840421447122,26.047386400605138,39904.66390130362,4.999570622815902,19.07447262041544,0.03449927957599454,0.1316507722165497,-22.17901659562136,5.103780618413804,5.103664017214019,16.001664792726483,24514.592727002266,4.7069071955267,14.278120106966558,-0.04592472395726918,-0.24700696686444634,-26.2698739016692,4.0004717063112745,4.000208093677938,15.380744873046876,-0.3217680499591423,0.23038574938921444,-0.30228728874279004,1.204543228190545,1845.3634416685982,1.6238323190592536,5.575709573541387,2.233062277573053,0.1688402948500633,1.0975168464267622,0.6067278020698122,929.5085892663957,0.870076611391881,1.5591427368386417,-0.028844942468022664,-0.04480611860451765,-4.165731222651757,0.7794612452045296,0.778927340687058,0.28879190788670606,442.4299821061323,0.5283538588444741,4.035781111070646,0.011024543915100667,0.01070622024860695,-2.319278338861954,0.5375066961957237,0.5373936247172142,5.293974648934696,8110.382960121594,3.8253894802679427,4.875169020509736,0.025737784375545213,-0.36571945225794544,-3.936507379838592,2.3010078405949117,2.300863891875114,-0.20296391132734326,-0.13875002057721555,0.2237595990550954,1.9163772404894344,2935.8997353853906,1.938931037502337,12.484968908576814,2.2432368097597544,0.09700300268188795,1.3843327780882146,2.9474363858605708,4515.480219078396,1.7838091686709503,6.329672514108935,-0.0058426487508386835,0.12948887172545326,-5.283548556179164,1.7168198864193636,1.7168099445950826,3.047520257191335,4668.808974557176,1.938998721810707,10.053462017671404,0.017403586453297242,0.10645307658831629,-11.200578903781816,1.7458015757848235,1.74571482699533,0.952980753010744,1459.969133672418,1.1362494457475372,4.94531861758781,0.014635836909497569,0.0710589993664005,-3.1598616151599983,0.9763170390466334,0.9762073309552352,1534.0
participant_03,walk,participant_03_walk_014,-0.1148314734901404,0.05864214357882937,0.2740901037227291,13.353770047772066,19443.0983485205,4.571655918456864,25.368783656150843,5.688228771914522,0.24017220404391013,3.6542810575778195,7.076836202239639,10303.878364258037,3.0351773123832384,10.196331079491427,-0.013889164130275189,-0.0356946631621677,-6.743591987471171,2.66026861634683,2.6602323586934356,25.418963914007843,37010.02889292704,4.700187540320622,11.51992975809897,0.011357779439143989,0.1569611949709091,-23.955398587300223,5.041735109380661,5.041722316233595,13.210664280443057,19234.73625313736,4.689334309390368,12.385776770804688,-0.0541322887351281,-0.4405519110416721,-11.691080873147714,3.6350508366633276,3.6346477519070617,14.608117431640624,0.18738806069621647,0.49195703342384967,-0.11477638206804373,1.175240011867067,1711.150263341558,1.6449825642237006,5.942179350321661,2.264206379399282,0.1748335007975389,1.0840848729998342,0.795501666406623,1158.2509718996116,1.1752670548048445,2.7607444169471687,-0.038885110953263954,-0.1506175776059736,-3.953669655149794,0.8927562479537573,0.8919090011916143,0.23067180536276227,335.8583068192967,0.5457729824584556,2.406507980900976,0.006718868068168876,-0.0522980048662273,-2.205350955222317,0.48033004127462164,0.48028304713237824,5.272218971289297,7676.354438259608,3.9689218694182613,5.672998918522892,0.043828099192463124,-0.4440792572174057,-3.7084565669701854,2.2965495582652076,2.2961313053240873,-0.16399784052151062,-0.45566313736281266,0.08905835594638374,1.3962058640097943,2032.8766956154516,1.5634098496211337,7.4331871628778305,2.1778117446608105,0.09802219892552343,1.1816115537729792,2.6997801614296257,3930.8817667426065,1.9654329461554414,3.712808297083696,0.0024948204592298534,0.2290482897366901,-4.710931799007422,1.6431026704252993,1.6431007764071033,2.6302952511419906,3829.711689706121,1.8796234610622409,7.4297551486736895,-0.006095930986397142,0.0654931104855219,-5.253412334990987,1.6218299576455546,1.6218185012947628,0.808848088213906,1177.68337120494,1.1696054784810372,3.09618810321132,0.010147605782657295,0.1475699946478018,-4.080806242573707,0.8994170679484719,0.8993598213250945,1457.0
participant_03,walk,participant_03_walk_015,-0.2476097731314095,-0.04708029401093884,0.2451633665927961,12.725862595875448,18121.63726069396,5.126306174463821,23.843982217734215,5.854224396849814,0.17064032826814016,3.5673327004746063,8.737403616298238,12442.068876820202,3.1774752292378343,11.453063067364212,-0.01993580238097558,-0.3523759855761672,-7.09362418498556,2.9559771738825744,2.955909947257906,23.018521084679932,32778.390166604615,4.965396702207597,12.264625710619724,0.022366782133949475,0.0948281681433104,-21.096957370417066,4.797814227085387,4.797762091296309,15.240296197764636,21702.192473061572,4.366386009899292,14.718881098653467,0.026215961638028713,-0.3381576172176638,-13.214323955531006,3.9039702194572694,3.9038821956822205,14.287292236328124,0.2534871519122446,0.4314356846214123,0.06842815758309123,1.308573591676164,1863.4097122001476,2.0620713388400786,5.312910863291166,2.189052023284072,0.1832300137688137,1.143929015138686,0.8979690821273036,1278.7086026611191,1.1014034479615076,3.197769741194814,-0.03020962013601391,-0.2304939965562691,-3.964917115942221,0.9480937207238881,0.9476123058125109,0.2885990955986488,410.9653145161334,0.5575874172566833,2.097585631530406,-0.023500276095383892,-0.0939202918733595,-1.9185117185927585,0.5377279596368485,0.5372141989920304,4.911487572870751,6993.9617480088855,3.6443067561803053,4.614956455424294,0.03164992256274457,-0.2260029013573108,-4.504183513211049,2.21641360997197,2.216187621315206,-0.06674487031401545,-0.45515891419438853,0.04942063335133478,1.5849214928256417,2256.929317229361,1.7536040849175607,9.610666056034223,2.204680574413695,0.17382728460009172,1.2589366516332907,2.8056522541294964,3995.2507773784764,2.042356547841847,4.283612259274492,0.010837759904804655,0.2325371920493517,-4.169810352422672,1.675043196806951,1.6750081355412865,2.7664224891474287,3939.3875645336598,1.708165833036019,9.48872442013642,-0.00908052295387493,0.0547758341503042,-5.252103434242376,1.6632813787945036,1.6632565914937565,0.8726682095928763,1242.680142429547,1.1136727832134181,3.15370498272769,0.024393897107070836,0.2003031923509675,-3.555476563538286,0.934485565329367,0.9341671208048784,1425.0
participant_03,walk,participant_03_walk_016,-0.11234283562665322,0.006778404316920667,0.31514110252302757,12.169008352928442,17523.40579683173,4.894047018577918,23.53025985191252,5.530110887417584,0.30368227329725495,3.48841057688576,7.738999229802139,11144.180328834222,2.915733310740044,10.552178090918009,-0.05993127744551274,-0.244485131087611,-6.495657198814941,2.7825511653549855,2.781905683124814,23.23317041692998,33455.83011397096,4.892777735898947,10.963588648160195,0.008623639669036178,0.13536379577521918,-21.46063330986476,4.820087632407851,4.820079918106128,11.775220605666624,16956.350513703896,4.106346832451294,12.622813606143238,0.00885451787565294,-0.28728440689960166,-10.512410563239165,3.431515555575034,3.4315041316697585,14.457996582031251,0.09631796004932276,0.560851026342679,-0.0069995067240808334,1.135198135187633,1634.688873881068,1.613255274240538,5.629893345821796,2.1803418755424318,0.2289674196896633,1.0654567730263078,0.983275239901281,1415.9193096123208,1.3264323100394004,2.4836356716777765,-0.0266928570530248,-0.1354948898818919,-3.924385383033024,0.9919615660492771,0.9916023597699236,0.2765745594565985,398.2681832969386,0.5089275822444547,2.5909989373327056,-0.01648843194057145,-0.069741500605198,-1.8931071570814173,0.5261619787142143,0.5259035647878787,4.627432719144678,6663.516149771463,3.6156210175546173,5.249136133125677,0.02866939000839828,-0.24751211826018615,-4.736048474020227,2.151337875153071,2.151146838117909,-0.09526259356192786,-0.446636502611565,0.026879713748241153,1.272864820185034,1832.9289556214528,1.4868031234164445,7.529794545894317,2.087273404304903,0.11986202117854262,1.1282131093836103,2.4437810686624606,3519.051615822024,1.8877635047592178,6.517925426576997,0.03268605271236836,0.2514331280131697,-3.957321611901801,1.5636014347346885,1.5632597572580382,2.3960740292163143,3450.353247029482,1.7139739456241259,7.209494580936937,-0.035180105834800406,0.062352738799235655,-4.6361752945961525,1.5483254402944047,1.547925718248881,0.7869348144246949,1133.188319365411,1.2375156089938621,2.473226362178179,0.021889593684712272,0.1481349717577064,-2.884757916262759,0.8873634930153351,0.887093464311791,1442.0
participant_03,walk,participant_03_walk_017,0.008211808192839714,0.09857375400284457,0.29692047201206084,12.954403219577793,18084.35616091345,4.7716826938825685,24.472553325489542,5.684809035614767,0.2904697719887473,3.599222585445056,7.635666936571115,10659.396505303732,3.2007367384828447,9.989819550997568,-0.011143517648943661,-0.0566513163723481,-7.241140625451395,2.7632935266736878,2.7632710573831,24.23683515390976,33834.639211649985,5.072449310583277,10.922328380961348,-0.0010013878392564027,0.1963705088934049,-22.632301810318875,4.923092133678525,4.923092031834237,13.398734430745867,18704.642849537562,4.552806600410467,13.94087496178414,0.009761608225556362,-0.3272948644952995,-12.222954558382687,3.6604411919522786,3.660428175875859,14.006550048828124,-0.08550705342167522,0.5841123111072454,-0.2288203077028868,1.2752231191654948,1780.2123865317974,1.7940403145030799,5.610946007988331,2.2472905046526677,0.16143932249684873,1.1292577735687697,0.9795701079026443,1367.4805713260168,1.4436425540784448,2.510367830467909,-0.024213016847287317,-0.0984514675833019,-4.075217374952665,0.9900284733721002,0.9897323415462609,0.262739790052276,366.7849348527413,0.5638666484115177,3.050841670868821,0.0030947040570592646,-0.0417704003651309,-2.058278688533829,0.5125908380428554,0.5125814960104159,5.081492238238046,7093.766799410238,3.775613588282264,5.128835265567226,0.03376015249553624,-0.4484189492230024,-4.783768057567453,2.254469335815985,2.254216546438706,-0.09394507301881458,-0.5204588097272254,0.19284275043473634,1.4068850334331873,1964.0125130282609,1.60958197648187,9.025358935232914,2.1653580758755577,0.21925121495939304,1.1861218459471974,2.50847057665886,3501.8267193437923,1.9710119215714181,3.9027579598353785,0.0018551592411383995,0.2701979033737759,-3.9203134021476274,1.5838162829932865,1.583815196498272,2.725918219452835,3805.3837842261287,1.7874713312807353,8.77425812789761,0.013908545605661864,0.0873992636217612,-5.843210974167874,1.651094081842007,1.6510354991498017,0.8609191570178041,1201.8437590188553,1.2032037979961845,2.7739635343791917,0.012481498568360182,0.152795627485505,-3.450396740213904,0.9279412399631326,0.9278572934550895,1397.0
participant_03,walk,participant_03_walk_018,0.0564692256543962,0.05040350911459471,0.2664929795309646,13.813131606234093,21548.494148959253,4.606781431018797,25.64378214002113,5.603414075136989,0.2226286117503463,3.7166021587242954,6.0659633733092955,9462.906745821767,2.83322291857358,10.24520423292623,-0.010603525778155595,0.0231950154332629,-6.267945780105271,2.462940480009256,2.4629176545936926,26.487387925125063,41320.342120549736,4.744626433447668,10.482582083261338,0.023701334503697786,0.2628568911149086,-24.963444011833374,5.146644506703598,5.146589931704785,12.6571212454776,19745.117246095662,4.802822487062249,13.812078872489815,-0.01530267131113388,-0.398389837868806,-13.88014450996338,3.557717725906154,3.557684815364846,15.651558349609376,-0.2461107134604557,0.10114756774328194,-0.15793346206204945,1.2821438171249633,2000.1451755496528,1.7901222147871312,5.588760859014725,2.2552857085707876,0.20087218353358804,1.1323178957894127,0.7595538831299756,1184.9045439528536,0.8059027639015319,2.903399368735778,-0.05319877842145892,-0.1106283283458588,-4.399671844193203,0.8731460319760441,0.8715238855762794,0.3852098319949258,600.9275845252929,0.4855235358856165,3.371108494136001,-0.02476519901215354,-0.0157680739826476,-2.710633471310808,0.6211466389485154,0.6206527467069858,5.21922613260717,8141.996108241153,3.9057468325983447,4.3249355987121305,0.03200268065154198,-0.4063949849206489,-4.082163800166042,2.2847867086833413,2.2845625692038225,-0.31192364188604904,-0.15182805440867106,0.003452622565251765,1.285051582123628,2004.6812908091351,1.6315358179271953,7.632077951676561,2.1670878782274596,0.05731979368344302,1.133601156546529,2.7796887466201143,4336.316224297638,1.9676256766923692,6.536292738973508,0.000440426782676279,0.1607023738197925,-4.547172261984705,1.6672399169273344,1.6672398587546167,2.4431295950899132,3811.2837324437187,2.068285265517262,7.303743190161476,-0.032792253756956755,0.0610781311031026,-5.522161482278279,1.563395320127438,1.563051373144822,0.7574171624760446,1181.5712583647826,1.057482004236261,2.948386266033815,-0.003228624434204773,0.1417840518051803,-3.9562863007937112,0.8703031578086924,0.8702971690612608,1561.0
participant_03,walk,participant_03_walk_019,0.030992935198032458,-0.0024818433091288554,0.3208983298619573,12.29462776705673,17507.558562047387,4.586066441804576,25.14758625512107,5.849424104870476,0.4180479400064561,3.5063695993230275,7.3631321184810865,10485.105300203826,3.1678194926534147,8.740846725845662,0.004826555518895498,-0.0251992495614214,-8.837222598898157,2.7135134814699677,2.7135091889435508,25.471502778517632,36271.437818813014,5.131285729716803,10.353068332033155,0.013474063557076426,0.2567919897845914,-24.217486688789297,5.04694802122098,5.046930035032944,13.675380589972978,19473.751550149984,4.931492588004419,11.75377941778591,0.01303045271200565,-0.485583245640928,-12.7104555461155,3.6980468334880316,3.698023876338953,14.28680810546875,-0.410978601097462,-0.11549971106929235,-0.20979744633768654,1.1327386887096325,1613.0206870694233,1.6397395490344429,5.629725431650991,2.421377748848133,0.031426576458457534,1.0643019725198448,0.7384760331325823,1051.5903890461782,0.7125601948706508,2.400576652936332,-0.04990802743189675,-0.0576840207199802,-3.698306444315018,0.8607943101198596,0.8593462824336777,0.3148286794625772,448.316260332185,0.5279699943266078,3.042293560217129,-0.0017947122556368493,0.0018410639771388,-2.7722928479468485,0.5610988330540866,0.5610959627929765,5.93740497351195,8454.868845959121,4.358486530424732,4.964017317035625,0.051040895614692765,-0.4437780735099214,-3.864815187660364,2.437213602977199,2.4366790871002997,-0.28154462542052,-0.044872832557351784,0.09397977803327681,1.4043262889074992,1999.761620205323,1.7142609398713042,8.92742580069694,2.260622554443743,0.1764237401770155,1.1850427371649932,2.8829615024395543,4105.339201186059,1.9969232784756823,4.721928846784076,0.026355342023352255,0.2110328586063408,-4.107370680307865,1.6981331239018695,1.6979285916785647,2.8209775817900753,4017.0740547142154,2.0871151920505984,8.150995171663128,0.01605190774222154,0.0882210274491129,-5.422084925370847,1.6796533111128142,1.6795766078955956,0.809819328080913,1153.1832910829621,1.0765217042440756,3.879248536359821,0.005471970520573323,0.1245624819313,-4.683068878403706,0.8999162575163819,0.8998996211138846,1425.0
participant_03,walk,participant_03_walk_020,-0.13898001230812848,-0.10158056337743533,0.29217742398095836,14.69201307317819,20363.140704448804,4.948294805758141,27.217964098473622,6.2148253652394425,0.30383259566703347,3.833016184831234,8.58742616442984,11902.178850806215,2.981958071270438,10.838872553406986,-0.01582507073245247,-0.2484335234712236,-9.62042670410509,2.930473783758102,2.9304310543723493,28.63638868644934,39690.05535082274,5.622402542077873,11.627331288445552,0.03667028222994932,0.311647146964232,-25.58244343348693,5.3514234924969415,5.351297850657291,16.090645155847522,22301.645778688493,5.0951625703665675,15.848730694932687,0.0034992017012614772,-0.4068148695189691,-17.752134565981983,4.0113161680750204,4.011314641840942,13.905424804687499,-0.0861442853416844,0.25431408594294075,-0.09840432932203987,1.083603895467347,1501.8757798121921,1.71239354717661,4.791587381318175,2.301439911562538,0.31764915389927134,1.0409629654638761,0.5288013970488282,732.9191172905097,0.8440128464860324,2.247463981529956,-0.03636937693326344,-0.0857508121203286,-3.5261785499667315,0.7280962358283017,0.727187319092425,0.26061891105735974,361.2179984912868,0.5734132678760275,2.834023052633326,0.009162337410577865,-0.0191167843675456,-1.7998657350898573,0.5105906966290955,0.5105084828456425,5.5875836015429154,7744.394897375081,4.218844034734237,4.454594152325353,0.0426494120227761,-0.4228207846364039,-3.799997175934605,2.3641917379706756,2.363807014445747,-0.15666592968497403,-0.18753609819784742,0.08772795843233265,1.3129151115608853,1819.7012905276458,1.6138600528128975,7.702453730818667,2.3035829129086576,0.07755576611820361,1.1458250789544124,3.1024192557420744,4299.955323630889,2.2446001230955206,4.341510013571687,0.01053589111383254,0.2208714623090962,-4.538857813407216,1.761400085370623,1.7613685746436134,2.76907179064633,3837.9354968443076,2.1074154596168237,6.774345732126358,0.0058878801283683965,0.2225356803222723,-5.285336895091821,1.6640632373136353,1.664052820870278,0.7470465841585944,1035.4071038618117,1.0146894313921753,2.975756778159212,0.026945231946565305,0.1683171550397738,-2.682868289852989,0.8647384747328226,0.8643185663623074,1387.0
participant_03,walk,participant_03_walk_021,0.030177824068795572,0.04368002404947743,0.3876488284625626,9.312363580548505,13707.825472475948,4.129412886075908,20.616385665158898,4.778558953922959,0.26808755357018427,3.051616552017718,5.367628962125403,7901.164424351049,2.53999007163073,8.16443841277531,0.006278822974713717,-0.06331890022881925,-7.04630845804509,2.3168229077215527,2.3168143995852155,16.151768997327288,23775.44775013722,3.7355606541972737,10.353202068700456,0.01065042857900425,0.0479194839089062,-19.144217163844523,4.018940460986727,4.018926348830902,10.62735340533843,15643.493039131261,4.073311920623254,10.959787161172931,-0.009221530664279314,-0.27028073346051373,-11.584543919223076,3.2599752210662927,3.259962178513492,14.776704101562501,-0.01568033054695445,0.5956369025660542,-0.26268966050553516,1.1082656619013675,1631.3700743173322,1.6215304023426174,5.340664837885491,2.043127456285407,0.22590680253781487,1.0527419730880723,0.7212575037933646,1061.6930015742053,1.1630449154789164,3.2767713449143545,-0.01510678154687227,-0.12819025104857434,-2.733406716523784,0.8494031543631501,0.8492688053810552,0.18911280443383466,278.3746389417239,0.5201221302059207,1.4782614827450389,0.0021047335336681116,-0.0353857221560559,-2.063991929444019,0.4348761137807897,0.43487102045760034,4.3720277037951965,6435.6370589332,3.316268653219847,4.054503411917833,-0.0021926591838366235,-0.33649742547225675,-3.8522672081389873,2.0909405805879544,2.0909394309245775,-0.08685131340178529,-0.3910964586580619,0.1370536821839817,1.0598429508017273,1560.0918977111812,1.5463026465635303,5.835064046232906,1.9133526075030975,0.18611864392613295,1.029486741440475,2.18761150686133,3220.170132075106,1.5985786110496,3.731656235660867,-0.013716257642395173,0.25769068523563105,-4.4012087304522165,1.4791212399884746,1.4790576414938432,1.7167395741578955,2527.0453152489918,1.5007770305828285,4.629362924807953,-0.0038278792927957882,0.01664995928919245,-4.088042606701234,1.3102496810981392,1.3102440895336622,0.8161961204393854,1201.4429166264263,0.9951770148760566,3.315011347814005,-0.003340897847348825,0.10936189828925465,-4.65657995389299,0.903441908502042,0.9034357312168837,1474.0
participant_03,walk,participant_03_walk_022,0.06834370837648569,0.034667231003808786,0.3125224583614563,13.39672530787138,18943.008833789245,4.620417826596019,25.501152332622212,5.956915526885963,0.41062530383535156,3.660153727355093,7.534654195480732,10654.022382761972,3.0923423434278967,9.593404922894928,-0.0408337624039852,-0.03882205607206705,-10.404261101368416,2.7452361631802824,2.744932457362245,26.787506717537767,37877.610072145064,5.162861699110062,11.260080742157015,0.025559704382643832,0.30050528525114945,-24.76394452047872,5.17572796967015,5.175664857536447,14.557080849049266,20583.7534593271,5.123277001137994,12.034199171105266,-0.002333584902529825,-0.539385004946032,-13.5574072660988,3.8153749874249274,3.8153742737835388,14.19639794921875,-0.1330462785817744,0.17196868558333994,-0.25590669449704107,1.1812269179509696,1670.2585250486193,1.758763284232222,5.488273503172677,2.287247309815117,0.09649668546662762,1.0868426371609505,0.5367516908024387,758.9685960170799,0.8406415472850759,3.777156958233952,-0.022671071150665068,-0.1258255824208706,-2.87195189982318,0.7329840845949911,0.7326333945449379,0.22387191867179015,316.5555245350024,0.5227030884408543,2.4704030337660106,-0.0041796783866347095,-0.03078431394486185,-1.55134814444102,0.47316951337042606,0.4731510527007101,5.650758736677842,7990.188983814924,4.170314089725617,4.116565346915405,0.028519833043924633,-0.3901246127492744,-4.215217490066022,2.377303539213008,2.3771324609028084,-0.25816340782523495,-0.13946820580949845,0.08883517099960798,1.4352928476005549,2029.5088755711095,1.73834850403954,7.643805211328541,2.252751578283962,0.131227845926299,1.1980370810624164,3.01611847250928,4264.800030874109,1.9904426003970221,4.53838052302907,-0.005979113047633777,0.25146222431166965,-4.646696403422389,1.7367078690160056,1.7366975765830042,2.7714495070198177,3918.8375932171484,1.9892344230811427,7.34420162922505,0.012733451988911453,0.03653982316870005,-4.570200879648204,1.6648157999668824,1.6647671029365692,0.7222991455978794,1021.333090615862,1.0657371041457446,2.050727514377122,0.010839988102889333,0.16792178559196302,-3.3505765766351066,0.8499509697270485,0.8498818421391761,1416.0
participant_03,walk,participant_03_walk_023,0.2456450783444197,0.23338814796311944,0.4364111800481042,8.256717295083698,12038.319135372605,3.8246102545891985,21.600910781306798,4.500654978949856,0.13677166830295603,2.8734504163259365,4.852242653598979,7074.5830690470675,2.677571282312022,6.900165928320765,0.012293641263721787,0.09426944453249744,-6.786796383876435,2.202814968901042,2.202780663978822,14.322212291074115,20881.824725421582,3.6037037430638303,10.978132450931914,0.027026364425432135,0.22975138538442186,-19.64674187757682,3.784566384072048,3.7844698824371843,9.33727142027499,13613.767285408594,3.9684429599703925,8.449068778874997,0.0021474850792742666,-0.1827752533799456,-10.980404004307363,3.0556956707053073,3.055694916099281,14.636638916015626,0.03381900676768357,0.22719379026714515,-0.426488518831494,1.1340963168476619,1653.5155347237248,1.7131445462367865,4.308706631188237,2.131890092781927,0.19547090945054274,1.064939583660811,0.4051785827942408,590.751487816273,0.6525694686454244,2.256528448844118,-0.030929585042188786,-0.06614577782294581,-2.7870125285890186,0.6372873935871655,0.6365363954985142,0.1607014254036262,234.30312949148674,0.43378318567643653,1.339217188934559,-0.013253082228233615,-0.00016648088148431435,-1.5556373353046462,0.40109483865062945,0.40087582292229373,5.111309992522932,7452.303987241414,3.8184177244173907,4.29556259099712,0.027007413966628438,-0.29185834356818074,-3.741521025355,2.2609819532521915,2.2608206458104836,-0.409262930194738,-0.18959511455331293,0.21308766124165496,0.8945119764110278,1304.2009208784468,1.4123966204881022,4.291343521926276,1.9196758499883895,0.08897840257306464,0.9457864327695908,2.101400965835492,3063.848363194886,1.6692732268725508,3.748975947720645,0.01073648776317593,0.19980724175791853,-3.850854305111756,1.4496607320352515,1.4496209731634997,1.944029433270564,2834.4002502918024,1.8432803545000704,3.699428591993367,0.004096395396569322,-0.0766955129665973,-4.002045553884897,1.3942905772204763,1.394284559647192,0.5338605993275671,778.3702165830222,0.9108614384151332,2.2108269238220464,0.015629919427700593,0.09972038443249814,-3.2477107657695807,0.7308248037039271,0.730657648510961,1460.0
participant_03,walk,participant_03_walk_024,0.3379140083859256,0.24610304786560647,0.411106669318195,9.782843550884321,14674.271839537905,4.224869888481829,21.646938918866528,5.01270585850919,0.17380170130415656,3.127753754834981,6.686059017388331,10029.092977519926,3.434031558091896,7.17070640236052,0.032899716042600384,-0.0100041557709962,-7.208748811951891,2.585950774609605,2.5857414830930665,17.42307501122358,26134.62411675215,3.483266683697628,8.32969753144096,0.0006853455641724243,0.1446205346894758,-20.76202964890011,4.174095768058289,4.174095711794781,10.799798769140374,16199.70534398937,4.69936080400665,8.860325838087405,-0.006922142021951504,-0.3226178776069405,-11.718501047219927,3.2863120188427857,3.28630472858808,15.048315673828125,-0.3036836751960676,0.3668464795082167,-0.41767597718538285,1.0688387471549856,1603.2588323428295,1.6568751169574794,4.203068218835492,2.1502518909603983,0.2522795741296349,1.0338465781512196,0.44437811842575653,666.5674734962372,0.7472736102602436,2.3103006769947427,-0.03161380619180815,-0.1168749094884027,-2.6313353419755705,0.6673661297726232,0.6666169202966248,0.14075558832660434,211.13347620201594,0.4148951883319574,1.3715771919953328,0.01384411226411397,-0.0228027198824297,-1.260084548176898,0.37542941782841915,0.3751740773649005,5.104061988494716,7656.096380919163,3.800466028692316,4.034097947572137,0.0451126844730246,-0.3770088739573597,-3.823785173760842,2.2596674850063843,2.2592171184936425,-0.33742028042750594,-0.20550853951533737,0.15784174032463474,0.9233110624078957,1384.9672083329235,1.465808919809755,6.21336013582496,1.9719603519642976,0.08619189510592276,0.9608907650757685,2.090912228272477,3136.3697344940874,1.5684281049026623,3.465946515273168,-0.014948960549566882,0.2143339040765959,-3.887750416761754,1.4460759660868405,1.4459986958059392,2.0941754078958095,3141.2645061016424,1.9521322138231216,6.182115910317947,-0.0070918982740903035,-0.2173869506234421,-3.6456584554543183,1.4471439814050775,1.4471266039624209,0.6265104037073769,939.7660226785111,1.096091330866507,2.4466209915111623,0.008178374456249563,0.0987732614596836,-2.600227375284388,0.7915663519352774,0.7915241017855217,1501.0
participant_03,walk,participant_03_walk_025,0.13113347000083975,0.15179600587305475,0.3476339018928456,8.957457704560133,13310.864664037443,4.055252281058173,21.11446280027932,5.128035191038161,0.38970391685834704,2.9929012186438984,5.769964384959715,8574.182576896827,3.130289441566964,7.985404874361972,0.034165431442311184,0.10524013042137725,-8.203019972784242,2.402317976801854,2.402075016513788,17.730413020196803,26347.44136569506,4.037440403643776,10.186431269728777,0.040590223969207535,0.14358590244468045,-19.146326694365143,4.210945331689628,4.210749698117522,11.750678443387553,17461.54058279301,4.966629730457544,10.381727306092335,0.01821904372730437,-0.38268396598195575,-11.457919961263226,3.427974675656442,3.42792625991102,14.918193359375,-0.2822956635417668,0.20495339740856472,-0.3615959529402216,1.041928674849701,1548.3092322828868,1.7121734394389425,5.8534632789126695,2.243108207045805,0.08505760080813446,1.0207490753606887,0.5927789484017788,880.8713853453005,0.7382712977881751,3.2879619625721674,-0.02778844676641106,-0.1532239932789255,-3.575591417401166,0.7704227061655623,0.7699213910535145,0.1145604969596436,170.2372266549091,0.4414914251470756,1.5498709040515313,-0.004159408005776105,-0.03122301509266975,-0.9900325103689116,0.33849342332547927,0.33846786695289643,5.363526128348389,7970.214361084609,4.0517250570416685,5.826531124371159,0.04252095021853515,-0.5352523766844157,-3.687696900433637,2.3163190970925998,2.3159287830907904,-0.31588607723315376,-0.27769394822289173,0.02152328473503004,1.1248181198029752,1671.4827477878891,1.5802272533421418,7.131411186432975,2.040075484338767,0.2126258376529498,1.0605744291670318,2.2690020506653488,3371.7431432051985,1.7249864787985691,4.009510642756841,-0.00884344676883513,0.1851291286596105,-3.599246233671142,1.5063466590450227,1.5063206998064351,2.249647273556487,3342.9821260733065,1.9085529055267436,6.755212637182664,-0.003922357785253279,0.0235064701631956,-4.160579226546429,1.4998875486005885,1.4998824199104699,0.767622089050999,1140.6884898045748,1.0079667479494607,3.690540169077658,0.019002549535438066,0.11184338742485656,-2.986484757479968,0.876346498789061,0.8761404505277673,1488.0
participant_03,walk,participant_03_walk_026,0.1192580456021815,0.08932886201072622,0.37453608369803604,10.871232236119663,16024.203681373878,4.279565505975168,22.35251898757043,5.510485294159948,0.348139390220197,3.2971551731939557,6.265674551545431,9235.608534014922,3.001538606596207,7.304968302960589,-0.0013466632195471445,0.0285562274416489,-6.346602351551086,2.5031333094837875,2.503132947237408,22.104220867669426,32581.636534704132,4.485062689924014,9.571051032853031,0.03571402561411951,0.2657638113282438,-20.533367506915987,4.701648259844094,4.701512614858055,12.864893573308718,18962.861843109607,4.940904578383151,11.838286802345278,0.024781356333903378,-0.4593567276697828,-12.70466491245653,3.586852058411452,3.5867664509009667,14.787948974609375,-0.11002141246904522,0.13575241067534022,-0.41061965012232843,1.1273465628705706,1661.709597456155,1.7389035265700628,4.319321968415535,2.2518509006231646,0.21278692372694202,1.0617657758990777,0.3853094270972914,567.9463565911548,0.6089934036616373,2.9352917643867564,-0.0213708283232108,-0.0381772714891536,-3.0198355598571256,0.6211007481886586,0.6207329756805993,0.23446820134153756,345.6062876312213,0.4837715888153133,2.426333094193159,-0.017941009032767335,-0.011773434675686,-1.7822449464887016,0.4845514226030622,0.48421916664000153,5.576107804326116,8219.18668142751,4.157747638165876,4.240254992660485,0.03892321459807228,-0.4226912930297626,-3.9534641330839095,2.3616991385358053,2.3613783695812316,-0.3565750481821868,-0.182710469346649,0.07874388705236977,1.1281617203092664,1662.9111400730674,1.6430527841407718,5.441770762476728,2.161617611721794,0.18794993232637588,1.0621495752996686,2.6328773135301966,3880.862943935728,1.9561152739824286,4.340965702294934,-0.018174675645800942,0.2090844962740438,-4.069864691235356,1.622716128090501,1.6226143452867032,2.3818614851150675,3510.8654427869033,2.0665737044076575,5.16918630436388,-0.006154791809822942,-0.0298629275031578,-4.236341004640155,1.5433403275289899,1.5433280549238608,0.7850489834725864,1157.1627335145977,0.9912768253761981,4.16671661339437,0.024422063798831162,0.1099161272700679,-3.519204206710957,0.8863664144544178,0.8860298998750473,1475.0
participant_03,walk,participant_03_walk_027,0.2221556293081056,0.284169395029202,0.405862063289429,8.787933752797821,12971.035118338265,4.114346078732625,20.635308955186222,5.112724896144654,0.2993917481090858,2.9644449316520998,6.872231784943572,10143.433070570502,3.399980570213505,7.092287498376605,0.005505182134237172,0.0599296202124496,-13.887249066661834,2.6214999698596033,2.6214941893781822,17.642726733588745,26040.7125312732,4.202371277747664,9.506635625256669,0.019468860882103242,0.3164334103965311,-18.96578686795403,4.200369718266808,4.200324598598154,10.412418951830983,15368.758524629282,4.88157244342065,7.795210176714449,0.010139157632950974,-0.2912318063945294,-11.50140317908398,3.2268439308941623,3.2268280015877795,14.818329101562497,-0.1229106949971884,0.1975013603945274,-0.29390377996137496,0.9879541958553949,1458.2231928352733,1.613903771339157,4.2055009477552705,2.137486684160987,0.1392427472829237,0.9939588501821365,0.4335772093745303,639.9612785966563,0.7513664368371096,2.5365827330227875,-0.02168051645538963,-0.13147622745354648,-2.422257171718263,0.6588226272437087,0.6584657996999771,0.1944962322110818,287.07696649660613,0.3692416971887442,2.332568711312097,-0.010529572888324911,-0.0129917823367637,-1.482745377341842,0.44114295201928855,0.4410172697424465,4.927371973456209,7272.8143516085365,3.7929976113846546,4.099142615301709,0.02787811112901627,-0.41045963807712493,-3.6417437756994935,2.219943504356886,2.219768450414639,-0.35824064055496274,-0.1508600202479049,0.17385338499080671,0.9178663713453756,1354.7732693896917,1.4282952332647232,5.718701909076363,1.9642212067219589,0.1847894516736085,0.9580534282311064,2.1146244667858256,3121.1914790827373,1.7310292996135028,3.684348774286096,0.00496092239167928,0.1589918515375885,-3.647573670787852,1.4541833025918025,1.4541748405146562,2.067963409646845,3052.319581775086,1.9113396286256337,5.553085461745301,0.0025337839610175632,-0.07686501157443876,-3.736409375193306,1.438043750971439,1.438041518749318,0.5929479529249766,875.192795541943,1.0447215669150465,2.737960654875633,0.02155133666061027,0.1383789637376419,-2.4698566471614627,0.7703326638776494,0.7700311376333925,1478.0
participant_03,walk,participant_03_walk_028,-0.042594750196619506,0.09806443231689185,0.3408482861868423,9.608177959812913,14489.138726429632,4.286297107417965,19.955440285702707,5.133379086265722,0.14128202636190268,3.099706108619479,6.011096423038718,9064.737386800942,2.641089334832713,8.943590550339973,0.031438523085851135,-0.023452986140607,-5.8523669195404135,2.4519553021563296,2.4517537443713056,18.119730317469156,27324.565318564877,4.403995269317457,9.74122566236543,0.015615674023317589,0.0215466948695925,-17.988590586290993,4.2567562963768975,4.256727653664156,11.827630092211214,17836.07401192211,4.397111946924073,12.102201714534877,0.00835107149431134,-0.5151605027899483,-12.26501361085208,3.4391423106068637,3.43913217137859,15.129528564453123,0.09544700735588872,0.24147729125030937,-0.07165478146132091,1.2403240136993017,1870.4094340651777,1.690563461314042,5.909181314986118,2.1749141458316625,0.15362153288281277,1.1136983495091037,0.7719243980233333,1164.0625034273967,1.0360060550274692,2.5727434670502163,-0.04551901308243811,-0.1719255752087817,-3.9296956602871767,0.8797706397552333,0.8785922820189882,0.08934165738825744,134.7272785081527,0.42207088115800184,1.1447849942430384,-0.01250831257282328,-0.0125403265649784,-1.230199800560121,0.2991623560404566,0.2989007483902599,5.104258624995034,7697.2253867962345,3.736955901819572,4.917323058997193,0.053126609113790864,-0.3585336689621976,-3.713867944338721,2.259885187701128,2.2592606368002417,-0.021607115490970746,-0.360215145470373,0.02672747077107532,1.4225037418033097,2145.1365846948484,1.4472318839253693,10.647365055964256,2.119351961290587,0.21662069936061104,1.192687612832174,2.3997749913755064,3618.862276249224,1.8794771643387371,4.04490496098772,-0.01959289142758262,0.2499458437842075,-3.9524321646141662,1.5492446136004472,1.549120715559477,2.852874719399686,4302.13696617573,2.0014530555184757,10.595063189587416,-0.05904645356583609,0.1293559524078832,-7.5231562539009795,1.6900772772504777,1.6890455054259745,0.6575084802692018,991.5232236820355,0.9398697938172855,4.851772870009095,0.011310239253785718,0.0908333089337919,-2.8828589949912766,0.8109478415910482,0.8108689661524862,1509.0
participant_03,walk,participant_03_walk_029,0.5500307853329353,0.2990294404769632,0.2716621097972797,12.919507733649853,13591.334393397117,4.447939575227368,27.000232462206917,5.541570745088689,0.17449209377019842,3.5943716743889818,12.940245180400606,13613.150207053905,5.5204075010151685,9.952911571942316,0.060945736602970736,0.1797104188991181,-11.782422382775655,3.597771471787874,3.5972552286987654,23.552701923336127,24777.464769366605,4.666104422371681,9.946507881760414,0.03495585563770308,0.5668388393294181,-23.890097596376908,4.853238489419152,4.85311260155131,7.130630648091774,7501.430207096768,2.9791307219951055,7.612397015178399,9.995356100409555e-05,-0.062528107537118,-7.138390416371523,2.670324073606514,2.670324071735821,10.476410156250001,-0.851993461674665,0.9737456070802093,-0.9178566756302905,1.4980567719243307,1575.9571453706315,2.151678553515323,4.440760991451114,2.3377677839961524,0.16343155903705783,1.2239512947516868,1.631194422800211,1716.0180804086144,2.031820745186627,2.609198936700236,-0.016712855351902967,-0.2834385535779898,-1.794130185723548,1.2772915651229457,1.27718221988885,0.40212326008566024,423.034051131234,1.0905296682910548,1.4477281525069796,0.007745919097329633,-0.1689972094590584,-0.8452167728360431,0.634179201289606,0.6341318948654612,4.9275891538520735,5183.828464984406,4.146139892263323,3.574459447523621,-0.04437148048003025,-0.4222679156026954,-3.722301545550856,2.22026079146844,2.2198173694815693,-0.23984525670998327,-0.8014726484948199,0.4861125770263915,0.9557820241740257,1005.4835962451397,1.4365128502780327,5.1558490202300975,1.911214928605122,0.1093887187544788,0.9776410507819451,2.0776990999737723,2185.741424423927,1.8350124609533616,2.848620905995443,-0.010712801855589585,0.2979072151793331,-3.974005736472797,1.441462404677059,1.4414225959009288,1.2142536331033793,1277.3959740680505,1.5103909501575847,2.9089561588701405,0.005221903800671629,-0.1114918504040006,-3.338370383688773,1.1019441462173492,1.1019317733432408,1.3163409684023761,1384.7919476596494,2.0145860146373784,2.3246878045604897,0.009423036383145622,-0.1467032369658711,-2.696717245937802,1.1473577306215592,1.1473190351433973,1053.0
participant_03,walk,participant_03_walk_030,0.48402100887146404,0.31915659923868206,0.24636222584222772,16.10907977630896,16366.888261477989,4.7818000853064175,28.91062831121381,5.907414811905561,0.3698826440209661,4.013611811860853,12.108319400772805,12302.100350334777,5.319329088302462,9.76577945371657,-0.03883882242338787,-0.39921224592985266,-9.753236682554542,3.479917794273313,3.479701050488792,31.14579354040055,31644.248568171162,5.211392055352171,11.43753856539612,0.07845878983402142,0.7524389490569516,-26.65503814869757,5.581393134523204,5.580841651614974,7.7438180157266565,7867.749644410725,3.1450530075386816,9.66373172006799,0.032161211119936174,-0.012622370255941151,-8.566159463782178,2.78295748426514,2.7827716427559515,10.128120849609374,-0.819521474101274,0.9668831152727533,-0.9043327342584341,1.4935803308695288,1517.4835164709136,2.0723924759013466,4.652015033224315,2.344535039639016,0.07531957294293941,1.2221212422953496,1.5356762403800446,1560.2530894767294,1.9443717152004236,2.6209464130865654,-0.024407305735800293,-0.26766926753531345,-1.783053209283331,1.2394643830918763,1.2392240476927667,0.3421882311946344,347.6645865842706,0.9579047890020367,1.3440254139484666,0.013128167604866011,-0.13136751898606291,-0.8493656406249032,0.585115868849321,0.5849685728264676,5.109533266953722,5191.305860511396,4.041375912335864,3.872137279687943,-0.04752977044243038,-0.46762251604369587,-3.896918295487102,2.2609273199357895,2.2604276734621975,-0.19754049899103812,-0.7605537989388123,0.49365232821983135,1.019856150963107,1036.177906355616,1.4567091604329174,5.069917560904574,2.0242132706284397,0.11826692293547679,1.0098792754399444,2.404106520462602,2442.5816563691515,1.9430066458564892,3.097880988243877,0.026818819712383524,0.2939690943242343,-4.1755712636021896,1.5507500667591045,1.5505181458024289,1.403637260604588,1426.1009688502695,1.649465754104653,3.033383711668703,0.01667144161793499,-0.1994612931221365,-3.308284901603395,1.1848692744645748,1.1847519827392516,1.308323542062556,1329.2618501183924,1.971239938796082,2.416182921445603,-0.01519890671267216,-0.21008871821740793,-2.691172375358344,1.1439206916687086,1.1438197157168415,1018.0
